{
  "type": "FeatureCollection",
  "features": [
    {
      "type": "Feature",
      "geometry": {
        "type": "Point",
        "coordinates": [
          5.669,
          46.278167
        ]
      },
      "properties": {
        "name": "ARBENT",
        "altitude": 534,
        "id": 1014002
      }
    },
    {
      "type": "Feature",
      "geometry": {
        "type": "Point",
        "coordinates": [
          5.106667,
          45.833
        ]
      },
      "properties": {
        "name": "BALAN_AERO",
        "altitude": 196,
        "id": 1027003
      }
    },
    {
      "type": "Feature",
      "geometry": {
        "type": "Point",
        "coordinates": [
          5.688,
          45.769333
        ]
      },
      "properties": {
        "name": "BELLEY",
        "altitude": 330,
        "id": 1034004
      }
    },
    {
      "type": "Feature",
      "geometry": {
        "type": "Point",
        "coordinates": [
          5.487167,
          45.777167
        ]
      },
      "properties": {
        "name": "VERIZIEU",
        "altitude": 281,
        "id": 1064001
      }
    },
    {
      "type": "Feature",
      "geometry": {
        "type": "Point",
        "coordinates": [
          6.080333,
          46.310333
        ]
      },
      "properties": {
        "name": "CESSY",
        "altitude": 507,
        "id": 1071001
      }
    },
    {
      "type": "Feature",
      "geometry": {
        "type": "Point",
        "coordinates": [
          5.287667,
          46.204333
        ]
      },
      "properties": {
        "name": "CEYZERIAT_SAPC",
        "altitude": 260,
        "id": 1072001
      }
    },
    {
      "type": "Feature",
      "geometry": {
        "type": "Point",
        "coordinates": [
          5.329333,
          45.9765
        ]
      },
      "properties": {
        "name": "AMBERIEU",
        "altitude": 250,
        "id": 1089001
      }
    },
    {
      "type": "Feature",
      "geometry": {
        "type": "Point",
        "coordinates": [
          6.139667,
          46.3415
        ]
      },
      "properties": {
        "name": "DIVONNE ZA",
        "altitude": 467,
        "id": 1143002
      }
    },
    {
      "type": "Feature",
      "geometry": {
        "type": "Point",
        "coordinates": [
          5.482,
          46.09
        ]
      },
      "properties": {
        "name": "LA BALME SUR CERDON_SAPC",
        "altitude": 596,
        "id": 1200002
      }
    },
    {
      "type": "Feature",
      "geometry": {
        "type": "Point",
        "coordinates": [
          5.044167,
          46.0385
        ]
      },
      "properties": {
        "name": "MARLIEUX",
        "altitude": 277,
        "id": 1235001
      }
    },
    {
      "type": "Feature",
      "geometry": {
        "type": "Point",
        "coordinates": [
          6.019333,
          46.378833
        ]
      },
      "properties": {
        "name": "MIJOUX",
        "altitude": 1002,
        "id": 1247003
      }
    },
    {
      "type": "Feature",
      "geometry": {
        "type": "Point",
        "coordinates": [
          5.607333,
          46.148167
        ]
      },
      "properties": {
        "name": "NANTUA",
        "altitude": 483,
        "id": 1269001
      }
    },
    {
      "type": "Feature",
      "geometry": {
        "type": "Point",
        "coordinates": [
          5.109833,
          46.403167
        ]
      },
      "properties": {
        "name": "SAINT JULIEN SUR REYSSOUZE",
        "altitude": 189,
        "id": 1367002
      }
    },
    {
      "type": "Feature",
      "geometry": {
        "type": "Point",
        "coordinates": [
          5.461,
          45.950333
        ]
      },
      "properties": {
        "name": "ST RAMBERT CG01",
        "altitude": 296,
        "id": 1384003
      }
    },
    {
      "type": "Feature",
      "geometry": {
        "type": "Point",
        "coordinates": [
          5.624667,
          45.916167
        ]
      },
      "properties": {
        "name": "SUTRIEU",
        "altitude": 878,
        "id": 1414001
      }
    },
    {
      "type": "Feature",
      "geometry": {
        "type": "Point",
        "coordinates": [
          3.610333,
          49.595667
        ]
      },
      "properties": {
        "name": "AULNOIS-SS-LAON",
        "altitude": 78,
        "id": 2037002
      }
    },
    {
      "type": "Feature",
      "geometry": {
        "type": "Point",
        "coordinates": [
          3.732667,
          49.390333
        ]
      },
      "properties": {
        "name": "BEAURIEUX",
        "altitude": 56,
        "id": 2058001
      }
    },
    {
      "type": "Feature",
      "geometry": {
        "type": "Point",
        "coordinates": [
          3.284333,
          49.305
        ]
      },
      "properties": {
        "name": "BERZY-LE-SEC",
        "altitude": 147,
        "id": 2077001
      }
    },
    {
      "type": "Feature",
      "geometry": {
        "type": "Point",
        "coordinates": [
          3.462667,
          49.009667
        ]
      },
      "properties": {
        "name": "BLESMES",
        "altitude": 222,
        "id": 2094001
      }
    },
    {
      "type": "Feature",
      "geometry": {
        "type": "Point",
        "coordinates": [
          3.527,
          49.351333
        ]
      },
      "properties": {
        "name": "BRAINE",
        "altitude": 61,
        "id": 2110002
      }
    },
    {
      "type": "Feature",
      "geometry": {
        "type": "Point",
        "coordinates": [
          3.197833,
          49.633833
        ]
      },
      "properties": {
        "name": "CHAUNY",
        "altitude": 83,
        "id": 2173002
      }
    },
    {
      "type": "Feature",
      "geometry": {
        "type": "Point",
        "coordinates": [
          3.206,
          49.818333
        ]
      },
      "properties": {
        "name": "ST QUENTIN",
        "altitude": 98,
        "id": 2320001
      }
    },
    {
      "type": "Feature",
      "geometry": {
        "type": "Point",
        "coordinates": [
          3.877833,
          49.837333
        ]
      },
      "properties": {
        "name": "FONTAINE-LES-VV",
        "altitude": 186,
        "id": 2321002
      }
    },
    {
      "type": "Feature",
      "geometry": {
        "type": "Point",
        "coordinates": [
          3.781,
          49.599833
        ]
      },
      "properties": {
        "name": "GIZY",
        "altitude": 75,
        "id": 2346001
      }
    },
    {
      "type": "Feature",
      "geometry": {
        "type": "Point",
        "coordinates": [
          4.077167,
          49.922
        ]
      },
      "properties": {
        "name": "HIRSON",
        "altitude": 165,
        "id": 2381001
      }
    },
    {
      "type": "Feature",
      "geometry": {
        "type": "Point",
        "coordinates": [
          3.693167,
          49.485667
        ]
      },
      "properties": {
        "name": "MARTIGNY-COURPI",
        "altitude": 95,
        "id": 2471001
      }
    },
    {
      "type": "Feature",
      "geometry": {
        "type": "Point",
        "coordinates": [
          3.331,
          49.280167
        ]
      },
      "properties": {
        "name": "PARCY-ET-TIGNY",
        "altitude": 148,
        "id": 2585001
      }
    },
    {
      "type": "Feature",
      "geometry": {
        "type": "Point",
        "coordinates": [
          4.0365,
          49.566
        ]
      },
      "properties": {
        "name": "NIZY-LE-COMTE",
        "altitude": 90,
        "id": 2705001
      }
    },
    {
      "type": "Feature",
      "geometry": {
        "type": "Point",
        "coordinates": [
          3.320667,
          49.663833
        ]
      },
      "properties": {
        "name": "TERGNIER",
        "altitude": 59,
        "id": 2738001
      }
    },
    {
      "type": "Feature",
      "geometry": {
        "type": "Point",
        "coordinates": [
          3.0495,
          46.58
        ]
      },
      "properties": {
        "name": "BOURBON_SAPC",
        "altitude": 270,
        "id": 3036002
      }
    },
    {
      "type": "Feature",
      "geometry": {
        "type": "Point",
        "coordinates": [
          3.225667,
          46.275833
        ]
      },
      "properties": {
        "name": "CHAREIL-CINTRAT_SAPC",
        "altitude": 286,
        "id": 3059001
      }
    },
    {
      "type": "Feature",
      "geometry": {
        "type": "Point",
        "coordinates": [
          3.398667,
          46.166667
        ]
      },
      "properties": {
        "name": "VICHY-CHARMEIL",
        "altitude": 249,
        "id": 3060001
      }
    },
    {
      "type": "Feature",
      "geometry": {
        "type": "Point",
        "coordinates": [
          3.233667,
          46.0635
        ]
      },
      "properties": {
        "name": "CHARMES_SAPC",
        "altitude": 330,
        "id": 3061001
      }
    },
    {
      "type": "Feature",
      "geometry": {
        "type": "Point",
        "coordinates": [
          3.549333,
          46.613833
        ]
      },
      "properties": {
        "name": "CHEVAGNES",
        "altitude": 228,
        "id": 3074001
      }
    },
    {
      "type": "Feature",
      "geometry": {
        "type": "Point",
        "coordinates": [
          3.706667,
          46.541667
        ]
      },
      "properties": {
        "name": "DIOU",
        "altitude": 220,
        "id": 3100001
      }
    },
    {
      "type": "Feature",
      "geometry": {
        "type": "Point",
        "coordinates": [
          2.695667,
          46.251667
        ]
      },
      "properties": {
        "name": "DURDAT-LAREQUILLE",
        "altitude": 500,
        "id": 3106002
      }
    },
    {
      "type": "Feature",
      "geometry": {
        "type": "Point",
        "coordinates": [
          2.957667,
          46.191167
        ]
      },
      "properties": {
        "name": "ECHASSIERES_SAPC",
        "altitude": 650,
        "id": 3108001
      }
    },
    {
      "type": "Feature",
      "geometry": {
        "type": "Point",
        "coordinates": [
          3.331,
          46.376833
        ]
      },
      "properties": {
        "name": "FERTE-HAUTERIVE",
        "altitude": 226,
        "id": 3114001
      }
    },
    {
      "type": "Feature",
      "geometry": {
        "type": "Point",
        "coordinates": [
          3.639833,
          45.984667
        ]
      },
      "properties": {
        "name": "LA GUILLERMIE",
        "altitude": 722,
        "id": 3125001
      }
    },
    {
      "type": "Feature",
      "geometry": {
        "type": "Point",
        "coordinates": [
          2.730167,
          46.663333
        ]
      },
      "properties": {
        "name": "ISLE-ET-BARDAIS",
        "altitude": 262,
        "id": 3130002
      }
    },
    {
      "type": "Feature",
      "geometry": {
        "type": "Point",
        "coordinates": [
          2.947667,
          46.718333
        ]
      },
      "properties": {
        "name": "LURCY-LEVIS SA",
        "altitude": 225,
        "id": 3155003
      }
    },
    {
      "type": "Feature",
      "geometry": {
        "type": "Point",
        "coordinates": [
          3.195833,
          46.581667
        ]
      },
      "properties": {
        "name": "MARIGNY",
        "altitude": 249,
        "id": 3162001
      }
    },
    {
      "type": "Feature",
      "geometry": {
        "type": "Point",
        "coordinates": [
          3.423167,
          46.536333
        ]
      },
      "properties": {
        "name": "MONTBEUGNY",
        "altitude": 275,
        "id": 3180001
      }
    },
    {
      "type": "Feature",
      "geometry": {
        "type": "Point",
        "coordinates": [
          2.574667,
          46.355
        ]
      },
      "properties": {
        "name": "MONTLUCON",
        "altitude": 229,
        "id": 3185007
      }
    },
    {
      "type": "Feature",
      "geometry": {
        "type": "Point",
        "coordinates": [
          3.337833,
          46.2835
        ]
      },
      "properties": {
        "name": "PARAY-SOUS-BRIAILLES",
        "altitude": 250,
        "id": 3204001
      }
    },
    {
      "type": "Feature",
      "geometry": {
        "type": "Point",
        "coordinates": [
          3.850167,
          46.365333
        ]
      },
      "properties": {
        "name": "SAINT DIDIER_SAPC",
        "altitude": 293,
        "id": 3226001
      }
    },
    {
      "type": "Feature",
      "geometry": {
        "type": "Point",
        "coordinates": [
          3.685833,
          46.4025
        ]
      },
      "properties": {
        "name": "ST-LEON",
        "altitude": 378,
        "id": 3240001
      }
    },
    {
      "type": "Feature",
      "geometry": {
        "type": "Point",
        "coordinates": [
          3.805167,
          46.0515
        ]
      },
      "properties": {
        "name": "ST-NICOLAS",
        "altitude": 1022,
        "id": 3248001
      }
    },
    {
      "type": "Feature",
      "geometry": {
        "type": "Point",
        "coordinates": [
          2.857,
          46.451333
        ]
      },
      "properties": {
        "name": "TORTEZAIS_SAPC",
        "altitude": 256,
        "id": 3285001
      }
    },
    {
      "type": "Feature",
      "geometry": {
        "type": "Point",
        "coordinates": [
          3.439,
          46.117667
        ]
      },
      "properties": {
        "name": "VICHY-VILLE",
        "altitude": 255,
        "id": 3310001
      }
    },
    {
      "type": "Feature",
      "geometry": {
        "type": "Point",
        "coordinates": [
          3.352833,
          46.579167
        ]
      },
      "properties": {
        "name": "YZEURE",
        "altitude": 242,
        "id": 3321001
      }
    },
    {
      "type": "Feature",
      "geometry": {
        "type": "Point",
        "coordinates": [
          6.625333,
          44.2425
        ]
      },
      "properties": {
        "name": "ALLOS_SAPC",
        "altitude": 1400,
        "id": 4006005
      }
    },
    {
      "type": "Feature",
      "geometry": {
        "type": "Point",
        "coordinates": [
          6.670167,
          44.391167
        ]
      },
      "properties": {
        "name": "BARCELONNETTE",
        "altitude": 1155,
        "id": 4019001
      }
    },
    {
      "type": "Feature",
      "geometry": {
        "type": "Point",
        "coordinates": [
          6.372333,
          43.957167
        ]
      },
      "properties": {
        "name": "BARREME",
        "altitude": 743,
        "id": 4022001
      }
    },
    {
      "type": "Feature",
      "geometry": {
        "type": "Point",
        "coordinates": [
          6.178667,
          44.342667
        ]
      },
      "properties": {
        "name": "BAYONS",
        "altitude": 886,
        "id": 4023001
      }
    },
    {
      "type": "Feature",
      "geometry": {
        "type": "Point",
        "coordinates": [
          6.385167,
          44.209833
        ]
      },
      "properties": {
        "name": "BEAUJEU ST PIERRE",
        "altitude": 960,
        "id": 4024004
      }
    },
    {
      "type": "Feature",
      "geometry": {
        "type": "Point",
        "coordinates": [
          6.508,
          43.849167
        ]
      },
      "properties": {
        "name": "CASTELLANE",
        "altitude": 729,
        "id": 4039001
      }
    },
    {
      "type": "Feature",
      "geometry": {
        "type": "Point",
        "coordinates": [
          5.9795,
          43.938333
        ]
      },
      "properties": {
        "name": "LE CASTELLET",
        "altitude": 473,
        "id": 4041001
      }
    },
    {
      "type": "Feature",
      "geometry": {
        "type": "Point",
        "coordinates": [
          5.989667,
          44.062167
        ]
      },
      "properties": {
        "name": "ST AUBAN",
        "altitude": 458,
        "id": 4049001
      }
    },
    {
      "type": "Feature",
      "geometry": {
        "type": "Point",
        "coordinates": [
          5.767167,
          43.909833
        ]
      },
      "properties": {
        "name": "DAUPHIN",
        "altitude": 427,
        "id": 4068001
      }
    },
    {
      "type": "Feature",
      "geometry": {
        "type": "Point",
        "coordinates": [
          6.186667,
          44.07
        ]
      },
      "properties": {
        "name": "DIGNE LES BAINS",
        "altitude": 554,
        "id": 4070009
      }
    },
    {
      "type": "Feature",
      "geometry": {
        "type": "Point",
        "coordinates": [
          6.725167,
          44.413667
        ]
      },
      "properties": {
        "name": "JAUSIERS-ST ANNE",
        "altitude": 1240,
        "id": 4096002
      }
    },
    {
      "type": "Feature",
      "geometry": {
        "type": "Point",
        "coordinates": [
          6.8,
          44.34
        ]
      },
      "properties": {
        "name": "RESTEFOND-NIVOSE",
        "altitude": 2550,
        "id": 4096401
      }
    },
    {
      "type": "Feature",
      "geometry": {
        "type": "Point",
        "coordinates": [
          6.6295,
          44.031167
        ]
      },
      "properties": {
        "name": "MEAILLES_SAPC",
        "altitude": 1090,
        "id": 4115001
      }
    },
    {
      "type": "Feature",
      "geometry": {
        "type": "Point",
        "coordinates": [
          6.333333,
          44.391833
        ]
      },
      "properties": {
        "name": "MONTCLAR_SAPC",
        "altitude": 1197,
        "id": 4126001
      }
    },
    {
      "type": "Feature",
      "geometry": {
        "type": "Point",
        "coordinates": [
          6.0305,
          44.326667
        ]
      },
      "properties": {
        "name": "LA MOTTE DU CAIRE",
        "altitude": 665,
        "id": 4134002
      }
    },
    {
      "type": "Feature",
      "geometry": {
        "type": "Point",
        "coordinates": [
          6.520167,
          43.977
        ]
      },
      "properties": {
        "name": "LA MURE-ARGENS",
        "altitude": 920,
        "id": 4136001
      }
    },
    {
      "type": "Feature",
      "geometry": {
        "type": "Point",
        "coordinates": [
          6.2005,
          43.900833
        ]
      },
      "properties": {
        "name": "ST JURS",
        "altitude": 867,
        "id": 4184001
      }
    },
    {
      "type": "Feature",
      "geometry": {
        "type": "Point",
        "coordinates": [
          5.916,
          44.2245
        ]
      },
      "properties": {
        "name": "SISTERON",
        "altitude": 500,
        "id": 4209005
      }
    },
    {
      "type": "Feature",
      "geometry": {
        "type": "Point",
        "coordinates": [
          6.1695,
          44.399
        ]
      },
      "properties": {
        "name": "TURRIERS",
        "altitude": 1020,
        "id": 4222001
      }
    },
    {
      "type": "Feature",
      "geometry": {
        "type": "Point",
        "coordinates": [
          6.000833,
          43.8395
        ]
      },
      "properties": {
        "name": "VALENSOLE",
        "altitude": 600,
        "id": 4230001
      }
    },
    {
      "type": "Feature",
      "geometry": {
        "type": "Point",
        "coordinates": [
          6.209833,
          44.6245
        ]
      },
      "properties": {
        "name": "ANCELLE",
        "altitude": 1354,
        "id": 5004001
      }
    },
    {
      "type": "Feature",
      "geometry": {
        "type": "Point",
        "coordinates": [
          6.728,
          44.796
        ]
      },
      "properties": {
        "name": "ARVIEUX",
        "altitude": 1825,
        "id": 5007003
      }
    },
    {
      "type": "Feature",
      "geometry": {
        "type": "Point",
        "coordinates": [
          6.7235,
          44.869333
        ]
      },
      "properties": {
        "name": "CERVIERES",
        "altitude": 1614,
        "id": 5027001
      }
    },
    {
      "type": "Feature",
      "geometry": {
        "type": "Point",
        "coordinates": [
          6.809,
          44.759333
        ]
      },
      "properties": {
        "name": "CHATEAU-VILLE-VIEILLE",
        "altitude": 1355,
        "id": 5038001
      }
    },
    {
      "type": "Feature",
      "geometry": {
        "type": "Point",
        "coordinates": [
          6.636333,
          44.495333
        ]
      },
      "properties": {
        "name": "PARPAILLON-NIVOSE",
        "altitude": 2545,
        "id": 5044400
      }
    },
    {
      "type": "Feature",
      "geometry": {
        "type": "Point",
        "coordinates": [
          6.508667,
          44.571167
        ]
      },
      "properties": {
        "name": "EMBRUN",
        "altitude": 873,
        "id": 5046001
      }
    },
    {
      "type": "Feature",
      "geometry": {
        "type": "Point",
        "coordinates": [
          5.750167,
          44.566667
        ]
      },
      "properties": {
        "name": "LA FAURIE",
        "altitude": 825,
        "id": 5055001
      }
    },
    {
      "type": "Feature",
      "geometry": {
        "type": "Point",
        "coordinates": [
          6.079833,
          44.577667
        ]
      },
      "properties": {
        "name": "GAP",
        "altitude": 885,
        "id": 5061009
      }
    },
    {
      "type": "Feature",
      "geometry": {
        "type": "Point",
        "coordinates": [
          6.265167,
          45.012333
        ]
      },
      "properties": {
        "name": "LA MEIJE-NIVOSE",
        "altitude": 3093,
        "id": 5063402
      }
    },
    {
      "type": "Feature",
      "geometry": {
        "type": "Point",
        "coordinates": [
          5.7945,
          44.319167
        ]
      },
      "properties": {
        "name": "LARAGNE MONTEGLIN",
        "altitude": 565,
        "id": 5070003
      }
    },
    {
      "type": "Feature",
      "geometry": {
        "type": "Point",
        "coordinates": [
          6.976167,
          44.688667
        ]
      },
      "properties": {
        "name": "COL AGNEL-NIVOSE",
        "altitude": 2627,
        "id": 5077402
      }
    },
    {
      "type": "Feature",
      "geometry": {
        "type": "Point",
        "coordinates": [
          6.377167,
          45.056833
        ]
      },
      "properties": {
        "name": "GALIBIER-NIVOSE",
        "altitude": 2559,
        "id": 5079402
      }
    },
    {
      "type": "Feature",
      "geometry": {
        "type": "Point",
        "coordinates": [
          6.122833,
          44.748167
        ]
      },
      "properties": {
        "name": "MOTTE-MOLINES",
        "altitude": 1250,
        "id": 5090002
      }
    },
    {
      "type": "Feature",
      "geometry": {
        "type": "Point",
        "coordinates": [
          6.333667,
          44.719
        ]
      },
      "properties": {
        "name": "ORCIERES-NIVOSE",
        "altitude": 2280,
        "id": 5096404
      }
    },
    {
      "type": "Feature",
      "geometry": {
        "type": "Point",
        "coordinates": [
          6.559333,
          44.508833
        ]
      },
      "properties": {
        "name": "LES ORRES",
        "altitude": 1457,
        "id": 5098001
      }
    },
    {
      "type": "Feature",
      "geometry": {
        "type": "Point",
        "coordinates": [
          6.486667,
          44.866833
        ]
      },
      "properties": {
        "name": "PELVOUX",
        "altitude": 1270,
        "id": 5101001
      }
    },
    {
      "type": "Feature",
      "geometry": {
        "type": "Point",
        "coordinates": [
          6.492667,
          44.828833
        ]
      },
      "properties": {
        "name": "PUY-ST-VINCENT",
        "altitude": 1388,
        "id": 5110001
      }
    },
    {
      "type": "Feature",
      "geometry": {
        "type": "Point",
        "coordinates": [
          6.9845,
          44.765667
        ]
      },
      "properties": {
        "name": "RISTOLAS",
        "altitude": 1670,
        "id": 5120002
      }
    },
    {
      "type": "Feature",
      "geometry": {
        "type": "Point",
        "coordinates": [
          5.462167,
          44.3875
        ]
      },
      "properties": {
        "name": "ROSANS",
        "altitude": 625,
        "id": 5126001
      }
    },
    {
      "type": "Feature",
      "geometry": {
        "type": "Point",
        "coordinates": [
          6.6,
          44.7045
        ]
      },
      "properties": {
        "name": "ST CREPIN",
        "altitude": 906,
        "id": 5136002
      }
    },
    {
      "type": "Feature",
      "geometry": {
        "type": "Point",
        "coordinates": [
          5.880833,
          44.696167
        ]
      },
      "properties": {
        "name": "AGNIERES-EN-DEVOLUY",
        "altitude": 1244,
        "id": 5139006
      }
    },
    {
      "type": "Feature",
      "geometry": {
        "type": "Point",
        "coordinates": [
          6.035,
          44.7825
        ]
      },
      "properties": {
        "name": "ST FIRMIN",
        "altitude": 935,
        "id": 5142001
      }
    },
    {
      "type": "Feature",
      "geometry": {
        "type": "Point",
        "coordinates": [
          6.209833,
          44.670833
        ]
      },
      "properties": {
        "name": "ST JEAN-ST-NICOLAS",
        "altitude": 1210,
        "id": 5145002
      }
    },
    {
      "type": "Feature",
      "geometry": {
        "type": "Point",
        "coordinates": [
          5.8155,
          44.475833
        ]
      },
      "properties": {
        "name": "LE SAIX",
        "altitude": 801,
        "id": 5158001
      }
    },
    {
      "type": "Feature",
      "geometry": {
        "type": "Point",
        "coordinates": [
          6.033333,
          44.452167
        ]
      },
      "properties": {
        "name": "TALLARD",
        "altitude": 593,
        "id": 5170001
      }
    },
    {
      "type": "Feature",
      "geometry": {
        "type": "Point",
        "coordinates": [
          5.840667,
          44.536333
        ]
      },
      "properties": {
        "name": "VEYNES",
        "altitude": 823,
        "id": 5179001
      }
    },
    {
      "type": "Feature",
      "geometry": {
        "type": "Point",
        "coordinates": [
          6.361667,
          45.030833
        ]
      },
      "properties": {
        "name": "VILLAR D'ARENE",
        "altitude": 1665,
        "id": 5181002
      }
    },
    {
      "type": "Feature",
      "geometry": {
        "type": "Point",
        "coordinates": [
          6.146,
          44.826833
        ]
      },
      "properties": {
        "name": "VILLAR LOUBIERE",
        "altitude": 1072,
        "id": 5182001
      }
    },
    {
      "type": "Feature",
      "geometry": {
        "type": "Point",
        "coordinates": [
          6.640333,
          44.880333
        ]
      },
      "properties": {
        "name": "VILLAR ST PANCRACE",
        "altitude": 1310,
        "id": 5183001
      }
    },
    {
      "type": "Feature",
      "geometry": {
        "type": "Point",
        "coordinates": [
          7.133,
          43.564667
        ]
      },
      "properties": {
        "name": "ANTIBES-GAROUPE",
        "altitude": 75,
        "id": 6004002
      }
    },
    {
      "type": "Feature",
      "geometry": {
        "type": "Point",
        "coordinates": [
          7.091167,
          43.579667
        ]
      },
      "properties": {
        "name": "ANTIBES-GOLF",
        "altitude": 13,
        "id": 6004004
      }
    },
    {
      "type": "Feature",
      "geometry": {
        "type": "Point",
        "coordinates": [
          7.111167,
          43.599167
        ]
      },
      "properties": {
        "name": "ANTIBES_SAPC",
        "altitude": 32,
        "id": 6004009
      }
    },
    {
      "type": "Feature",
      "geometry": {
        "type": "Point",
        "coordinates": [
          7.013667,
          43.922
        ]
      },
      "properties": {
        "name": "ASCROS",
        "altitude": 1173,
        "id": 6005001
      }
    },
    {
      "type": "Feature",
      "geometry": {
        "type": "Point",
        "coordinates": [
          6.988,
          44.089833
        ]
      },
      "properties": {
        "name": "BEUIL-OBS",
        "altitude": 1464,
        "id": 6016001
      }
    },
    {
      "type": "Feature",
      "geometry": {
        "type": "Point",
        "coordinates": [
          7.513667,
          43.940167
        ]
      },
      "properties": {
        "name": "BREIL SUR ROYA",
        "altitude": 305,
        "id": 6023004
      }
    },
    {
      "type": "Feature",
      "geometry": {
        "type": "Point",
        "coordinates": [
          6.9505,
          43.5565
        ]
      },
      "properties": {
        "name": "CANNES",
        "altitude": 2,
        "id": 6029001
      }
    },
    {
      "type": "Feature",
      "geometry": {
        "type": "Point",
        "coordinates": [
          7.209167,
          43.786667
        ]
      },
      "properties": {
        "name": "CARROS_SAPC",
        "altitude": 78,
        "id": 6033002
      }
    },
    {
      "type": "Feature",
      "geometry": {
        "type": "Point",
        "coordinates": [
          6.923167,
          43.752333
        ]
      },
      "properties": {
        "name": "CAUSSOLS",
        "altitude": 1268,
        "id": 6037002
      }
    },
    {
      "type": "Feature",
      "geometry": {
        "type": "Point",
        "coordinates": [
          6.996167,
          43.678333
        ]
      },
      "properties": {
        "name": "CHATEAUNEUF GRASSE",
        "altitude": 379,
        "id": 6038001
      }
    },
    {
      "type": "Feature",
      "geometry": {
        "type": "Point",
        "coordinates": [
          7.0485,
          43.792
        ]
      },
      "properties": {
        "name": "COURSEGOULES_SAPC",
        "altitude": 985,
        "id": 6050002
      }
    },
    {
      "type": "Feature",
      "geometry": {
        "type": "Point",
        "coordinates": [
          7.365833,
          43.738833
        ]
      },
      "properties": {
        "name": "EZE",
        "altitude": 704,
        "id": 6059003
      }
    },
    {
      "type": "Feature",
      "geometry": {
        "type": "Point",
        "coordinates": [
          6.852333,
          44.090667
        ]
      },
      "properties": {
        "name": "GUILLAUMES-OBS",
        "altitude": 788,
        "id": 6071001
      }
    },
    {
      "type": "Feature",
      "geometry": {
        "type": "Point",
        "coordinates": [
          7.149,
          44.1895
        ]
      },
      "properties": {
        "name": "ISOLA 2000",
        "altitude": 1912,
        "id": 6073005
      }
    },
    {
      "type": "Feature",
      "geometry": {
        "type": "Point",
        "coordinates": [
          7.307,
          43.972
        ]
      },
      "properties": {
        "name": "LANTOSQUE_SAPC",
        "altitude": 550,
        "id": 6074005
      }
    },
    {
      "type": "Feature",
      "geometry": {
        "type": "Point",
        "coordinates": [
          7.21,
          43.846333
        ]
      },
      "properties": {
        "name": "LEVENS",
        "altitude": 691,
        "id": 6075007
      }
    },
    {
      "type": "Feature",
      "geometry": {
        "type": "Point",
        "coordinates": [
          7.363333,
          43.929167
        ]
      },
      "properties": {
        "name": "PEIRA CAVA",
        "altitude": 1443,
        "id": 6077006
      }
    },
    {
      "type": "Feature",
      "geometry": {
        "type": "Point",
        "coordinates": [
          6.898667,
          43.523667
        ]
      },
      "properties": {
        "name": "MANDELIEU LA NAPOULE_SAPC",
        "altitude": 104,
        "id": 6079002
      }
    },
    {
      "type": "Feature",
      "geometry": {
        "type": "Point",
        "coordinates": [
          6.809333,
          43.813667
        ]
      },
      "properties": {
        "name": "LE MAS",
        "altitude": 1525,
        "id": 6081001
      }
    },
    {
      "type": "Feature",
      "geometry": {
        "type": "Point",
        "coordinates": [
          7.488667,
          43.785833
        ]
      },
      "properties": {
        "name": "MENTON",
        "altitude": 216,
        "id": 6083005
      }
    },
    {
      "type": "Feature",
      "geometry": {
        "type": "Point",
        "coordinates": [
          7.414667,
          43.942
        ]
      },
      "properties": {
        "name": "MOULINET",
        "altitude": 817,
        "id": 6086001
      }
    },
    {
      "type": "Feature",
      "geometry": {
        "type": "Point",
        "coordinates": [
          7.209,
          43.648833
        ]
      },
      "properties": {
        "name": "NICE",
        "altitude": 2,
        "id": 6088001
      }
    },
    {
      "type": "Feature",
      "geometry": {
        "type": "Point",
        "coordinates": [
          7.279167,
          43.738667
        ]
      },
      "properties": {
        "name": "NICE-RIMIEZ",
        "altitude": 238,
        "id": 6088007
      }
    },
    {
      "type": "Feature",
      "geometry": {
        "type": "Point",
        "coordinates": [
          6.936667,
          43.602667
        ]
      },
      "properties": {
        "name": "PEGOMAS",
        "altitude": 109,
        "id": 6090002
      }
    },
    {
      "type": "Feature",
      "geometry": {
        "type": "Point",
        "coordinates": [
          7.428333,
          43.775167
        ]
      },
      "properties": {
        "name": "PEILLE",
        "altitude": 1106,
        "id": 6091003
      }
    },
    {
      "type": "Feature",
      "geometry": {
        "type": "Point",
        "coordinates": [
          6.930833,
          44.099667
        ]
      },
      "properties": {
        "name": "PEONE",
        "altitude": 1784,
        "id": 6094002
      }
    },
    {
      "type": "Feature",
      "geometry": {
        "type": "Point",
        "coordinates": [
          6.892333,
          43.956833
        ]
      },
      "properties": {
        "name": "PUGET THENIERS_SAPC",
        "altitude": 449,
        "id": 6099004
      }
    },
    {
      "type": "Feature",
      "geometry": {
        "type": "Point",
        "coordinates": [
          7.1335,
          44.067167
        ]
      },
      "properties": {
        "name": "RIMPLAS_SAPC",
        "altitude": 1130,
        "id": 6102001
      }
    },
    {
      "type": "Feature",
      "geometry": {
        "type": "Point",
        "coordinates": [
          7.300833,
          44.044333
        ]
      },
      "properties": {
        "name": "BERTHEMONT-LES-BAINS_SAPC",
        "altitude": 938,
        "id": 6103002
      }
    },
    {
      "type": "Feature",
      "geometry": {
        "type": "Point",
        "coordinates": [
          6.809,
          43.678667
        ]
      },
      "properties": {
        "name": "ST CEZAIRE SUR SIAGNE",
        "altitude": 694,
        "id": 6118002
      }
    },
    {
      "type": "Feature",
      "geometry": {
        "type": "Point",
        "coordinates": [
          6.921167,
          44.257667
        ]
      },
      "properties": {
        "name": "ST ETIENNE DE TINEE_SAPC",
        "altitude": 1150,
        "id": 6120004
      }
    },
    {
      "type": "Feature",
      "geometry": {
        "type": "Point",
        "coordinates": [
          6.747,
          44.154667
        ]
      },
      "properties": {
        "name": "ST MARTIN D'ENTRAUNES_SAPC",
        "altitude": 1642,
        "id": 6125001
      }
    },
    {
      "type": "Feature",
      "geometry": {
        "type": "Point",
        "coordinates": [
          7.433667,
          43.862833
        ]
      },
      "properties": {
        "name": "SOSPEL",
        "altitude": 843,
        "id": 6136005
      }
    },
    {
      "type": "Feature",
      "geometry": {
        "type": "Point",
        "coordinates": [
          7.0285,
          43.623167
        ]
      },
      "properties": {
        "name": "VALBONNE-SOPHIA",
        "altitude": 238,
        "id": 6152002
      }
    },
    {
      "type": "Feature",
      "geometry": {
        "type": "Point",
        "coordinates": [
          7.192,
          44.118333
        ]
      },
      "properties": {
        "name": "MILLEFONTS-NIVOSE",
        "altitude": 2430,
        "id": 6153400
      }
    },
    {
      "type": "Feature",
      "geometry": {
        "type": "Point",
        "coordinates": [
          7.595,
          44.086667
        ]
      },
      "properties": {
        "name": "TENDE-OBS",
        "altitude": 792,
        "id": 6163001
      }
    },
    {
      "type": "Feature",
      "geometry": {
        "type": "Point",
        "coordinates": [
          7.586,
          44.043167
        ]
      },
      "properties": {
        "name": "TENDE_SAPC",
        "altitude": 636,
        "id": 6163007
      }
    },
    {
      "type": "Feature",
      "geometry": {
        "type": "Point",
        "coordinates": [
          4.5825,
          44.539833
        ]
      },
      "properties": {
        "name": "ALBA LA ROMAINE",
        "altitude": 223,
        "id": 7005001
      }
    },
    {
      "type": "Feature",
      "geometry": {
        "type": "Point",
        "coordinates": [
          4.6705,
          45.246167
        ]
      },
      "properties": {
        "name": "ANNONAY",
        "altitude": 336,
        "id": 7010001
      }
    },
    {
      "type": "Feature",
      "geometry": {
        "type": "Point",
        "coordinates": [
          4.352167,
          44.719167
        ]
      },
      "properties": {
        "name": "ANTRAIGUES",
        "altitude": 428,
        "id": 7011002
      }
    },
    {
      "type": "Feature",
      "geometry": {
        "type": "Point",
        "coordinates": [
          4.409833,
          44.601667
        ]
      },
      "properties": {
        "name": "AUBENAS SA",
        "altitude": 176,
        "id": 7019005
      }
    },
    {
      "type": "Feature",
      "geometry": {
        "type": "Point",
        "coordinates": [
          4.159833,
          44.666
        ]
      },
      "properties": {
        "name": "BARNAS RAD",
        "altitude": 480,
        "id": 7025001
      }
    },
    {
      "type": "Feature",
      "geometry": {
        "type": "Point",
        "coordinates": [
          4.566333,
          44.628333
        ]
      },
      "properties": {
        "name": "BERZEME RAD",
        "altitude": 650,
        "id": 7032002
      }
    },
    {
      "type": "Feature",
      "geometry": {
        "type": "Point",
        "coordinates": [
          4.298667,
          44.34
        ]
      },
      "properties": {
        "name": "BESSAS",
        "altitude": 251,
        "id": 7033001
      }
    },
    {
      "type": "Feature",
      "geometry": {
        "type": "Point",
        "coordinates": [
          4.4375,
          44.914833
        ]
      },
      "properties": {
        "name": "CHEYLARD SA",
        "altitude": 418,
        "id": 7064001
      }
    },
    {
      "type": "Feature",
      "geometry": {
        "type": "Point",
        "coordinates": [
          4.648333,
          44.6995
        ]
      },
      "properties": {
        "name": "CHOMERAC SA_RCE",
        "altitude": 216,
        "id": 7066001
      }
    },
    {
      "type": "Feature",
      "geometry": {
        "type": "Point",
        "coordinates": [
          4.671167,
          45.0155
        ]
      },
      "properties": {
        "name": "COLOMBIER JEUNE RAD",
        "altitude": 566,
        "id": 7068001
      }
    },
    {
      "type": "Feature",
      "geometry": {
        "type": "Point",
        "coordinates": [
          4.099667,
          44.780167
        ]
      },
      "properties": {
        "name": "CROS GEORAND",
        "altitude": 1021,
        "id": 7075001
      }
    },
    {
      "type": "Feature",
      "geometry": {
        "type": "Point",
        "coordinates": [
          4.524,
          44.839333
        ]
      },
      "properties": {
        "name": "GLUIRAS RAD",
        "altitude": 760,
        "id": 7096001
      }
    },
    {
      "type": "Feature",
      "geometry": {
        "type": "Point",
        "coordinates": [
          4.5655,
          44.429
        ]
      },
      "properties": {
        "name": "GRAS",
        "altitude": 341,
        "id": 7099001
      }
    },
    {
      "type": "Feature",
      "geometry": {
        "type": "Point",
        "coordinates": [
          4.300833,
          44.411333
        ]
      },
      "properties": {
        "name": "GROSPIERRES",
        "altitude": 127,
        "id": 7101001
      }
    },
    {
      "type": "Feature",
      "geometry": {
        "type": "Point",
        "coordinates": [
          3.981667,
          44.773167
        ]
      },
      "properties": {
        "name": "ISSANLAS",
        "altitude": 1215,
        "id": 7105001
      }
    },
    {
      "type": "Feature",
      "geometry": {
        "type": "Point",
        "coordinates": [
          3.975333,
          44.7555
        ]
      },
      "properties": {
        "name": "ISSANLAS_SAPC",
        "altitude": 1264,
        "id": 7105003
      }
    },
    {
      "type": "Feature",
      "geometry": {
        "type": "Point",
        "coordinates": [
          4.208333,
          44.480833
        ]
      },
      "properties": {
        "name": "LABLACHERE",
        "altitude": 295,
        "id": 7117002
      }
    },
    {
      "type": "Feature",
      "geometry": {
        "type": "Point",
        "coordinates": [
          4.535,
          45.117833
        ]
      },
      "properties": {
        "name": "LALOUVESC",
        "altitude": 1090,
        "id": 7128001
      }
    },
    {
      "type": "Feature",
      "geometry": {
        "type": "Point",
        "coordinates": [
          4.368167,
          44.537167
        ]
      },
      "properties": {
        "name": "LANAS SYN",
        "altitude": 265,
        "id": 7131001
      }
    },
    {
      "type": "Feature",
      "geometry": {
        "type": "Point",
        "coordinates": [
          4.113,
          44.667167
        ]
      },
      "properties": {
        "name": "MAYRES",
        "altitude": 579,
        "id": 7153001
      }
    },
    {
      "type": "Feature",
      "geometry": {
        "type": "Point",
        "coordinates": [
          4.083833,
          44.733833
        ]
      },
      "properties": {
        "name": "MAZAN ABBAYE RAD",
        "altitude": 1240,
        "id": 7154005
      }
    },
    {
      "type": "Feature",
      "geometry": {
        "type": "Point",
        "coordinates": [
          4.497333,
          44.5815
        ]
      },
      "properties": {
        "name": "MIRABEL SA",
        "altitude": 275,
        "id": 7159001
      }
    },
    {
      "type": "Feature",
      "geometry": {
        "type": "Point",
        "coordinates": [
          4.207,
          44.715667
        ]
      },
      "properties": {
        "name": "MONTPEZAT SA",
        "altitude": 602,
        "id": 7161001
      }
    },
    {
      "type": "Feature",
      "geometry": {
        "type": "Point",
        "coordinates": [
          4.421667,
          44.288333
        ]
      },
      "properties": {
        "name": "ORGNAC AVEN",
        "altitude": 230,
        "id": 7168001
      }
    },
    {
      "type": "Feature",
      "geometry": {
        "type": "Point",
        "coordinates": [
          4.705833,
          45.286167
        ]
      },
      "properties": {
        "name": "PEAUGRES RAD",
        "altitude": 480,
        "id": 7172002
      }
    },
    {
      "type": "Feature",
      "geometry": {
        "type": "Point",
        "coordinates": [
          4.241333,
          44.606333
        ]
      },
      "properties": {
        "name": "CROIX MILLET",
        "altitude": 779,
        "id": 7187001
      }
    },
    {
      "type": "Feature",
      "geometry": {
        "type": "Point",
        "coordinates": [
          4.0725,
          44.533
        ]
      },
      "properties": {
        "name": "SABLIERES OARA",
        "altitude": 540,
        "id": 7202002
      }
    },
    {
      "type": "Feature",
      "geometry": {
        "type": "Point",
        "coordinates": [
          4.368,
          44.997833
        ]
      },
      "properties": {
        "name": "ST-AGREVE RAD",
        "altitude": 1014,
        "id": 7204008
      }
    },
    {
      "type": "Feature",
      "geometry": {
        "type": "Point",
        "coordinates": [
          3.9485,
          44.651333
        ]
      },
      "properties": {
        "name": "ST-ETIENNE LUGDARES",
        "altitude": 1022,
        "id": 7232001
      }
    },
    {
      "type": "Feature",
      "geometry": {
        "type": "Point",
        "coordinates": [
          4.8325,
          44.860333
        ]
      },
      "properties": {
        "name": "ST-GEORGES BAIN",
        "altitude": 112,
        "id": 7240001
      }
    },
    {
      "type": "Feature",
      "geometry": {
        "type": "Point",
        "coordinates": [
          4.746833,
          44.817833
        ]
      },
      "properties": {
        "name": "ST-LAURENT PAPE",
        "altitude": 112,
        "id": 7261001
      }
    },
    {
      "type": "Feature",
      "geometry": {
        "type": "Point",
        "coordinates": [
          4.642,
          45.296
        ]
      },
      "properties": {
        "name": "ST-MARCEL ANNONAY",
        "altitude": 494,
        "id": 7265001
      }
    },
    {
      "type": "Feature",
      "geometry": {
        "type": "Point",
        "coordinates": [
          4.636333,
          44.441833
        ]
      },
      "properties": {
        "name": "ST-MONTAN",
        "altitude": 130,
        "id": 7279001
      }
    },
    {
      "type": "Feature",
      "geometry": {
        "type": "Point",
        "coordinates": [
          4.485,
          44.814333
        ]
      },
      "properties": {
        "name": "ST-PIERREVILLE",
        "altitude": 560,
        "id": 7286002
      }
    },
    {
      "type": "Feature",
      "geometry": {
        "type": "Point",
        "coordinates": [
          4.682333,
          45.110167
        ]
      },
      "properties": {
        "name": "ST-VICTOR",
        "altitude": 557,
        "id": 7301002
      }
    },
    {
      "type": "Feature",
      "geometry": {
        "type": "Point",
        "coordinates": [
          4.123667,
          44.6285
        ]
      },
      "properties": {
        "name": "LA SOUCHE",
        "altitude": 924,
        "id": 7315004
      }
    },
    {
      "type": "Feature",
      "geometry": {
        "type": "Point",
        "coordinates": [
          4.360667,
          44.6695
        ]
      },
      "properties": {
        "name": "VALS-LES-BAINS",
        "altitude": 283,
        "id": 7331001
      }
    },
    {
      "type": "Feature",
      "geometry": {
        "type": "Point",
        "coordinates": [
          4.150833,
          44.4155
        ]
      },
      "properties": {
        "name": "LES VANS-SA",
        "altitude": 140,
        "id": 7334004
      }
    },
    {
      "type": "Feature",
      "geometry": {
        "type": "Point",
        "coordinates": [
          4.652333,
          44.8995
        ]
      },
      "properties": {
        "name": "VERNOUX",
        "altitude": 561,
        "id": 7338001
      }
    },
    {
      "type": "Feature",
      "geometry": {
        "type": "Point",
        "coordinates": [
          4.554333,
          45.201167
        ]
      },
      "properties": {
        "name": "VOCANCE",
        "altitude": 529,
        "id": 7347001
      }
    },
    {
      "type": "Feature",
      "geometry": {
        "type": "Point",
        "coordinates": [
          4.129167,
          49.571667
        ]
      },
      "properties": {
        "name": "BANOGNE-RECOUVRANCE",
        "altitude": 130,
        "id": 8046001
      }
    },
    {
      "type": "Feature",
      "geometry": {
        "type": "Point",
        "coordinates": [
          4.9645,
          49.427333
        ]
      },
      "properties": {
        "name": "BUZANCY_SAPC",
        "altitude": 199,
        "id": 8089003
      }
    },
    {
      "type": "Feature",
      "geometry": {
        "type": "Point",
        "coordinates": [
          4.643167,
          49.782833
        ]
      },
      "properties": {
        "name": "CHARLEVILLE-MEZ",
        "altitude": 145,
        "id": 8105005
      }
    },
    {
      "type": "Feature",
      "geometry": {
        "type": "Point",
        "coordinates": [
          4.766167,
          49.510333
        ]
      },
      "properties": {
        "name": "LE CHESNE",
        "altitude": 168,
        "id": 8116001
      }
    },
    {
      "type": "Feature",
      "geometry": {
        "type": "Point",
        "coordinates": [
          5.039833,
          49.658
        ]
      },
      "properties": {
        "name": "DOUZY",
        "altitude": 153,
        "id": 8145001
      }
    },
    {
      "type": "Feature",
      "geometry": {
        "type": "Point",
        "coordinates": [
          4.7795,
          50.116
        ]
      },
      "properties": {
        "name": "HAM-SUR-MEUSE",
        "altitude": 109,
        "id": 8207001
      }
    },
    {
      "type": "Feature",
      "geometry": {
        "type": "Point",
        "coordinates": [
          4.371667,
          49.397333
        ]
      },
      "properties": {
        "name": "JUNIVILLE",
        "altitude": 90,
        "id": 8239001
      }
    },
    {
      "type": "Feature",
      "geometry": {
        "type": "Point",
        "coordinates": [
          4.689667,
          49.536667
        ]
      },
      "properties": {
        "name": "LAMETZ_SAPC",
        "altitude": 165,
        "id": 8244001
      }
    },
    {
      "type": "Feature",
      "geometry": {
        "type": "Point",
        "coordinates": [
          4.534667,
          49.671833
        ]
      },
      "properties": {
        "name": "LAUNOIS-SUR-VENCE_SAPC",
        "altitude": 218,
        "id": 8248002
      }
    },
    {
      "type": "Feature",
      "geometry": {
        "type": "Point",
        "coordinates": [
          4.340333,
          49.7655
        ]
      },
      "properties": {
        "name": "LIART_SAPC",
        "altitude": 240,
        "id": 8254002
      }
    },
    {
      "type": "Feature",
      "geometry": {
        "type": "Point",
        "coordinates": [
          5.216833,
          49.616833
        ]
      },
      "properties": {
        "name": "LINAY",
        "altitude": 177,
        "id": 8255001
      }
    },
    {
      "type": "Feature",
      "geometry": {
        "type": "Point",
        "coordinates": [
          4.809667,
          49.287333
        ]
      },
      "properties": {
        "name": "MONTCHEUTIN_SAPC",
        "altitude": 142,
        "id": 8296002
      }
    },
    {
      "type": "Feature",
      "geometry": {
        "type": "Point",
        "coordinates": [
          4.813167,
          50.118833
        ]
      },
      "properties": {
        "name": "RANCENNES",
        "altitude": 162,
        "id": 8353001
      }
    },
    {
      "type": "Feature",
      "geometry": {
        "type": "Point",
        "coordinates": [
          4.53,
          49.918667
        ]
      },
      "properties": {
        "name": "ROCROI",
        "altitude": 382,
        "id": 8367002
      }
    },
    {
      "type": "Feature",
      "geometry": {
        "type": "Point",
        "coordinates": [
          4.4925,
          49.423833
        ]
      },
      "properties": {
        "name": "SAULCES-CHAMPENOISES",
        "altitude": 147,
        "id": 8401001
      }
    },
    {
      "type": "Feature",
      "geometry": {
        "type": "Point",
        "coordinates": [
          4.418833,
          49.686
        ]
      },
      "properties": {
        "name": "SIGNY-L'ABBAYE",
        "altitude": 180,
        "id": 8419001
      }
    },
    {
      "type": "Feature",
      "geometry": {
        "type": "Point",
        "coordinates": [
          4.288167,
          49.9135
        ]
      },
      "properties": {
        "name": "SIGNY-LE-PETIT_SAPC",
        "altitude": 309,
        "id": 8420002
      }
    },
    {
      "type": "Feature",
      "geometry": {
        "type": "Point",
        "coordinates": [
          1.8885,
          42.725333
        ]
      },
      "properties": {
        "name": "ASCOU LAVAIL",
        "altitude": 1090,
        "id": 9023002
      }
    },
    {
      "type": "Feature",
      "geometry": {
        "type": "Point",
        "coordinates": [
          1.691,
          42.724167
        ]
      },
      "properties": {
        "name": "ASTON",
        "altitude": 1781,
        "id": 9024004
      }
    },
    {
      "type": "Feature",
      "geometry": {
        "type": "Point",
        "coordinates": [
          0.92,
          42.930167
        ]
      },
      "properties": {
        "name": "AUGIREIN",
        "altitude": 655,
        "id": 9027001
      }
    },
    {
      "type": "Feature",
      "geometry": {
        "type": "Point",
        "coordinates": [
          1.936667,
          42.903833
        ]
      },
      "properties": {
        "name": "BELESTA",
        "altitude": 490,
        "id": 9047001
      }
    },
    {
      "type": "Feature",
      "geometry": {
        "type": "Point",
        "coordinates": [
          1.063,
          43.126
        ]
      },
      "properties": {
        "name": "CERIZOLS",
        "altitude": 374,
        "id": 9094001
      }
    },
    {
      "type": "Feature",
      "geometry": {
        "type": "Point",
        "coordinates": [
          1.5645,
          42.970167
        ]
      },
      "properties": {
        "name": "COS",
        "altitude": 519,
        "id": 9099001
      }
    },
    {
      "type": "Feature",
      "geometry": {
        "type": "Point",
        "coordinates": [
          1.919167,
          42.990333
        ]
      },
      "properties": {
        "name": "LERAN",
        "altitude": 391,
        "id": 9161003
      }
    },
    {
      "type": "Feature",
      "geometry": {
        "type": "Point",
        "coordinates": [
          1.362833,
          43.077833
        ]
      },
      "properties": {
        "name": "LE MAS D AZIL",
        "altitude": 292,
        "id": 9181003
      }
    },
    {
      "type": "Feature",
      "geometry": {
        "type": "Point",
        "coordinates": [
          1.6435,
          43.192167
        ]
      },
      "properties": {
        "name": "MONTAUT",
        "altitude": 295,
        "id": 9199002
      }
    },
    {
      "type": "Feature",
      "geometry": {
        "type": "Point",
        "coordinates": [
          1.114333,
          42.77
        ]
      },
      "properties": {
        "name": "PORT D'AULA-NIVOSE",
        "altitude": 2140,
        "id": 9285400
      }
    },
    {
      "type": "Feature",
      "geometry": {
        "type": "Point",
        "coordinates": [
          1.106833,
          43.005333
        ]
      },
      "properties": {
        "name": "ST GIRONS",
        "altitude": 414,
        "id": 9289001
      }
    },
    {
      "type": "Feature",
      "geometry": {
        "type": "Point",
        "coordinates": [
          1.234333,
          42.914667
        ]
      },
      "properties": {
        "name": "SOULAN",
        "altitude": 638,
        "id": 9301001
      }
    },
    {
      "type": "Feature",
      "geometry": {
        "type": "Point",
        "coordinates": [
          1.689833,
          42.791667
        ]
      },
      "properties": {
        "name": "VERDUN",
        "altitude": 546,
        "id": 9328001
      }
    },
    {
      "type": "Feature",
      "geometry": {
        "type": "Point",
        "coordinates": [
          4.685667,
          48.254167
        ]
      },
      "properties": {
        "name": "AILLEVILLE_SAPC",
        "altitude": 195,
        "id": 10002001
      }
    },
    {
      "type": "Feature",
      "geometry": {
        "type": "Point",
        "coordinates": [
          4.283667,
          48.451333
        ]
      },
      "properties": {
        "name": "AVANT-LES-RAMERUPT",
        "altitude": 118,
        "id": 10021001
      }
    },
    {
      "type": "Feature",
      "geometry": {
        "type": "Point",
        "coordinates": [
          4.02,
          48.324667
        ]
      },
      "properties": {
        "name": "TROYES-BARBEREY",
        "altitude": 112,
        "id": 10030001
      }
    },
    {
      "type": "Feature",
      "geometry": {
        "type": "Point",
        "coordinates": [
          3.663333,
          48.179
        ]
      },
      "properties": {
        "name": "BERULLE",
        "altitude": 146,
        "id": 10042001
      }
    },
    {
      "type": "Feature",
      "geometry": {
        "type": "Point",
        "coordinates": [
          3.504833,
          48.439833
        ]
      },
      "properties": {
        "name": "BOUY-SUR-ORVIN",
        "altitude": 102,
        "id": 10057001
      }
    },
    {
      "type": "Feature",
      "geometry": {
        "type": "Point",
        "coordinates": [
          4.411333,
          48.0675
        ]
      },
      "properties": {
        "name": "CELLES-SUR-OURCE",
        "altitude": 275,
        "id": 10070001
      }
    },
    {
      "type": "Feature",
      "geometry": {
        "type": "Point",
        "coordinates": [
          3.915,
          48.0255
        ]
      },
      "properties": {
        "name": "CHESSY-LES-PRES_SAPC",
        "altitude": 119,
        "id": 10099002
      }
    },
    {
      "type": "Feature",
      "geometry": {
        "type": "Point",
        "coordinates": [
          4.6785,
          48.0365
        ]
      },
      "properties": {
        "name": "CUNFIN_SAPC",
        "altitude": 315,
        "id": 10119001
      }
    },
    {
      "type": "Feature",
      "geometry": {
        "type": "Point",
        "coordinates": [
          4.224667,
          48.609167
        ]
      },
      "properties": {
        "name": "DOSNON",
        "altitude": 115,
        "id": 10130001
      }
    },
    {
      "type": "Feature",
      "geometry": {
        "type": "Point",
        "coordinates": [
          4.016833,
          48.468167
        ]
      },
      "properties": {
        "name": "GRANDES-CHAPELL",
        "altitude": 111,
        "id": 10166002
      }
    },
    {
      "type": "Feature",
      "geometry": {
        "type": "Point",
        "coordinates": [
          4.472333,
          48.353167
        ]
      },
      "properties": {
        "name": "MATHAUX-ETAPE",
        "altitude": 145,
        "id": 10228002
      }
    },
    {
      "type": "Feature",
      "geometry": {
        "type": "Point",
        "coordinates": [
          4.322167,
          48.244833
        ]
      },
      "properties": {
        "name": "MESNIL-ST-PERE",
        "altitude": 142,
        "id": 10238001
      }
    },
    {
      "type": "Feature",
      "geometry": {
        "type": "Point",
        "coordinates": [
          4.101167,
          48.0745
        ]
      },
      "properties": {
        "name": "METZ-ROBERT_SAPC",
        "altitude": 140,
        "id": 10241001
      }
    },
    {
      "type": "Feature",
      "geometry": {
        "type": "Point",
        "coordinates": [
          4.495833,
          47.983833
        ]
      },
      "properties": {
        "name": "MUSSY-SUR-SEINE",
        "altitude": 193,
        "id": 10261001
      }
    },
    {
      "type": "Feature",
      "geometry": {
        "type": "Point",
        "coordinates": [
          3.7495,
          48.503333
        ]
      },
      "properties": {
        "name": "ROMILLY",
        "altitude": 77,
        "id": 10323001
      }
    },
    {
      "type": "Feature",
      "geometry": {
        "type": "Point",
        "coordinates": [
          3.789,
          48.169833
        ]
      },
      "properties": {
        "name": "ST-MARDS",
        "altitude": 227,
        "id": 10350001
      }
    },
    {
      "type": "Feature",
      "geometry": {
        "type": "Point",
        "coordinates": [
          4.463,
          48.233
        ]
      },
      "properties": {
        "name": "VENDEUVRE-SUR-B",
        "altitude": 180,
        "id": 10401001
      }
    },
    {
      "type": "Feature",
      "geometry": {
        "type": "Point",
        "coordinates": [
          4.233833,
          48.1785
        ]
      },
      "properties": {
        "name": "VILLEMOYENNE",
        "altitude": 134,
        "id": 10419001
      }
    },
    {
      "type": "Feature",
      "geometry": {
        "type": "Point",
        "coordinates": [
          2.098333,
          43.1125
        ]
      },
      "properties": {
        "name": "ALAIGNE",
        "altitude": 293,
        "id": 11004001
      }
    },
    {
      "type": "Feature",
      "geometry": {
        "type": "Point",
        "coordinates": [
          2.911667,
          43.308167
        ]
      },
      "properties": {
        "name": "ARGELIERS",
        "altitude": 31,
        "id": 11012001
      }
    },
    {
      "type": "Feature",
      "geometry": {
        "type": "Point",
        "coordinates": [
          2.374833,
          42.951833
        ]
      },
      "properties": {
        "name": "ARQUES",
        "altitude": 350,
        "id": 11015001
      }
    },
    {
      "type": "Feature",
      "geometry": {
        "type": "Point",
        "coordinates": [
          2.503333,
          43.100833
        ]
      },
      "properties": {
        "name": "ARQUETTES-EN-VAL",
        "altitude": 240,
        "id": 11016003
      }
    },
    {
      "type": "Feature",
      "geometry": {
        "type": "Point",
        "coordinates": [
          1.968,
          42.8195
        ]
      },
      "properties": {
        "name": "BELCAIRE",
        "altitude": 980,
        "id": 11028001
      }
    },
    {
      "type": "Feature",
      "geometry": {
        "type": "Point",
        "coordinates": [
          2.2955,
          43.215333
        ]
      },
      "properties": {
        "name": "CARCASSONNE",
        "altitude": 128,
        "id": 11069001
      }
    },
    {
      "type": "Feature",
      "geometry": {
        "type": "Point",
        "coordinates": [
          1.949167,
          43.305333
        ]
      },
      "properties": {
        "name": "CASTELNAUDARY",
        "altitude": 160,
        "id": 11076001
      }
    },
    {
      "type": "Feature",
      "geometry": {
        "type": "Point",
        "coordinates": [
          2.481,
          43.334333
        ]
      },
      "properties": {
        "name": "CAUNES-MINERVOIS",
        "altitude": 371,
        "id": 11081003
      }
    },
    {
      "type": "Feature",
      "geometry": {
        "type": "Point",
        "coordinates": [
          2.819167,
          42.993333
        ]
      },
      "properties": {
        "name": "DURBAN-CORBIERES",
        "altitude": 120,
        "id": 11124003
      }
    },
    {
      "type": "Feature",
      "geometry": {
        "type": "Point",
        "coordinates": [
          2.07,
          43.202
        ]
      },
      "properties": {
        "name": "FANJEAUX_SAPC",
        "altitude": 182,
        "id": 11136001
      }
    },
    {
      "type": "Feature",
      "geometry": {
        "type": "Point",
        "coordinates": [
          2.995833,
          42.894667
        ]
      },
      "properties": {
        "name": "FITOU",
        "altitude": 9,
        "id": 11144001
      }
    },
    {
      "type": "Feature",
      "geometry": {
        "type": "Point",
        "coordinates": [
          1.895833,
          43.182833
        ]
      },
      "properties": {
        "name": "RIBOUISSE",
        "altitude": 302,
        "id": 11159002
      }
    },
    {
      "type": "Feature",
      "geometry": {
        "type": "Point",
        "coordinates": [
          2.2505,
          42.909167
        ]
      },
      "properties": {
        "name": "GRANES",
        "altitude": 420,
        "id": 11168001
      }
    },
    {
      "type": "Feature",
      "geometry": {
        "type": "Point",
        "coordinates": [
          2.022167,
          43.3895
        ]
      },
      "properties": {
        "name": "LABECEDE LAURAGAIS_SAPC",
        "altitude": 408,
        "id": 11181002
      }
    },
    {
      "type": "Feature",
      "geometry": {
        "type": "Point",
        "coordinates": [
          2.621833,
          43.0915
        ]
      },
      "properties": {
        "name": "LAGRASSE",
        "altitude": 130,
        "id": 11185001
      }
    },
    {
      "type": "Feature",
      "geometry": {
        "type": "Point",
        "coordinates": [
          3.059667,
          42.917333
        ]
      },
      "properties": {
        "name": "LEUCATE",
        "altitude": 42,
        "id": 11202001
      }
    },
    {
      "type": "Feature",
      "geometry": {
        "type": "Point",
        "coordinates": [
          2.728833,
          43.173
        ]
      },
      "properties": {
        "name": "LEZIGNAN-CORBIERES",
        "altitude": 60,
        "id": 11203004
      }
    },
    {
      "type": "Feature",
      "geometry": {
        "type": "Point",
        "coordinates": [
          2.201167,
          43.046
        ]
      },
      "properties": {
        "name": "LIMOUX",
        "altitude": 230,
        "id": 11206003
      }
    },
    {
      "type": "Feature",
      "geometry": {
        "type": "Point",
        "coordinates": [
          2.292333,
          43.4085
        ]
      },
      "properties": {
        "name": "LES MARTYS",
        "altitude": 760,
        "id": 11221004
      }
    },
    {
      "type": "Feature",
      "geometry": {
        "type": "Point",
        "coordinates": [
          2.2405,
          43.312667
        ]
      },
      "properties": {
        "name": "MONTOLIEU",
        "altitude": 280,
        "id": 11253001
      }
    },
    {
      "type": "Feature",
      "geometry": {
        "type": "Point",
        "coordinates": [
          2.529,
          42.9595
        ]
      },
      "properties": {
        "name": "MOUTHOUMET",
        "altitude": 538,
        "id": 11260002
      }
    },
    {
      "type": "Feature",
      "geometry": {
        "type": "Point",
        "coordinates": [
          2.955833,
          43.150333
        ]
      },
      "properties": {
        "name": "NARBONNE",
        "altitude": 110,
        "id": 11262005
      }
    },
    {
      "type": "Feature",
      "geometry": {
        "type": "Point",
        "coordinates": [
          3.0525,
          43.0145
        ]
      },
      "properties": {
        "name": "PORT-LA-NOUVELLE",
        "altitude": 0,
        "id": 11266001
      }
    },
    {
      "type": "Feature",
      "geometry": {
        "type": "Point",
        "coordinates": [
          2.4005,
          43.014833
        ]
      },
      "properties": {
        "name": "VILLARDEBELLE_SAPC",
        "altitude": 593,
        "id": 11412001
      }
    },
    {
      "type": "Feature",
      "geometry": {
        "type": "Point",
        "coordinates": [
          2.868167,
          44.756
        ]
      },
      "properties": {
        "name": "ALPUECH",
        "altitude": 1107,
        "id": 12005001
      }
    },
    {
      "type": "Feature",
      "geometry": {
        "type": "Point",
        "coordinates": [
          2.620167,
          44.168167
        ]
      },
      "properties": {
        "name": "ARVIEU",
        "altitude": 733,
        "id": 12011001
      }
    },
    {
      "type": "Feature",
      "geometry": {
        "type": "Point",
        "coordinates": [
          3.012833,
          44.533667
        ]
      },
      "properties": {
        "name": "AURELLE-VERLAC_SAPC",
        "altitude": 1076,
        "id": 12014001
      }
    },
    {
      "type": "Feature",
      "geometry": {
        "type": "Point",
        "coordinates": [
          2.938667,
          43.7495
        ]
      },
      "properties": {
        "name": "BRUSQUE_SAPC",
        "altitude": 858,
        "id": 12039001
      }
    },
    {
      "type": "Feature",
      "geometry": {
        "type": "Point",
        "coordinates": [
          2.737167,
          44.2335
        ]
      },
      "properties": {
        "name": "CANET-DE-SALARS_SAPC",
        "altitude": 860,
        "id": 12050001
      }
    },
    {
      "type": "Feature",
      "geometry": {
        "type": "Point",
        "coordinates": [
          3.181833,
          43.987
        ]
      },
      "properties": {
        "name": "MILLAU-LARZAC_SAPC",
        "altitude": 794,
        "id": 12063003
      }
    },
    {
      "type": "Feature",
      "geometry": {
        "type": "Point",
        "coordinates": [
          2.317167,
          44.357833
        ]
      },
      "properties": {
        "name": "COLOMBIES",
        "altitude": 647,
        "id": 12068001
      }
    },
    {
      "type": "Feature",
      "geometry": {
        "type": "Point",
        "coordinates": [
          3.192167,
          43.922333
        ]
      },
      "properties": {
        "name": "CORNUS",
        "altitude": 718,
        "id": 12077002
      }
    },
    {
      "type": "Feature",
      "geometry": {
        "type": "Point",
        "coordinates": [
          2.6445,
          44.111833
        ]
      },
      "properties": {
        "name": "DURENQUE_SAPC",
        "altitude": 812,
        "id": 12092001
      }
    },
    {
      "type": "Feature",
      "geometry": {
        "type": "Point",
        "coordinates": [
          2.566167,
          44.6375
        ]
      },
      "properties": {
        "name": "ENTRAYGUES SUR",
        "altitude": 292,
        "id": 12094002
      }
    },
    {
      "type": "Feature",
      "geometry": {
        "type": "Point",
        "coordinates": [
          2.770167,
          44.515667
        ]
      },
      "properties": {
        "name": "ESPALION",
        "altitude": 360,
        "id": 12096001
      }
    },
    {
      "type": "Feature",
      "geometry": {
        "type": "Point",
        "coordinates": [
          3.0195,
          44.1185
        ]
      },
      "properties": {
        "name": "MILLAU",
        "altitude": 712,
        "id": 12145001
      }
    },
    {
      "type": "Feature",
      "geometry": {
        "type": "Point",
        "coordinates": [
          1.991667,
          44.265667
        ]
      },
      "properties": {
        "name": "MONTEILS",
        "altitude": 268,
        "id": 12150001
      }
    },
    {
      "type": "Feature",
      "geometry": {
        "type": "Point",
        "coordinates": [
          2.836333,
          43.891667
        ]
      },
      "properties": {
        "name": "MONTLAUR",
        "altitude": 374,
        "id": 12154003
      }
    },
    {
      "type": "Feature",
      "geometry": {
        "type": "Point",
        "coordinates": [
          2.867167,
          43.761833
        ]
      },
      "properties": {
        "name": "PEUX-ET-COUFFOULEUX_SAPC",
        "altitude": 830,
        "id": 12179001
      }
    },
    {
      "type": "Feature",
      "geometry": {
        "type": "Point",
        "coordinates": [
          2.255833,
          44.242167
        ]
      },
      "properties": {
        "name": "PRADINAS_SAPC",
        "altitude": 564,
        "id": 12189001
      }
    },
    {
      "type": "Feature",
      "geometry": {
        "type": "Point",
        "coordinates": [
          2.827833,
          44.514667
        ]
      },
      "properties": {
        "name": "ST-COME-D'OLT",
        "altitude": 380,
        "id": 12216001
      }
    },
    {
      "type": "Feature",
      "geometry": {
        "type": "Point",
        "coordinates": [
          2.967667,
          44.463667
        ]
      },
      "properties": {
        "name": "ST-GENIEZ-D'OLT",
        "altitude": 420,
        "id": 12224001
      }
    },
    {
      "type": "Feature",
      "geometry": {
        "type": "Point",
        "coordinates": [
          2.866167,
          44.151833
        ]
      },
      "properties": {
        "name": "SALLES CURAN",
        "altitude": 959,
        "id": 12253001
      }
    },
    {
      "type": "Feature",
      "geometry": {
        "type": "Point",
        "coordinates": [
          2.4825,
          44.410333
        ]
      },
      "properties": {
        "name": "RODEZ-AVEYRON",
        "altitude": 578,
        "id": 12254001
      }
    },
    {
      "type": "Feature",
      "geometry": {
        "type": "Point",
        "coordinates": [
          2.820333,
          44.2895
        ]
      },
      "properties": {
        "name": "SEGUR",
        "altitude": 879,
        "id": 12266002
      }
    },
    {
      "type": "Feature",
      "geometry": {
        "type": "Point",
        "coordinates": [
          2.572,
          44.530667
        ]
      },
      "properties": {
        "name": "VILLECOMTAL",
        "altitude": 318,
        "id": 12298001
      }
    },
    {
      "type": "Feature",
      "geometry": {
        "type": "Point",
        "coordinates": [
          2.023667,
          44.371833
        ]
      },
      "properties": {
        "name": "VILLEFRANCHE-DE-ROUERGUE",
        "altitude": 330,
        "id": 12300004
      }
    },
    {
      "type": "Feature",
      "geometry": {
        "type": "Point",
        "coordinates": [
          5.4245,
          43.5295
        ]
      },
      "properties": {
        "name": "AIX EN PROVENCE",
        "altitude": 173,
        "id": 13001009
      }
    },
    {
      "type": "Feature",
      "geometry": {
        "type": "Point",
        "coordinates": [
          4.693833,
          43.51
        ]
      },
      "properties": {
        "name": "ARLES",
        "altitude": 1,
        "id": 13004003
      }
    },
    {
      "type": "Feature",
      "geometry": {
        "type": "Point",
        "coordinates": [
          5.601167,
          43.307333
        ]
      },
      "properties": {
        "name": "AUBAGNE",
        "altitude": 130,
        "id": 13005003
      }
    },
    {
      "type": "Feature",
      "geometry": {
        "type": "Point",
        "coordinates": [
          5.503167,
          43.222167
        ]
      },
      "properties": {
        "name": "CASSIS",
        "altitude": 212,
        "id": 13022003
      }
    },
    {
      "type": "Feature",
      "geometry": {
        "type": "Point",
        "coordinates": [
          5.574167,
          43.174667
        ]
      },
      "properties": {
        "name": "BEC DE L AIGLE",
        "altitude": 316,
        "id": 13028001
      }
    },
    {
      "type": "Feature",
      "geometry": {
        "type": "Point",
        "coordinates": [
          5.700167,
          43.274
        ]
      },
      "properties": {
        "name": "CUGES-LES-PINS",
        "altitude": 184,
        "id": 13030001
      }
    },
    {
      "type": "Feature",
      "geometry": {
        "type": "Point",
        "coordinates": [
          5.601,
          43.386667
        ]
      },
      "properties": {
        "name": "LA DESTROUSSE_SAPC",
        "altitude": 201,
        "id": 13031002
      }
    },
    {
      "type": "Feature",
      "geometry": {
        "type": "Point",
        "coordinates": [
          4.834833,
          43.847167
        ]
      },
      "properties": {
        "name": "EYRAGUES",
        "altitude": 17,
        "id": 13036003
      }
    },
    {
      "type": "Feature",
      "geometry": {
        "type": "Point",
        "coordinates": [
          4.9275,
          43.522667
        ]
      },
      "properties": {
        "name": "ISTRES",
        "altitude": 23,
        "id": 13047001
      }
    },
    {
      "type": "Feature",
      "geometry": {
        "type": "Point",
        "coordinates": [
          5.2115,
          43.437
        ]
      },
      "properties": {
        "name": "MARIGNANE",
        "altitude": 6,
        "id": 13054001
      }
    },
    {
      "type": "Feature",
      "geometry": {
        "type": "Point",
        "coordinates": [
          5.394333,
          43.305667
        ]
      },
      "properties": {
        "name": "MARSEILLE-OBS",
        "altitude": 75,
        "id": 13055001
      }
    },
    {
      "type": "Feature",
      "geometry": {
        "type": "Point",
        "coordinates": [
          5.479167,
          43.310667
        ]
      },
      "properties": {
        "name": "MARSEILLE",
        "altitude": 192,
        "id": 13055029
      }
    },
    {
      "type": "Feature",
      "geometry": {
        "type": "Point",
        "coordinates": [
          5.053333,
          43.331667
        ]
      },
      "properties": {
        "name": "CAP COURONNE",
        "altitude": 27,
        "id": 13056002
      }
    },
    {
      "type": "Feature",
      "geometry": {
        "type": "Point",
        "coordinates": [
          5.499667,
          43.4185
        ]
      },
      "properties": {
        "name": "MIMET",
        "altitude": 416,
        "id": 13062002
      }
    },
    {
      "type": "Feature",
      "geometry": {
        "type": "Point",
        "coordinates": [
          5.607,
          43.656667
        ]
      },
      "properties": {
        "name": "PEYROLLES EN PROVENCE",
        "altitude": 217,
        "id": 13074003
      }
    },
    {
      "type": "Feature",
      "geometry": {
        "type": "Point",
        "coordinates": [
          5.317667,
          43.6045
        ]
      },
      "properties": {
        "name": "ST CANNAT",
        "altitude": 249,
        "id": 13091002
      }
    },
    {
      "type": "Feature",
      "geometry": {
        "type": "Point",
        "coordinates": [
          5.0395,
          43.5495
        ]
      },
      "properties": {
        "name": "ST CHAMAS",
        "altitude": 10,
        "id": 13092001
      }
    },
    {
      "type": "Feature",
      "geometry": {
        "type": "Point",
        "coordinates": [
          5.108,
          43.612833
        ]
      },
      "properties": {
        "name": "SALON DE PROVENCE",
        "altitude": 58,
        "id": 13103001
      }
    },
    {
      "type": "Feature",
      "geometry": {
        "type": "Point",
        "coordinates": [
          5.698667,
          43.445333
        ]
      },
      "properties": {
        "name": "TRETS",
        "altitude": 264,
        "id": 13110003
      }
    },
    {
      "type": "Feature",
      "geometry": {
        "type": "Point",
        "coordinates": [
          5.68,
          43.551
        ]
      },
      "properties": {
        "name": "VAUVENARGUES",
        "altitude": 565,
        "id": 13111002
      }
    },
    {
      "type": "Feature",
      "geometry": {
        "type": "Point",
        "coordinates": [
          -0.712333,
          49.274833
        ]
      },
      "properties": {
        "name": "BAYEUX",
        "altitude": 60,
        "id": 14047002
      }
    },
    {
      "type": "Feature",
      "geometry": {
        "type": "Point",
        "coordinates": [
          -0.430667,
          49.334
        ]
      },
      "properties": {
        "name": "BERNIERES",
        "altitude": 2,
        "id": 14066001
      }
    },
    {
      "type": "Feature",
      "geometry": {
        "type": "Point",
        "coordinates": [
          -0.780833,
          48.991167
        ]
      },
      "properties": {
        "name": "BREMOY",
        "altitude": 240,
        "id": 14096001
      }
    },
    {
      "type": "Feature",
      "geometry": {
        "type": "Point",
        "coordinates": [
          -0.456167,
          49.18
        ]
      },
      "properties": {
        "name": "CAEN-CARPIQUET",
        "altitude": 67,
        "id": 14137001
      }
    },
    {
      "type": "Feature",
      "geometry": {
        "type": "Point",
        "coordinates": [
          -0.148667,
          48.928
        ]
      },
      "properties": {
        "name": "DAMBLAINVILLE",
        "altitude": 155,
        "id": 14216001
      }
    },
    {
      "type": "Feature",
      "geometry": {
        "type": "Point",
        "coordinates": [
          -0.0475,
          49.231667
        ]
      },
      "properties": {
        "name": "DOZULE",
        "altitude": 29,
        "id": 14229001
      }
    },
    {
      "type": "Feature",
      "geometry": {
        "type": "Point",
        "coordinates": [
          -0.956667,
          49.3875
        ]
      },
      "properties": {
        "name": "ENGLESQUEVILLE",
        "altitude": 38,
        "id": 14239001
      }
    },
    {
      "type": "Feature",
      "geometry": {
        "type": "Point",
        "coordinates": [
          -1.037167,
          48.794667
        ]
      },
      "properties": {
        "name": "LEGAST_SAPC",
        "altitude": 336,
        "id": 14296001
      }
    },
    {
      "type": "Feature",
      "geometry": {
        "type": "Point",
        "coordinates": [
          -0.6925,
          48.9265
        ]
      },
      "properties": {
        "name": "LASSY_SAPC",
        "altitude": 223,
        "id": 14357002
      }
    },
    {
      "type": "Feature",
      "geometry": {
        "type": "Point",
        "coordinates": [
          0.227,
          49.165
        ]
      },
      "properties": {
        "name": "LISIEUX_SAPC",
        "altitude": 62,
        "id": 14366002
      }
    },
    {
      "type": "Feature",
      "geometry": {
        "type": "Point",
        "coordinates": [
          -0.7665,
          49.099167
        ]
      },
      "properties": {
        "name": "LIVRY",
        "altitude": 194,
        "id": 14372001
      }
    },
    {
      "type": "Feature",
      "geometry": {
        "type": "Point",
        "coordinates": [
          -0.530167,
          49.045833
        ]
      },
      "properties": {
        "name": "MONTIGNY",
        "altitude": 151,
        "id": 14446001
      }
    },
    {
      "type": "Feature",
      "geometry": {
        "type": "Point",
        "coordinates": [
          -0.3875,
          48.894
        ]
      },
      "properties": {
        "name": "PIERREFITTE CIN_SAPC",
        "altitude": 187,
        "id": 14501002
      }
    },
    {
      "type": "Feature",
      "geometry": {
        "type": "Point",
        "coordinates": [
          -0.772667,
          49.349167
        ]
      },
      "properties": {
        "name": "PORT EN BESSIN",
        "altitude": 68,
        "id": 14515001
      }
    },
    {
      "type": "Feature",
      "geometry": {
        "type": "Point",
        "coordinates": [
          0.167,
          49.3645
        ]
      },
      "properties": {
        "name": "ST GATIEN DES B",
        "altitude": 139,
        "id": 14578001
      }
    },
    {
      "type": "Feature",
      "geometry": {
        "type": "Point",
        "coordinates": [
          -0.009167,
          48.9895
        ]
      },
      "properties": {
        "name": "L OUDON LIEURY_SAPC",
        "altitude": 52,
        "id": 14624001
      }
    },
    {
      "type": "Feature",
      "geometry": {
        "type": "Point",
        "coordinates": [
          0.1295,
          49.006833
        ]
      },
      "properties": {
        "name": "SAINT MICHEL DE",
        "altitude": 140,
        "id": 14634001
      }
    },
    {
      "type": "Feature",
      "geometry": {
        "type": "Point",
        "coordinates": [
          -0.234333,
          49.06
        ]
      },
      "properties": {
        "name": "ST SYLVAIN_SAPC",
        "altitude": 62,
        "id": 14659001
      }
    },
    {
      "type": "Feature",
      "geometry": {
        "type": "Point",
        "coordinates": [
          -0.899,
          48.850833
        ]
      },
      "properties": {
        "name": "VIRE HIPPODROME",
        "altitude": 100,
        "id": 14762004
      }
    },
    {
      "type": "Feature",
      "geometry": {
        "type": "Point",
        "coordinates": [
          2.937667,
          45.232
        ]
      },
      "properties": {
        "name": "ALLANCHE",
        "altitude": 1010,
        "id": 15001003
      }
    },
    {
      "type": "Feature",
      "geometry": {
        "type": "Point",
        "coordinates": [
          2.438333,
          44.935833
        ]
      },
      "properties": {
        "name": "AURILLAC - VILL",
        "altitude": 707,
        "id": 15014001
      }
    },
    {
      "type": "Feature",
      "geometry": {
        "type": "Point",
        "coordinates": [
          2.419167,
          44.8915
        ]
      },
      "properties": {
        "name": "AURILLAC",
        "altitude": 632,
        "id": 15014004
      }
    },
    {
      "type": "Feature",
      "geometry": {
        "type": "Point",
        "coordinates": [
          2.792,
          45.0525
        ]
      },
      "properties": {
        "name": "PRAT DE BOUC",
        "altitude": 1405,
        "id": 15025001
      }
    },
    {
      "type": "Feature",
      "geometry": {
        "type": "Point",
        "coordinates": [
          2.7105,
          45.1725
        ]
      },
      "properties": {
        "name": "LE CLAUX",
        "altitude": 1033,
        "id": 15050001
      }
    },
    {
      "type": "Feature",
      "geometry": {
        "type": "Point",
        "coordinates": [
          2.990667,
          45.074667
        ]
      },
      "properties": {
        "name": "COLTINES",
        "altitude": 979,
        "id": 15053001
      }
    },
    {
      "type": "Feature",
      "geometry": {
        "type": "Point",
        "coordinates": [
          3.012667,
          44.8015
        ]
      },
      "properties": {
        "name": "DEUX-VERGES",
        "altitude": 1080,
        "id": 15060002
      }
    },
    {
      "type": "Feature",
      "geometry": {
        "type": "Point",
        "coordinates": [
          2.540667,
          44.855333
        ]
      },
      "properties": {
        "name": "LABROUSSE",
        "altitude": 800,
        "id": 15085001
      }
    },
    {
      "type": "Feature",
      "geometry": {
        "type": "Point",
        "coordinates": [
          2.747667,
          45.080833
        ]
      },
      "properties": {
        "name": "LE LIORAN_SAPC",
        "altitude": 1236,
        "id": 15101004
      }
    },
    {
      "type": "Feature",
      "geometry": {
        "type": "Point",
        "coordinates": [
          3.1455,
          44.933167
        ]
      },
      "properties": {
        "name": "FAVEROLLES-STADE",
        "altitude": 989,
        "id": 15108003
      }
    },
    {
      "type": "Feature",
      "geometry": {
        "type": "Point",
        "coordinates": [
          2.833,
          45.302667
        ]
      },
      "properties": {
        "name": "MARCENAT",
        "altitude": 1075,
        "id": 15114002
      }
    },
    {
      "type": "Feature",
      "geometry": {
        "type": "Point",
        "coordinates": [
          2.4745,
          45.002833
        ]
      },
      "properties": {
        "name": "MARMANHAC",
        "altitude": 644,
        "id": 15118002
      }
    },
    {
      "type": "Feature",
      "geometry": {
        "type": "Point",
        "coordinates": [
          3.197833,
          45.263333
        ]
      },
      "properties": {
        "name": "MASSIAC",
        "altitude": 533,
        "id": 15119001
      }
    },
    {
      "type": "Feature",
      "geometry": {
        "type": "Point",
        "coordinates": [
          2.293167,
          45.222167
        ]
      },
      "properties": {
        "name": "MAURIAC",
        "altitude": 674,
        "id": 15120005
      }
    },
    {
      "type": "Feature",
      "geometry": {
        "type": "Point",
        "coordinates": [
          2.166,
          44.734167
        ]
      },
      "properties": {
        "name": "MAURS",
        "altitude": 480,
        "id": 15122002
      }
    },
    {
      "type": "Feature",
      "geometry": {
        "type": "Point",
        "coordinates": [
          2.862167,
          45.1095
        ]
      },
      "properties": {
        "name": "MURAT",
        "altitude": 904,
        "id": 15138001
      }
    },
    {
      "type": "Feature",
      "geometry": {
        "type": "Point",
        "coordinates": [
          2.664667,
          45.280167
        ]
      },
      "properties": {
        "name": "RIOM-MONTAGNES",
        "altitude": 837,
        "id": 15162003
      }
    },
    {
      "type": "Feature",
      "geometry": {
        "type": "Point",
        "coordinates": [
          3.067333,
          45.024333
        ]
      },
      "properties": {
        "name": "ST FLOUR",
        "altitude": 909,
        "id": 15187006
      }
    },
    {
      "type": "Feature",
      "geometry": {
        "type": "Point",
        "coordinates": [
          2.303833,
          45.064
        ]
      },
      "properties": {
        "name": "ST ILLIDE",
        "altitude": 635,
        "id": 15191001
      }
    },
    {
      "type": "Feature",
      "geometry": {
        "type": "Point",
        "coordinates": [
          2.310667,
          44.858833
        ]
      },
      "properties": {
        "name": "ST MAMET",
        "altitude": 740,
        "id": 15196001
      }
    },
    {
      "type": "Feature",
      "geometry": {
        "type": "Point",
        "coordinates": [
          3.174167,
          45.178333
        ]
      },
      "properties": {
        "name": "ST- PONCY_SAPC",
        "altitude": 805,
        "id": 15207002
      }
    },
    {
      "type": "Feature",
      "geometry": {
        "type": "Point",
        "coordinates": [
          2.428167,
          44.704
        ]
      },
      "properties": {
        "name": "SENEZERGUES",
        "altitude": 530,
        "id": 15226001
      }
    },
    {
      "type": "Feature",
      "geometry": {
        "type": "Point",
        "coordinates": [
          3.001833,
          44.992833
        ]
      },
      "properties": {
        "name": "LES TERNES",
        "altitude": 1007,
        "id": 15235002
      }
    },
    {
      "type": "Feature",
      "geometry": {
        "type": "Point",
        "coordinates": [
          2.612167,
          44.965833
        ]
      },
      "properties": {
        "name": "VIC SUR CERE",
        "altitude": 657,
        "id": 15258004
      }
    },
    {
      "type": "Feature",
      "geometry": {
        "type": "Point",
        "coordinates": [
          -0.170167,
          45.464333
        ]
      },
      "properties": {
        "name": "BARBEZIEUX",
        "altitude": 81,
        "id": 16028001
      }
    },
    {
      "type": "Feature",
      "geometry": {
        "type": "Point",
        "coordinates": [
          0.220667,
          45.728
        ]
      },
      "properties": {
        "name": "ANGOULEME - BRIE - CHAMPNIERS",
        "altitude": 124,
        "id": 16078001
      }
    },
    {
      "type": "Feature",
      "geometry": {
        "type": "Point",
        "coordinates": [
          -0.315833,
          45.665
        ]
      },
      "properties": {
        "name": "COGNAC",
        "altitude": 30,
        "id": 16089001
      }
    },
    {
      "type": "Feature",
      "geometry": {
        "type": "Point",
        "coordinates": [
          0.099833,
          45.627833
        ]
      },
      "properties": {
        "name": "LA COURONNE",
        "altitude": 58,
        "id": 16113001
      }
    },
    {
      "type": "Feature",
      "geometry": {
        "type": "Point",
        "coordinates": [
          -0.381833,
          45.735833
        ]
      },
      "properties": {
        "name": "LOUZAC ST ANDRE",
        "altitude": 51,
        "id": 16193001
      }
    },
    {
      "type": "Feature",
      "geometry": {
        "type": "Point",
        "coordinates": [
          0.543,
          45.787167
        ]
      },
      "properties": {
        "name": "MONTEMBOEUF",
        "altitude": 247,
        "id": 16225001
      }
    },
    {
      "type": "Feature",
      "geometry": {
        "type": "Point",
        "coordinates": [
          -0.078667,
          45.334
        ]
      },
      "properties": {
        "name": "PASSIRAC",
        "altitude": 114,
        "id": 16256001
      }
    },
    {
      "type": "Feature",
      "geometry": {
        "type": "Point",
        "coordinates": [
          0.003333,
          45.262
        ]
      },
      "properties": {
        "name": "RIOUX MARTIN",
        "altitude": 81,
        "id": 16279001
      }
    },
    {
      "type": "Feature",
      "geometry": {
        "type": "Point",
        "coordinates": [
          0.781667,
          45.956333
        ]
      },
      "properties": {
        "name": "SAULGOND_SAPC",
        "altitude": 228,
        "id": 16363001
      }
    },
    {
      "type": "Feature",
      "geometry": {
        "type": "Point",
        "coordinates": [
          -0.2235,
          45.6145
        ]
      },
      "properties": {
        "name": "SEGONZAC_SAPC",
        "altitude": 62,
        "id": 16366001
      }
    },
    {
      "type": "Feature",
      "geometry": {
        "type": "Point",
        "coordinates": [
          0.062167,
          45.949
        ]
      },
      "properties": {
        "name": "TUSSON",
        "altitude": 88,
        "id": 16390001
      }
    },
    {
      "type": "Feature",
      "geometry": {
        "type": "Point",
        "coordinates": [
          0.442,
          45.9675
        ]
      },
      "properties": {
        "name": "LE VIEUX CERIER_SAPC",
        "altitude": 162,
        "id": 16403001
      }
    },
    {
      "type": "Feature",
      "geometry": {
        "type": "Point",
        "coordinates": [
          -1.204333,
          45.862167
        ]
      },
      "properties": {
        "name": "CHATEAU D'OLERON",
        "altitude": 3,
        "id": 17093002
      }
    },
    {
      "type": "Feature",
      "geometry": {
        "type": "Point",
        "coordinates": [
          -0.510333,
          45.476833
        ]
      },
      "properties": {
        "name": "CLION",
        "altitude": 35,
        "id": 17111001
      }
    },
    {
      "type": "Feature",
      "geometry": {
        "type": "Point",
        "coordinates": [
          -1.012167,
          46.316333
        ]
      },
      "properties": {
        "name": "MARANS",
        "altitude": 2,
        "id": 17218001
      }
    },
    {
      "type": "Feature",
      "geometry": {
        "type": "Point",
        "coordinates": [
          -0.319667,
          45.858667
        ]
      },
      "properties": {
        "name": "MATHA",
        "altitude": 38,
        "id": 17224001
      }
    },
    {
      "type": "Feature",
      "geometry": {
        "type": "Point",
        "coordinates": [
          -0.291833,
          45.220167
        ]
      },
      "properties": {
        "name": "MONTLIEU_SAPC",
        "altitude": 89,
        "id": 17243002
      }
    },
    {
      "type": "Feature",
      "geometry": {
        "type": "Point",
        "coordinates": [
          -0.789833,
          45.477667
        ]
      },
      "properties": {
        "name": "MORTAGNE-SUR-GIRONDE_SAPC",
        "altitude": 37,
        "id": 17248001
      }
    },
    {
      "type": "Feature",
      "geometry": {
        "type": "Point",
        "coordinates": [
          -0.406667,
          46.019833
        ]
      },
      "properties": {
        "name": "NUAILLE SUR BOUTONNE",
        "altitude": 36,
        "id": 17268002
      }
    },
    {
      "type": "Feature",
      "geometry": {
        "type": "Point",
        "coordinates": [
          -1.193167,
          46.178
        ]
      },
      "properties": {
        "name": "LA ROCHELLE-ILE DE RE",
        "altitude": 20,
        "id": 17300009
      }
    },
    {
      "type": "Feature",
      "geometry": {
        "type": "Point",
        "coordinates": [
          -0.974667,
          45.633
        ]
      },
      "properties": {
        "name": "ROYAN-MEDIS",
        "altitude": 12,
        "id": 17306004
      }
    },
    {
      "type": "Feature",
      "geometry": {
        "type": "Point",
        "coordinates": [
          -0.984667,
          45.888
        ]
      },
      "properties": {
        "name": "ST AGNANT",
        "altitude": 18,
        "id": 17308001
      }
    },
    {
      "type": "Feature",
      "geometry": {
        "type": "Point",
        "coordinates": [
          -1.561667,
          46.243
        ]
      },
      "properties": {
        "name": "SAINT-CLEMENT DES BALEINES",
        "altitude": 10,
        "id": 17318001
      }
    },
    {
      "type": "Feature",
      "geometry": {
        "type": "Point",
        "coordinates": [
          -1.411667,
          46.046833
        ]
      },
      "properties": {
        "name": "CHASSIRON",
        "altitude": 11,
        "id": 17323001
      }
    },
    {
      "type": "Feature",
      "geometry": {
        "type": "Point",
        "coordinates": [
          -0.409667,
          45.458333
        ]
      },
      "properties": {
        "name": "ST GERMAIN DE LUSIGNAN",
        "altitude": 71,
        "id": 17339002
      }
    },
    {
      "type": "Feature",
      "geometry": {
        "type": "Point",
        "coordinates": [
          -1.027,
          45.988333
        ]
      },
      "properties": {
        "name": "ST-LAURENT PREE-INRAE",
        "altitude": 3,
        "id": 17353001
      }
    },
    {
      "type": "Feature",
      "geometry": {
        "type": "Point",
        "coordinates": [
          -0.652,
          45.761167
        ]
      },
      "properties": {
        "name": "SAINTES",
        "altitude": 38,
        "id": 17415003
      }
    },
    {
      "type": "Feature",
      "geometry": {
        "type": "Point",
        "coordinates": [
          -0.152,
          45.9875
        ]
      },
      "properties": {
        "name": "VILLIERS_SAPC",
        "altitude": 106,
        "id": 17477001
      }
    },
    {
      "type": "Feature",
      "geometry": {
        "type": "Point",
        "coordinates": [
          2.552333,
          47.209667
        ]
      },
      "properties": {
        "name": "LES AIX-D'ANG.",
        "altitude": 195,
        "id": 18003003
      }
    },
    {
      "type": "Feature",
      "geometry": {
        "type": "Point",
        "coordinates": [
          2.427333,
          47.4995
        ]
      },
      "properties": {
        "name": "AUBIGNY-SUR-NERE",
        "altitude": 176,
        "id": 18015003
      }
    },
    {
      "type": "Feature",
      "geometry": {
        "type": "Point",
        "coordinates": [
          2.359833,
          47.059167
        ]
      },
      "properties": {
        "name": "BOURGES",
        "altitude": 161,
        "id": 18033001
      }
    },
    {
      "type": "Feature",
      "geometry": {
        "type": "Point",
        "coordinates": [
          2.081,
          47.166667
        ]
      },
      "properties": {
        "name": "BRINAY",
        "altitude": 131,
        "id": 18036001
      }
    },
    {
      "type": "Feature",
      "geometry": {
        "type": "Point",
        "coordinates": [
          2.262333,
          47.5645
        ]
      },
      "properties": {
        "name": "BRINON",
        "altitude": 133,
        "id": 18037001
      }
    },
    {
      "type": "Feature",
      "geometry": {
        "type": "Point",
        "coordinates": [
          2.426667,
          47.373833
        ]
      },
      "properties": {
        "name": "CHAPELLE-D'ANG_SAPC",
        "altitude": 190,
        "id": 18047001
      }
    },
    {
      "type": "Feature",
      "geometry": {
        "type": "Point",
        "coordinates": [
          2.2175,
          46.564
        ]
      },
      "properties": {
        "name": "CHATEAUMEILLANT",
        "altitude": 243,
        "id": 18057003
      }
    },
    {
      "type": "Feature",
      "geometry": {
        "type": "Point",
        "coordinates": [
          2.566167,
          46.878333
        ]
      },
      "properties": {
        "name": "DUN",
        "altitude": 160,
        "id": 18087001
      }
    },
    {
      "type": "Feature",
      "geometry": {
        "type": "Point",
        "coordinates": [
          2.519833,
          46.563333
        ]
      },
      "properties": {
        "name": "EPINEUIL",
        "altitude": 228,
        "id": 18089001
      }
    },
    {
      "type": "Feature",
      "geometry": {
        "type": "Point",
        "coordinates": [
          2.642167,
          47.052167
        ]
      },
      "properties": {
        "name": "AVORD",
        "altitude": 175,
        "id": 18092001
      }
    },
    {
      "type": "Feature",
      "geometry": {
        "type": "Point",
        "coordinates": [
          2.579167,
          47.285833
        ]
      },
      "properties": {
        "name": "HENRICHEMONT",
        "altitude": 377,
        "id": 18109002
      }
    },
    {
      "type": "Feature",
      "geometry": {
        "type": "Point",
        "coordinates": [
          2.893167,
          47.457833
        ]
      },
      "properties": {
        "name": "LERE",
        "altitude": 139,
        "id": 18125004
      }
    },
    {
      "type": "Feature",
      "geometry": {
        "type": "Point",
        "coordinates": [
          2.467333,
          46.731
        ]
      },
      "properties": {
        "name": "ORVAL RAD",
        "altitude": 165,
        "id": 18172003
      }
    },
    {
      "type": "Feature",
      "geometry": {
        "type": "Point",
        "coordinates": [
          2.803333,
          46.925333
        ]
      },
      "properties": {
        "name": "OUROUER",
        "altitude": 221,
        "id": 18175003
      }
    },
    {
      "type": "Feature",
      "geometry": {
        "type": "Point",
        "coordinates": [
          2.2365,
          46.425333
        ]
      },
      "properties": {
        "name": "PREVERANGES",
        "altitude": 462,
        "id": 18187004
      }
    },
    {
      "type": "Feature",
      "geometry": {
        "type": "Point",
        "coordinates": [
          2.248667,
          46.989333
        ]
      },
      "properties": {
        "name": "ST-FLORENT/CHER",
        "altitude": 146,
        "id": 18207003
      }
    },
    {
      "type": "Feature",
      "geometry": {
        "type": "Point",
        "coordinates": [
          2.416833,
          47.200667
        ]
      },
      "properties": {
        "name": "ST-MARTIN-D'A.",
        "altitude": 172,
        "id": 18223003
      }
    },
    {
      "type": "Feature",
      "geometry": {
        "type": "Point",
        "coordinates": [
          2.631667,
          46.729
        ]
      },
      "properties": {
        "name": "ST-PIERRE",
        "altitude": 174,
        "id": 18231001
      }
    },
    {
      "type": "Feature",
      "geometry": {
        "type": "Point",
        "coordinates": [
          2.9265,
          46.831333
        ]
      },
      "properties": {
        "name": "SANCOINS",
        "altitude": 203,
        "id": 18242001
      }
    },
    {
      "type": "Feature",
      "geometry": {
        "type": "Point",
        "coordinates": [
          2.0135,
          47.219167
        ]
      },
      "properties": {
        "name": "VIERZON - VEVES",
        "altitude": 98,
        "id": 18279001
      }
    },
    {
      "type": "Feature",
      "geometry": {
        "type": "Point",
        "coordinates": [
          1.9375,
          45.101333
        ]
      },
      "properties": {
        "name": "ARGENTAT",
        "altitude": 190,
        "id": 19010001
      }
    },
    {
      "type": "Feature",
      "geometry": {
        "type": "Point",
        "coordinates": [
          1.823833,
          45.3445
        ]
      },
      "properties": {
        "name": "BAR",
        "altitude": 269,
        "id": 19016001
      }
    },
    {
      "type": "Feature",
      "geometry": {
        "type": "Point",
        "coordinates": [
          1.473333,
          45.146667
        ]
      },
      "properties": {
        "name": "BRIVE",
        "altitude": 115,
        "id": 19031008
      }
    },
    {
      "type": "Feature",
      "geometry": {
        "type": "Point",
        "coordinates": [
          1.930333,
          45.602667
        ]
      },
      "properties": {
        "name": "BUGEAT",
        "altitude": 694,
        "id": 19033001
      }
    },
    {
      "type": "Feature",
      "geometry": {
        "type": "Point",
        "coordinates": [
          1.988333,
          44.983667
        ]
      },
      "properties": {
        "name": "CAMPS",
        "altitude": 519,
        "id": 19034001
      }
    },
    {
      "type": "Feature",
      "geometry": {
        "type": "Point",
        "coordinates": [
          2.059167,
          45.398833
        ]
      },
      "properties": {
        "name": "EGLETONS",
        "altitude": 610,
        "id": 19073006
      }
    },
    {
      "type": "Feature",
      "geometry": {
        "type": "Point",
        "coordinates": [
          1.411167,
          45.410333
        ]
      },
      "properties": {
        "name": "LUBERSAC",
        "altitude": 390,
        "id": 19121002
      }
    },
    {
      "type": "Feature",
      "geometry": {
        "type": "Point",
        "coordinates": [
          2.039833,
          45.2835
        ]
      },
      "properties": {
        "name": "MARCILLAC",
        "altitude": 598,
        "id": 19125001
      }
    },
    {
      "type": "Feature",
      "geometry": {
        "type": "Point",
        "coordinates": [
          2.154333,
          45.534333
        ]
      },
      "properties": {
        "name": "MEYMAC",
        "altitude": 670,
        "id": 19136002
      }
    },
    {
      "type": "Feature",
      "geometry": {
        "type": "Point",
        "coordinates": [
          2.0955,
          45.642667
        ]
      },
      "properties": {
        "name": "MILLEVACHES",
        "altitude": 915,
        "id": 19139001
      }
    },
    {
      "type": "Feature",
      "geometry": {
        "type": "Point",
        "coordinates": [
          1.491667,
          45.036333
        ]
      },
      "properties": {
        "name": "BRIVE-SOUILLAC",
        "altitude": 295,
        "id": 19147001
      }
    },
    {
      "type": "Feature",
      "geometry": {
        "type": "Point",
        "coordinates": [
          2.058667,
          45.701
        ]
      },
      "properties": {
        "name": "PEYRELEVADE",
        "altitude": 827,
        "id": 19164001
      }
    },
    {
      "type": "Feature",
      "geometry": {
        "type": "Point",
        "coordinates": [
          2.42,
          45.537333
        ]
      },
      "properties": {
        "name": "USSEL-THALAMY",
        "altitude": 740,
        "id": 19201001
      }
    },
    {
      "type": "Feature",
      "geometry": {
        "type": "Point",
        "coordinates": [
          2.096,
          45.139
        ]
      },
      "properties": {
        "name": "ST-PRIVAT",
        "altitude": 585,
        "id": 19237001
      }
    },
    {
      "type": "Feature",
      "geometry": {
        "type": "Point",
        "coordinates": [
          2.212833,
          45.249
        ]
      },
      "properties": {
        "name": "SOURSAC",
        "altitude": 528,
        "id": 19264001
      }
    },
    {
      "type": "Feature",
      "geometry": {
        "type": "Point",
        "coordinates": [
          1.740333,
          45.2425
        ]
      },
      "properties": {
        "name": "TULLE",
        "altitude": 235,
        "id": 19272001
      }
    },
    {
      "type": "Feature",
      "geometry": {
        "type": "Point",
        "coordinates": [
          2.321333,
          45.558833
        ]
      },
      "properties": {
        "name": "USSEL-LAMARTINE",
        "altitude": 654,
        "id": 19275001
      }
    },
    {
      "type": "Feature",
      "geometry": {
        "type": "Point",
        "coordinates": [
          1.568167,
          45.396333
        ]
      },
      "properties": {
        "name": "UZERCHE",
        "altitude": 422,
        "id": 19276006
      }
    },
    {
      "type": "Feature",
      "geometry": {
        "type": "Point",
        "coordinates": [
          1.416,
          45.279833
        ]
      },
      "properties": {
        "name": "VOUTEZAC",
        "altitude": 124,
        "id": 19288004
      }
    },
    {
      "type": "Feature",
      "geometry": {
        "type": "Point",
        "coordinates": [
          8.792667,
          41.918
        ]
      },
      "properties": {
        "name": "AJACCIO",
        "altitude": 5,
        "id": 20004002
      }
    },
    {
      "type": "Feature",
      "geometry": {
        "type": "Point",
        "coordinates": [
          8.618167,
          41.908333
        ]
      },
      "properties": {
        "name": "AJACCIO-PARATA",
        "altitude": 124,
        "id": 20004003
      }
    },
    {
      "type": "Feature",
      "geometry": {
        "type": "Point",
        "coordinates": [
          8.720833,
          41.9385
        ]
      },
      "properties": {
        "name": "AJACCIO-MILELLI_SAPC",
        "altitude": 86,
        "id": 20004014
      }
    },
    {
      "type": "Feature",
      "geometry": {
        "type": "Point",
        "coordinates": [
          8.881667,
          42.324333
        ]
      },
      "properties": {
        "name": "SPONDE-NIVOSE",
        "altitude": 1971,
        "id": 20007402
      }
    },
    {
      "type": "Feature",
      "geometry": {
        "type": "Point",
        "coordinates": [
          8.922667,
          42.403833
        ]
      },
      "properties": {
        "name": "ASCO_SAPC",
        "altitude": 1400,
        "id": 20023005
      }
    },
    {
      "type": "Feature",
      "geometry": {
        "type": "Point",
        "coordinates": [
          9.389333,
          42.679833
        ]
      },
      "properties": {
        "name": "BARBAGGIO_SAPC",
        "altitude": 572,
        "id": 20029003
      }
    },
    {
      "type": "Feature",
      "geometry": {
        "type": "Point",
        "coordinates": [
          9.444833,
          42.704333
        ]
      },
      "properties": {
        "name": "BASTIA_SAPC",
        "altitude": 26,
        "id": 20033015
      }
    },
    {
      "type": "Feature",
      "geometry": {
        "type": "Point",
        "coordinates": [
          9.0525,
          42.080167
        ]
      },
      "properties": {
        "name": "BOCOGNANO-GARE",
        "altitude": 660,
        "id": 20040001
      }
    },
    {
      "type": "Feature",
      "geometry": {
        "type": "Point",
        "coordinates": [
          9.103333,
          42.104167
        ]
      },
      "properties": {
        "name": "BOCOGNANO",
        "altitude": 1019,
        "id": 20040004
      }
    },
    {
      "type": "Feature",
      "geometry": {
        "type": "Point",
        "coordinates": [
          9.178333,
          41.374833
        ]
      },
      "properties": {
        "name": "CAP PERTUSATO",
        "altitude": 107,
        "id": 20041001
      }
    },
    {
      "type": "Feature",
      "geometry": {
        "type": "Point",
        "coordinates": [
          9.4395,
          42.886667
        ]
      },
      "properties": {
        "name": "CAGNANO",
        "altitude": 278,
        "id": 20046002
      }
    },
    {
      "type": "Feature",
      "geometry": {
        "type": "Point",
        "coordinates": [
          9.0215,
          42.3315
        ]
      },
      "properties": {
        "name": "CALACUCCIA",
        "altitude": 811,
        "id": 20047006
      }
    },
    {
      "type": "Feature",
      "geometry": {
        "type": "Point",
        "coordinates": [
          8.7915,
          42.5295
        ]
      },
      "properties": {
        "name": "CALVI",
        "altitude": 57,
        "id": 20050001
      }
    },
    {
      "type": "Feature",
      "geometry": {
        "type": "Point",
        "coordinates": [
          9.353,
          42.494667
        ]
      },
      "properties": {
        "name": "CAMPILE_SAPC",
        "altitude": 499,
        "id": 20054002
      }
    },
    {
      "type": "Feature",
      "geometry": {
        "type": "Point",
        "coordinates": [
          9.134167,
          42.380167
        ]
      },
      "properties": {
        "name": "CASTIRLA",
        "altitude": 376,
        "id": 20083001
      }
    },
    {
      "type": "Feature",
      "geometry": {
        "type": "Point",
        "coordinates": [
          9.3485,
          41.717
        ]
      },
      "properties": {
        "name": "CONCA",
        "altitude": 253,
        "id": 20092001
      }
    },
    {
      "type": "Feature",
      "geometry": {
        "type": "Point",
        "coordinates": [
          8.9225,
          42.633333
        ]
      },
      "properties": {
        "name": "ILE ROUSSE",
        "altitude": 140,
        "id": 20093002
      }
    },
    {
      "type": "Feature",
      "geometry": {
        "type": "Point",
        "coordinates": [
          9.193167,
          42.2885
        ]
      },
      "properties": {
        "name": "CORTE",
        "altitude": 350,
        "id": 20096008
      }
    },
    {
      "type": "Feature",
      "geometry": {
        "type": "Point",
        "coordinates": [
          9.031333,
          42.229667
        ]
      },
      "properties": {
        "name": "RESTONICA_SAPC",
        "altitude": 1372,
        "id": 20096009
      }
    },
    {
      "type": "Feature",
      "geometry": {
        "type": "Point",
        "coordinates": [
          9.3595,
          43.003833
        ]
      },
      "properties": {
        "name": "CAP CORSE",
        "altitude": 72,
        "id": 20107001
      }
    },
    {
      "type": "Feature",
      "geometry": {
        "type": "Point",
        "coordinates": [
          8.838667,
          42.263333
        ]
      },
      "properties": {
        "name": "EVISA-ONF",
        "altitude": 1030,
        "id": 20108002
      }
    },
    {
      "type": "Feature",
      "geometry": {
        "type": "Point",
        "coordinates": [
          9.103667,
          41.505167
        ]
      },
      "properties": {
        "name": "FIGARI",
        "altitude": 20,
        "id": 20114002
      }
    },
    {
      "type": "Feature",
      "geometry": {
        "type": "Point",
        "coordinates": [
          9.369333,
          42.2165
        ]
      },
      "properties": {
        "name": "GIUNCAGGIO_SAPC",
        "altitude": 685,
        "id": 20126001
      }
    },
    {
      "type": "Feature",
      "geometry": {
        "type": "Point",
        "coordinates": [
          9.305,
          41.992333
        ]
      },
      "properties": {
        "name": "ISOLACCIO DI FIUMORBO",
        "altitude": 198,
        "id": 20135002
      }
    },
    {
      "type": "Feature",
      "geometry": {
        "type": "Point",
        "coordinates": [
          9.125833,
          41.7035
        ]
      },
      "properties": {
        "name": "LEVIE",
        "altitude": 571,
        "id": 20142001
      }
    },
    {
      "type": "Feature",
      "geometry": {
        "type": "Point",
        "coordinates": [
          9.485167,
          42.540667
        ]
      },
      "properties": {
        "name": "BASTIA",
        "altitude": 10,
        "id": 20148001
      }
    },
    {
      "type": "Feature",
      "geometry": {
        "type": "Point",
        "coordinates": [
          8.655333,
          42.188833
        ]
      },
      "properties": {
        "name": "MARIGNANA",
        "altitude": 515,
        "id": 20154001
      }
    },
    {
      "type": "Feature",
      "geometry": {
        "type": "Point",
        "coordinates": [
          9.0165,
          41.761667
        ]
      },
      "properties": {
        "name": "MOCA-CROCE",
        "altitude": 951,
        "id": 20160001
      }
    },
    {
      "type": "Feature",
      "geometry": {
        "type": "Point",
        "coordinates": [
          9.199833,
          42.472667
        ]
      },
      "properties": {
        "name": "PONTE-LECCIA",
        "altitude": 240,
        "id": 20169007
      }
    },
    {
      "type": "Feature",
      "geometry": {
        "type": "Point",
        "coordinates": [
          9.3205,
          42.632333
        ]
      },
      "properties": {
        "name": "OLETTA",
        "altitude": 75,
        "id": 20185003
      }
    },
    {
      "type": "Feature",
      "geometry": {
        "type": "Point",
        "coordinates": [
          9.0165,
          42.5295
        ]
      },
      "properties": {
        "name": "OLMI-CAPPELLA",
        "altitude": 844,
        "id": 20190002
      }
    },
    {
      "type": "Feature",
      "geometry": {
        "type": "Point",
        "coordinates": [
          8.905667,
          42.003167
        ]
      },
      "properties": {
        "name": "PERI_SAPC",
        "altitude": 433,
        "id": 20209003
      }
    },
    {
      "type": "Feature",
      "geometry": {
        "type": "Point",
        "coordinates": [
          8.979167,
          41.785167
        ]
      },
      "properties": {
        "name": "PETRETO BICCHISANO",
        "altitude": 450,
        "id": 20211001
      }
    },
    {
      "type": "Feature",
      "geometry": {
        "type": "Point",
        "coordinates": [
          9.172,
          42.541
        ]
      },
      "properties": {
        "name": "PIETRALBA",
        "altitude": 510,
        "id": 20223001
      }
    },
    {
      "type": "Feature",
      "geometry": {
        "type": "Point",
        "coordinates": [
          8.903667,
          41.8145
        ]
      },
      "properties": {
        "name": "PILA-CANALE",
        "altitude": 407,
        "id": 20232002
      }
    },
    {
      "type": "Feature",
      "geometry": {
        "type": "Point",
        "coordinates": [
          8.999833,
          42.517833
        ]
      },
      "properties": {
        "name": "PIOGGIOLA",
        "altitude": 995,
        "id": 20235001
      }
    },
    {
      "type": "Feature",
      "geometry": {
        "type": "Point",
        "coordinates": [
          9.363167,
          41.594833
        ]
      },
      "properties": {
        "name": "LA CHIAPPA",
        "altitude": 57,
        "id": 20247001
      }
    },
    {
      "type": "Feature",
      "geometry": {
        "type": "Point",
        "coordinates": [
          8.915,
          41.678167
        ]
      },
      "properties": {
        "name": "PROPRIANO",
        "altitude": 34,
        "id": 20249003
      }
    },
    {
      "type": "Feature",
      "geometry": {
        "type": "Point",
        "coordinates": [
          9.142833,
          41.777667
        ]
      },
      "properties": {
        "name": "QUENZA",
        "altitude": 932,
        "id": 20254006
      }
    },
    {
      "type": "Feature",
      "geometry": {
        "type": "Point",
        "coordinates": [
          9.332333,
          42.426833
        ]
      },
      "properties": {
        "name": "QUERCITELLO",
        "altitude": 997,
        "id": 20255003
      }
    },
    {
      "type": "Feature",
      "geometry": {
        "type": "Point",
        "coordinates": [
          8.807167,
          42.190167
        ]
      },
      "properties": {
        "name": "RENNO",
        "altitude": 755,
        "id": 20258001
      }
    },
    {
      "type": "Feature",
      "geometry": {
        "type": "Point",
        "coordinates": [
          9.2645,
          42.364167
        ]
      },
      "properties": {
        "name": "RUSIO_SAPC",
        "altitude": 860,
        "id": 20264002
      }
    },
    {
      "type": "Feature",
      "geometry": {
        "type": "Point",
        "coordinates": [
          9.123,
          41.943
        ]
      },
      "properties": {
        "name": "SAMPOLO",
        "altitude": 837,
        "id": 20268001
      }
    },
    {
      "type": "Feature",
      "geometry": {
        "type": "Point",
        "coordinates": [
          8.802333,
          42.0785
        ]
      },
      "properties": {
        "name": "SARI D'ORCINO",
        "altitude": 407,
        "id": 20270001
      }
    },
    {
      "type": "Feature",
      "geometry": {
        "type": "Point",
        "coordinates": [
          8.962167,
          41.620167
        ]
      },
      "properties": {
        "name": "SARTENE-CIMETIERE",
        "altitude": 272,
        "id": 20272001
      }
    },
    {
      "type": "Feature",
      "geometry": {
        "type": "Point",
        "coordinates": [
          8.979333,
          41.652333
        ]
      },
      "properties": {
        "name": "SARTENE",
        "altitude": 62,
        "id": 20272004
      }
    },
    {
      "type": "Feature",
      "geometry": {
        "type": "Point",
        "coordinates": [
          9.412167,
          42.429333
        ]
      },
      "properties": {
        "name": "SCATA",
        "altitude": 185,
        "id": 20273001
      }
    },
    {
      "type": "Feature",
      "geometry": {
        "type": "Point",
        "coordinates": [
          9.488667,
          42.798333
        ]
      },
      "properties": {
        "name": "CAP SAGRO",
        "altitude": 111,
        "id": 20281001
      }
    },
    {
      "type": "Feature",
      "geometry": {
        "type": "Point",
        "coordinates": [
          9.5415,
          42.259667
        ]
      },
      "properties": {
        "name": "ALISTRO",
        "altitude": 65,
        "id": 20303002
      }
    },
    {
      "type": "Feature",
      "geometry": {
        "type": "Point",
        "coordinates": [
          8.989167,
          41.879167
        ]
      },
      "properties": {
        "name": "SANTA MARIA SICHE",
        "altitude": 541,
        "id": 20312001
      }
    },
    {
      "type": "Feature",
      "geometry": {
        "type": "Point",
        "coordinates": [
          9.200667,
          42.635833
        ]
      },
      "properties": {
        "name": "SANTO PIETRO DI TENDA",
        "altitude": 484,
        "id": 20314006
      }
    },
    {
      "type": "Feature",
      "geometry": {
        "type": "Point",
        "coordinates": [
          8.959167,
          41.9635
        ]
      },
      "properties": {
        "name": "TOLLA_SAPC",
        "altitude": 698,
        "id": 20326001
      }
    },
    {
      "type": "Feature",
      "geometry": {
        "type": "Point",
        "coordinates": [
          9.0485,
          42.208333
        ]
      },
      "properties": {
        "name": "MANICCIA-NIVOSE",
        "altitude": 2379,
        "id": 20341400
      }
    },
    {
      "type": "Feature",
      "geometry": {
        "type": "Point",
        "coordinates": [
          9.400833,
          41.921833
        ]
      },
      "properties": {
        "name": "SOLENZARA",
        "altitude": 12,
        "id": 20342001
      }
    },
    {
      "type": "Feature",
      "geometry": {
        "type": "Point",
        "coordinates": [
          9.149167,
          42.152667
        ]
      },
      "properties": {
        "name": "VIVARIO_SAPC",
        "altitude": 773,
        "id": 20354008
      }
    },
    {
      "type": "Feature",
      "geometry": {
        "type": "Point",
        "coordinates": [
          5.208333,
          47.413833
        ]
      },
      "properties": {
        "name": "BEIRE LE CHATEL",
        "altitude": 250,
        "id": 21056001
      }
    },
    {
      "type": "Feature",
      "geometry": {
        "type": "Point",
        "coordinates": [
          4.743167,
          47.086
        ]
      },
      "properties": {
        "name": "BESSEY",
        "altitude": 593,
        "id": 21065001
      }
    },
    {
      "type": "Feature",
      "geometry": {
        "type": "Point",
        "coordinates": [
          4.948167,
          47.7195
        ]
      },
      "properties": {
        "name": "BURE LES TEMPLIERS_SAPC",
        "altitude": 461,
        "id": 21116002
      }
    },
    {
      "type": "Feature",
      "geometry": {
        "type": "Point",
        "coordinates": [
          5.190667,
          47.043167
        ]
      },
      "properties": {
        "name": "PAGNY-LE-CHATEAU",
        "altitude": 182,
        "id": 21131001
      }
    },
    {
      "type": "Feature",
      "geometry": {
        "type": "Point",
        "coordinates": [
          4.581333,
          47.849333
        ]
      },
      "properties": {
        "name": "CHATILLON/SEINE",
        "altitude": 262,
        "id": 21154001
      }
    },
    {
      "type": "Feature",
      "geometry": {
        "type": "Point",
        "coordinates": [
          5.014333,
          47.319167
        ]
      },
      "properties": {
        "name": "DIJON",
        "altitude": 240,
        "id": 21231001
      }
    },
    {
      "type": "Feature",
      "geometry": {
        "type": "Point",
        "coordinates": [
          4.596333,
          47.319333
        ]
      },
      "properties": {
        "name": "GROSBOIS-EN-MONTAGNE",
        "altitude": 376,
        "id": 21310001
      }
    },
    {
      "type": "Feature",
      "geometry": {
        "type": "Point",
        "coordinates": [
          4.596333,
          47.636
        ]
      },
      "properties": {
        "name": "JOURS LES BAIGNEUX_SAPC",
        "altitude": 392,
        "id": 21326001
      }
    },
    {
      "type": "Feature",
      "geometry": {
        "type": "Point",
        "coordinates": [
          4.4335,
          47.4475
        ]
      },
      "properties": {
        "name": "MARIGNY LE CAHOUET",
        "altitude": 335,
        "id": 21386001
      }
    },
    {
      "type": "Feature",
      "geometry": {
        "type": "Point",
        "coordinates": [
          4.586333,
          47.388667
        ]
      },
      "properties": {
        "name": "MASSINGY-LES-VITTEAUX_SAPC",
        "altitude": 509,
        "id": 21395001
      }
    },
    {
      "type": "Feature",
      "geometry": {
        "type": "Point",
        "coordinates": [
          4.3305,
          47.6285
        ]
      },
      "properties": {
        "name": "MONTBARD_SAPC",
        "altitude": 209,
        "id": 21425001
      }
    },
    {
      "type": "Feature",
      "geometry": {
        "type": "Point",
        "coordinates": [
          4.315333,
          47.860333
        ]
      },
      "properties": {
        "name": "NICEY",
        "altitude": 209,
        "id": 21454001
      }
    },
    {
      "type": "Feature",
      "geometry": {
        "type": "Point",
        "coordinates": [
          5.088333,
          47.267833
        ]
      },
      "properties": {
        "name": "DIJON-LONGVIC",
        "altitude": 219,
        "id": 21473001
      }
    },
    {
      "type": "Feature",
      "geometry": {
        "type": "Point",
        "coordinates": [
          4.561,
          47.251333
        ]
      },
      "properties": {
        "name": "POUILLY EN AUX_SAPC",
        "altitude": 412,
        "id": 21501003
      }
    },
    {
      "type": "Feature",
      "geometry": {
        "type": "Point",
        "coordinates": [
          5.417667,
          47.542667
        ]
      },
      "properties": {
        "name": "POUILLY SUR VINGEANNE",
        "altitude": 239,
        "id": 21503001
      }
    },
    {
      "type": "Feature",
      "geometry": {
        "type": "Point",
        "coordinates": [
          4.864167,
          47.782167
        ]
      },
      "properties": {
        "name": "RECEY SUR OURCE",
        "altitude": 326,
        "id": 21519001
      }
    },
    {
      "type": "Feature",
      "geometry": {
        "type": "Point",
        "coordinates": [
          4.674,
          46.9525
        ]
      },
      "properties": {
        "name": "LA ROCHEPOT",
        "altitude": 417,
        "id": 21527001
      }
    },
    {
      "type": "Feature",
      "geometry": {
        "type": "Point",
        "coordinates": [
          4.781167,
          47.4005
        ]
      },
      "properties": {
        "name": "ST-MARTIN-DU-M",
        "altitude": 578,
        "id": 21561003
      }
    },
    {
      "type": "Feature",
      "geometry": {
        "type": "Point",
        "coordinates": [
          5.072167,
          47.122167
        ]
      },
      "properties": {
        "name": "ST NIC. CITEAUX",
        "altitude": 203,
        "id": 21564001
      }
    },
    {
      "type": "Feature",
      "geometry": {
        "type": "Point",
        "coordinates": [
          4.498667,
          47.124833
        ]
      },
      "properties": {
        "name": "ARNAY_SAPC",
        "altitude": 396,
        "id": 21567001
      }
    },
    {
      "type": "Feature",
      "geometry": {
        "type": "Point",
        "coordinates": [
          4.215,
          47.264167
        ]
      },
      "properties": {
        "name": "SAULIEU",
        "altitude": 586,
        "id": 21584001
      }
    },
    {
      "type": "Feature",
      "geometry": {
        "type": "Point",
        "coordinates": [
          4.34,
          47.482
        ]
      },
      "properties": {
        "name": "SEMUR EN AUXOIS_SAPC",
        "altitude": 314,
        "id": 21603001
      }
    },
    {
      "type": "Feature",
      "geometry": {
        "type": "Point",
        "coordinates": [
          4.4395,
          47.319167
        ]
      },
      "properties": {
        "name": "THOREY SOUS CHARNY_SAPC",
        "altitude": 421,
        "id": 21633002
      }
    },
    {
      "type": "Feature",
      "geometry": {
        "type": "Point",
        "coordinates": [
          5.2075,
          47.544833
        ]
      },
      "properties": {
        "name": "TIL-CHATEL_SAPC",
        "altitude": 283,
        "id": 21638002
      }
    },
    {
      "type": "Feature",
      "geometry": {
        "type": "Point",
        "coordinates": [
          -3.3875,
          48.55
        ]
      },
      "properties": {
        "name": "BELLE-ISLE-EN-TERRE",
        "altitude": 158,
        "id": 22005003
      }
    },
    {
      "type": "Feature",
      "geometry": {
        "type": "Point",
        "coordinates": [
          -3.0045,
          48.855167
        ]
      },
      "properties": {
        "name": "ILE-DE-BREHAT",
        "altitude": 25,
        "id": 22016001
      }
    },
    {
      "type": "Feature",
      "geometry": {
        "type": "Point",
        "coordinates": [
          -3.147667,
          48.404
        ]
      },
      "properties": {
        "name": "KERPERT",
        "altitude": 281,
        "id": 22092001
      }
    },
    {
      "type": "Feature",
      "geometry": {
        "type": "Point",
        "coordinates": [
          -3.0405,
          48.691167
        ]
      },
      "properties": {
        "name": "LANLEFF",
        "altitude": 78,
        "id": 22108001
      }
    },
    {
      "type": "Feature",
      "geometry": {
        "type": "Point",
        "coordinates": [
          -3.468667,
          48.755333
        ]
      },
      "properties": {
        "name": "LANNION_AERO",
        "altitude": 85,
        "id": 22113006
      }
    },
    {
      "type": "Feature",
      "geometry": {
        "type": "Point",
        "coordinates": [
          -2.4205,
          48.188
        ]
      },
      "properties": {
        "name": "MERDRIGNAC",
        "altitude": 145,
        "id": 22147006
      }
    },
    {
      "type": "Feature",
      "geometry": {
        "type": "Point",
        "coordinates": [
          -3.473167,
          48.825833
        ]
      },
      "properties": {
        "name": "PLOUMANAC'H",
        "altitude": 55,
        "id": 22168001
      }
    },
    {
      "type": "Feature",
      "geometry": {
        "type": "Point",
        "coordinates": [
          -2.748333,
          48.265833
        ]
      },
      "properties": {
        "name": "PLOUGUENAST",
        "altitude": 235,
        "id": 22219003
      }
    },
    {
      "type": "Feature",
      "geometry": {
        "type": "Point",
        "coordinates": [
          -3.522333,
          48.404167
        ]
      },
      "properties": {
        "name": "PLUSQUELLEC",
        "altitude": 214,
        "id": 22243001
      }
    },
    {
      "type": "Feature",
      "geometry": {
        "type": "Point",
        "coordinates": [
          -3.251,
          48.742
        ]
      },
      "properties": {
        "name": "POMMERIT-JAUDY",
        "altitude": 55,
        "id": 22247002
      }
    },
    {
      "type": "Feature",
      "geometry": {
        "type": "Point",
        "coordinates": [
          -2.42,
          48.519167
        ]
      },
      "properties": {
        "name": "QUINTENIC",
        "altitude": 71,
        "id": 22261002
      }
    },
    {
      "type": "Feature",
      "geometry": {
        "type": "Point",
        "coordinates": [
          -3.295333,
          48.226667
        ]
      },
      "properties": {
        "name": "ROSTRENEN",
        "altitude": 236,
        "id": 22266001
      }
    },
    {
      "type": "Feature",
      "geometry": {
        "type": "Point",
        "coordinates": [
          -2.247,
          48.6445
        ]
      },
      "properties": {
        "name": "SAINT-CAST-LE-G",
        "altitude": 35,
        "id": 22282001
      }
    },
    {
      "type": "Feature",
      "geometry": {
        "type": "Point",
        "coordinates": [
          -2.853167,
          48.5365
        ]
      },
      "properties": {
        "name": "ST BRIEUC",
        "altitude": 135,
        "id": 22372001
      }
    },
    {
      "type": "Feature",
      "geometry": {
        "type": "Point",
        "coordinates": [
          2.187833,
          45.957833
        ]
      },
      "properties": {
        "name": "AUBUSSON_SAPC",
        "altitude": 486,
        "id": 23008004
      }
    },
    {
      "type": "Feature",
      "geometry": {
        "type": "Point",
        "coordinates": [
          2.489333,
          46.0215
        ]
      },
      "properties": {
        "name": "AUZANCES_SAPC",
        "altitude": 564,
        "id": 23013001
      }
    },
    {
      "type": "Feature",
      "geometry": {
        "type": "Point",
        "coordinates": [
          1.6285,
          46.121
        ]
      },
      "properties": {
        "name": "BENEVENT_SAPC",
        "altitude": 460,
        "id": 23021001
      }
    },
    {
      "type": "Feature",
      "geometry": {
        "type": "Point",
        "coordinates": [
          1.916333,
          46.315333
        ]
      },
      "properties": {
        "name": "BONNAT",
        "altitude": 382,
        "id": 23025001
      }
    },
    {
      "type": "Feature",
      "geometry": {
        "type": "Point",
        "coordinates": [
          1.725833,
          45.942333
        ]
      },
      "properties": {
        "name": "BOURGANEUF",
        "altitude": 513,
        "id": 23030004
      }
    },
    {
      "type": "Feature",
      "geometry": {
        "type": "Point",
        "coordinates": [
          2.228333,
          46.343333
        ]
      },
      "properties": {
        "name": "BOUSSAC_SAPC",
        "altitude": 380,
        "id": 23031002
      }
    },
    {
      "type": "Feature",
      "geometry": {
        "type": "Point",
        "coordinates": [
          2.553,
          46.176
        ]
      },
      "properties": {
        "name": "CHAMBONCHARD",
        "altitude": 320,
        "id": 23046001
      }
    },
    {
      "type": "Feature",
      "geometry": {
        "type": "Point",
        "coordinates": [
          2.263667,
          45.702667
        ]
      },
      "properties": {
        "name": "LA COURTINE",
        "altitude": 772,
        "id": 23067001
      }
    },
    {
      "type": "Feature",
      "geometry": {
        "type": "Point",
        "coordinates": [
          2.362167,
          45.867167
        ]
      },
      "properties": {
        "name": "CROCQ",
        "altitude": 710,
        "id": 23069002
      }
    },
    {
      "type": "Feature",
      "geometry": {
        "type": "Point",
        "coordinates": [
          1.666833,
          46.317833
        ]
      },
      "properties": {
        "name": "DUN LE PALESTEL",
        "altitude": 365,
        "id": 23075001
      }
    },
    {
      "type": "Feature",
      "geometry": {
        "type": "Point",
        "coordinates": [
          2.186,
          45.880167
        ]
      },
      "properties": {
        "name": "FELLETIN",
        "altitude": 635,
        "id": 23079002
      }
    },
    {
      "type": "Feature",
      "geometry": {
        "type": "Point",
        "coordinates": [
          1.985,
          46.352333
        ]
      },
      "properties": {
        "name": "GENOUILLAC",
        "altitude": 306,
        "id": 23089001
      }
    },
    {
      "type": "Feature",
      "geometry": {
        "type": "Point",
        "coordinates": [
          1.997333,
          45.785
        ]
      },
      "properties": {
        "name": "GENTIOUX",
        "altitude": 794,
        "id": 23090003
      }
    },
    {
      "type": "Feature",
      "geometry": {
        "type": "Point",
        "coordinates": [
          2.393167,
          45.9865
        ]
      },
      "properties": {
        "name": "LUPERSAT_SAPC",
        "altitude": 610,
        "id": 23113001
      }
    },
    {
      "type": "Feature",
      "geometry": {
        "type": "Point",
        "coordinates": [
          1.852833,
          45.995667
        ]
      },
      "properties": {
        "name": "PONTARION_SAPC",
        "altitude": 455,
        "id": 23155001
      }
    },
    {
      "type": "Feature",
      "geometry": {
        "type": "Point",
        "coordinates": [
          1.451833,
          46.2425
        ]
      },
      "properties": {
        "name": "LA SOUTERRAINE",
        "altitude": 370,
        "id": 23176001
      }
    },
    {
      "type": "Feature",
      "geometry": {
        "type": "Point",
        "coordinates": [
          1.950333,
          46.1755
        ]
      },
      "properties": {
        "name": "GUERET-ST LAURENT",
        "altitude": 365,
        "id": 23206002
      }
    },
    {
      "type": "Feature",
      "geometry": {
        "type": "Point",
        "coordinates": [
          2.2645,
          46.140667
        ]
      },
      "properties": {
        "name": "SAINT-LOUP_SAPC",
        "altitude": 440,
        "id": 23209001
      }
    },
    {
      "type": "Feature",
      "geometry": {
        "type": "Point",
        "coordinates": [
          0.956,
          44.782667
        ]
      },
      "properties": {
        "name": "BELVES",
        "altitude": 238,
        "id": 24035003
      }
    },
    {
      "type": "Feature",
      "geometry": {
        "type": "Point",
        "coordinates": [
          0.524167,
          44.822833
        ]
      },
      "properties": {
        "name": "BERGERAC",
        "altitude": 49,
        "id": 24037005
      }
    },
    {
      "type": "Feature",
      "geometry": {
        "type": "Point",
        "coordinates": [
          0.645833,
          45.356833
        ]
      },
      "properties": {
        "name": "BRANTOME",
        "altitude": 129,
        "id": 24064001
      }
    },
    {
      "type": "Feature",
      "geometry": {
        "type": "Point",
        "coordinates": [
          0.676667,
          45.1595
        ]
      },
      "properties": {
        "name": "COULOUNIEIX",
        "altitude": 217,
        "id": 24138004
      }
    },
    {
      "type": "Feature",
      "geometry": {
        "type": "Point",
        "coordinates": [
          1.219667,
          44.798333
        ]
      },
      "properties": {
        "name": "DOMME",
        "altitude": 165,
        "id": 24152001
      }
    },
    {
      "type": "Feature",
      "geometry": {
        "type": "Point",
        "coordinates": [
          1.021,
          44.954667
        ]
      },
      "properties": {
        "name": "LES EYZIES DE TAYAC",
        "altitude": 112,
        "id": 24172001
      }
    },
    {
      "type": "Feature",
      "geometry": {
        "type": "Point",
        "coordinates": [
          0.041167,
          44.837333
        ]
      },
      "properties": {
        "name": "LAMOTHE MONTRAV",
        "altitude": 9,
        "id": 24226001
      }
    },
    {
      "type": "Feature",
      "geometry": {
        "type": "Point",
        "coordinates": [
          0.891667,
          44.684
        ]
      },
      "properties": {
        "name": "MONPAZIER",
        "altitude": 199,
        "id": 24280001
      }
    },
    {
      "type": "Feature",
      "geometry": {
        "type": "Point",
        "coordinates": [
          1.147333,
          45.052167
        ]
      },
      "properties": {
        "name": "MONTIGNAC",
        "altitude": 77,
        "id": 24291001
      }
    },
    {
      "type": "Feature",
      "geometry": {
        "type": "Point",
        "coordinates": [
          0.319333,
          45.357833
        ]
      },
      "properties": {
        "name": "ST MARTIAL VIVEYROLS",
        "altitude": 166,
        "id": 24452001
      }
    },
    {
      "type": "Feature",
      "geometry": {
        "type": "Point",
        "coordinates": [
          0.848333,
          45.4755
        ]
      },
      "properties": {
        "name": "ST MARTIN  DE FRESSENGEAS",
        "altitude": 277,
        "id": 24453001
      }
    },
    {
      "type": "Feature",
      "geometry": {
        "type": "Point",
        "coordinates": [
          1.364667,
          44.936667
        ]
      },
      "properties": {
        "name": "SALIGNAC-EYVIGUES",
        "altitude": 276,
        "id": 24516002
      }
    },
    {
      "type": "Feature",
      "geometry": {
        "type": "Point",
        "coordinates": [
          1.2925,
          45.1355
        ]
      },
      "properties": {
        "name": "TERRASSON-LAVILLEDIEU",
        "altitude": 90,
        "id": 24547002
      }
    },
    {
      "type": "Feature",
      "geometry": {
        "type": "Point",
        "coordinates": [
          1.0385,
          45.112667
        ]
      },
      "properties": {
        "name": "THENON",
        "altitude": 265,
        "id": 24550003
      }
    },
    {
      "type": "Feature",
      "geometry": {
        "type": "Point",
        "coordinates": [
          5.782,
          47.0315
        ]
      },
      "properties": {
        "name": "ARC-ET-SENANS",
        "altitude": 235,
        "id": 25021001
      }
    },
    {
      "type": "Feature",
      "geometry": {
        "type": "Point",
        "coordinates": [
          6.350333,
          47.347167
        ]
      },
      "properties": {
        "name": "BAUME-LES-DAMES",
        "altitude": 267,
        "id": 25047001
      }
    },
    {
      "type": "Feature",
      "geometry": {
        "type": "Point",
        "coordinates": [
          5.988833,
          47.249
        ]
      },
      "properties": {
        "name": "BESANCON",
        "altitude": 306,
        "id": 25056001
      }
    },
    {
      "type": "Feature",
      "geometry": {
        "type": "Point",
        "coordinates": [
          6.472167,
          47.378
        ]
      },
      "properties": {
        "name": "BRANNE_SAPC",
        "altitude": 287,
        "id": 25087002
      }
    },
    {
      "type": "Feature",
      "geometry": {
        "type": "Point",
        "coordinates": [
          6.815,
          47.218833
        ]
      },
      "properties": {
        "name": "CHARQUEMONT",
        "altitude": 884,
        "id": 25127001
      }
    },
    {
      "type": "Feature",
      "geometry": {
        "type": "Point",
        "coordinates": [
          6.366333,
          47.127167
        ]
      },
      "properties": {
        "name": "EPENOY",
        "altitude": 752,
        "id": 25219002
      }
    },
    {
      "type": "Feature",
      "geometry": {
        "type": "Point",
        "coordinates": [
          6.210167,
          47.1525
        ]
      },
      "properties": {
        "name": "ETALANS_SAPC",
        "altitude": 540,
        "id": 25222001
      }
    },
    {
      "type": "Feature",
      "geometry": {
        "type": "Point",
        "coordinates": [
          6.0205,
          47.023333
        ]
      },
      "properties": {
        "name": "COULANS",
        "altitude": 468,
        "id": 25223002
      }
    },
    {
      "type": "Feature",
      "geometry": {
        "type": "Point",
        "coordinates": [
          6.4365,
          46.834
        ]
      },
      "properties": {
        "name": "LES FOURGS",
        "altitude": 1140,
        "id": 25254001
      }
    },
    {
      "type": "Feature",
      "geometry": {
        "type": "Point",
        "coordinates": [
          6.567167,
          47.019167
        ]
      },
      "properties": {
        "name": "GRAND'COMBE-CHATELEU_SAPC",
        "altitude": 769,
        "id": 25285001
      }
    },
    {
      "type": "Feature",
      "geometry": {
        "type": "Point",
        "coordinates": [
          6.2795,
          46.779667
        ]
      },
      "properties": {
        "name": "LABERGEMENT",
        "altitude": 863,
        "id": 25320001
      }
    },
    {
      "type": "Feature",
      "geometry": {
        "type": "Point",
        "coordinates": [
          6.124167,
          46.949333
        ]
      },
      "properties": {
        "name": "LEVIER_SAPC",
        "altitude": 713,
        "id": 25334001
      }
    },
    {
      "type": "Feature",
      "geometry": {
        "type": "Point",
        "coordinates": [
          6.791,
          47.243
        ]
      },
      "properties": {
        "name": "MAICHE",
        "altitude": 825,
        "id": 25356003
      }
    },
    {
      "type": "Feature",
      "geometry": {
        "type": "Point",
        "coordinates": [
          6.601333,
          47.456
        ]
      },
      "properties": {
        "name": "MEDIERE",
        "altitude": 302,
        "id": 25372001
      }
    },
    {
      "type": "Feature",
      "geometry": {
        "type": "Point",
        "coordinates": [
          6.2095,
          46.707
        ]
      },
      "properties": {
        "name": "MOUTHE",
        "altitude": 940,
        "id": 25413001
      }
    },
    {
      "type": "Feature",
      "geometry": {
        "type": "Point",
        "coordinates": [
          6.528833,
          47.216667
        ]
      },
      "properties": {
        "name": "PIERREFONTAINE",
        "altitude": 695,
        "id": 25453001
      }
    },
    {
      "type": "Feature",
      "geometry": {
        "type": "Point",
        "coordinates": [
          6.32,
          46.927
        ]
      },
      "properties": {
        "name": "PONTARLIER",
        "altitude": 808,
        "id": 25462001
      }
    },
    {
      "type": "Feature",
      "geometry": {
        "type": "Point",
        "coordinates": [
          6.322833,
          46.729
        ]
      },
      "properties": {
        "name": "LA BOISSAUDE ROCHEJEAN",
        "altitude": 1222,
        "id": 25494001
      }
    },
    {
      "type": "Feature",
      "geometry": {
        "type": "Point",
        "coordinates": [
          6.7375,
          47.162167
        ]
      },
      "properties": {
        "name": "LE RUSSEY",
        "altitude": 891,
        "id": 25512001
      }
    },
    {
      "type": "Feature",
      "geometry": {
        "type": "Point",
        "coordinates": [
          6.581667,
          47.3015
        ]
      },
      "properties": {
        "name": "SANCEY-LE-GRAND",
        "altitude": 490,
        "id": 25529002
      }
    },
    {
      "type": "Feature",
      "geometry": {
        "type": "Point",
        "coordinates": [
          6.021333,
          46.9385
        ]
      },
      "properties": {
        "name": "VILLENEUVE-D'AMONT",
        "altitude": 663,
        "id": 25621001
      }
    },
    {
      "type": "Feature",
      "geometry": {
        "type": "Point",
        "coordinates": [
          4.822333,
          45.252333
        ]
      },
      "properties": {
        "name": "ALBON",
        "altitude": 153,
        "id": 26002003
      }
    },
    {
      "type": "Feature",
      "geometry": {
        "type": "Point",
        "coordinates": [
          5.139,
          44.778
        ]
      },
      "properties": {
        "name": "BEAUFORT-S-GERV",
        "altitude": 379,
        "id": 26035001
      }
    },
    {
      "type": "Feature",
      "geometry": {
        "type": "Point",
        "coordinates": [
          5.454333,
          44.535167
        ]
      },
      "properties": {
        "name": "BELLEGARDE-EN-D",
        "altitude": 1017,
        "id": 26047001
      }
    },
    {
      "type": "Feature",
      "geometry": {
        "type": "Point",
        "coordinates": [
          5.317,
          44.3205
        ]
      },
      "properties": {
        "name": "BESIGNAN",
        "altitude": 556,
        "id": 26050001
      }
    },
    {
      "type": "Feature",
      "geometry": {
        "type": "Point",
        "coordinates": [
          5.142833,
          44.580167
        ]
      },
      "properties": {
        "name": "BOURDEAUX",
        "altitude": 432,
        "id": 26056001
      }
    },
    {
      "type": "Feature",
      "geometry": {
        "type": "Point",
        "coordinates": [
          4.971833,
          44.914833
        ]
      },
      "properties": {
        "name": "VALENCE-CHABEUI",
        "altitude": 163,
        "id": 26064001
      }
    },
    {
      "type": "Feature",
      "geometry": {
        "type": "Point",
        "coordinates": [
          5.422167,
          44.9615
        ]
      },
      "properties": {
        "name": "CHAPELLE-EN-VERCORS_SAPC",
        "altitude": 879,
        "id": 26074001
      }
    },
    {
      "type": "Feature",
      "geometry": {
        "type": "Point",
        "coordinates": [
          5.3435,
          44.767667
        ]
      },
      "properties": {
        "name": "DIE",
        "altitude": 384,
        "id": 26113003
      }
    },
    {
      "type": "Feature",
      "geometry": {
        "type": "Point",
        "coordinates": [
          4.725333,
          44.429167
        ]
      },
      "properties": {
        "name": "DONZERE",
        "altitude": 66,
        "id": 26116002
      }
    },
    {
      "type": "Feature",
      "geometry": {
        "type": "Point",
        "coordinates": [
          4.8895,
          44.819
        ]
      },
      "properties": {
        "name": "ETOILE",
        "altitude": 145,
        "id": 26124001
      }
    },
    {
      "type": "Feature",
      "geometry": {
        "type": "Point",
        "coordinates": [
          5.615167,
          44.674667
        ]
      },
      "properties": {
        "name": "GLANDAGE_SAPC",
        "altitude": 1007,
        "id": 26142001
      }
    },
    {
      "type": "Feature",
      "geometry": {
        "type": "Point",
        "coordinates": [
          5.710833,
          44.672833
        ]
      },
      "properties": {
        "name": "LUS L CROIX HTE",
        "altitude": 1059,
        "id": 26168001
      }
    },
    {
      "type": "Feature",
      "geometry": {
        "type": "Point",
        "coordinates": [
          4.8835,
          45.0585
        ]
      },
      "properties": {
        "name": "MERCUROL",
        "altitude": 153,
        "id": 26179001
      }
    },
    {
      "type": "Feature",
      "geometry": {
        "type": "Point",
        "coordinates": [
          5.100833,
          44.328667
        ]
      },
      "properties": {
        "name": "MIRABEL-AUX-BAR",
        "altitude": 238,
        "id": 26182001
      }
    },
    {
      "type": "Feature",
      "geometry": {
        "type": "Point",
        "coordinates": [
          5.478333,
          44.276
        ]
      },
      "properties": {
        "name": "MONTAUBAN-S-OUV",
        "altitude": 689,
        "id": 26189001
      }
    },
    {
      "type": "Feature",
      "geometry": {
        "type": "Point",
        "coordinates": [
          4.733,
          44.581167
        ]
      },
      "properties": {
        "name": "MONTELIMAR",
        "altitude": 73,
        "id": 26198001
      }
    },
    {
      "type": "Feature",
      "geometry": {
        "type": "Point",
        "coordinates": [
          4.976833,
          44.618167
        ]
      },
      "properties": {
        "name": "PUY-ST-MARTIN",
        "altitude": 211,
        "id": 26258001
      }
    },
    {
      "type": "Feature",
      "geometry": {
        "type": "Point",
        "coordinates": [
          5.165167,
          44.990667
        ]
      },
      "properties": {
        "name": "ROCHEFORT-SAMSON_SAPC",
        "altitude": 368,
        "id": 26273002
      }
    },
    {
      "type": "Feature",
      "geometry": {
        "type": "Point",
        "coordinates": [
          4.998667,
          45.050167
        ]
      },
      "properties": {
        "name": "ROMANS_SAPC",
        "altitude": 156,
        "id": 26281001
      }
    },
    {
      "type": "Feature",
      "geometry": {
        "type": "Point",
        "coordinates": [
          5.421667,
          44.841667
        ]
      },
      "properties": {
        "name": "COL DE ROUSSET_SAPC",
        "altitude": 1400,
        "id": 26290002
      }
    },
    {
      "type": "Feature",
      "geometry": {
        "type": "Point",
        "coordinates": [
          5.409833,
          44.294833
        ]
      },
      "properties": {
        "name": "ST-AUBAN-SUR-OUVEZE",
        "altitude": 625,
        "id": 26292002
      }
    },
    {
      "type": "Feature",
      "geometry": {
        "type": "Point",
        "coordinates": [
          4.9025,
          45.173833
        ]
      },
      "properties": {
        "name": "ST-BARTHELEMY-V_SAPC",
        "altitude": 203,
        "id": 26295001
      }
    },
    {
      "type": "Feature",
      "geometry": {
        "type": "Point",
        "coordinates": [
          5.071833,
          45.229333
        ]
      },
      "properties": {
        "name": "ST-CHRISTOPHE-L_SAPC",
        "altitude": 452,
        "id": 26298001
      }
    },
    {
      "type": "Feature",
      "geometry": {
        "type": "Point",
        "coordinates": [
          5.2925,
          45.009167
        ]
      },
      "properties": {
        "name": "ST-JEAN-EN-ROYA",
        "altitude": 308,
        "id": 26307001
      }
    },
    {
      "type": "Feature",
      "geometry": {
        "type": "Point",
        "coordinates": [
          4.931333,
          44.980167
        ]
      },
      "properties": {
        "name": "ST-MARCEL-LES-V-INRAE",
        "altitude": 190,
        "id": 26313001
      }
    },
    {
      "type": "Feature",
      "geometry": {
        "type": "Point",
        "coordinates": [
          5.428333,
          44.693833
        ]
      },
      "properties": {
        "name": "ST ROMAN-DIOIS",
        "altitude": 545,
        "id": 26327001
      }
    },
    {
      "type": "Feature",
      "geometry": {
        "type": "Point",
        "coordinates": [
          5.157833,
          44.682667
        ]
      },
      "properties": {
        "name": "ST SAUVEUR EN DIOIS",
        "altitude": 338,
        "id": 26328001
      }
    },
    {
      "type": "Feature",
      "geometry": {
        "type": "Point",
        "coordinates": [
          4.930333,
          45.271167
        ]
      },
      "properties": {
        "name": "ST-SORLIN-EN-VA",
        "altitude": 237,
        "id": 26330001
      }
    },
    {
      "type": "Feature",
      "geometry": {
        "type": "Point",
        "coordinates": [
          5.538833,
          44.202333
        ]
      },
      "properties": {
        "name": "SEDERON",
        "altitude": 804,
        "id": 26340001
      }
    },
    {
      "type": "Feature",
      "geometry": {
        "type": "Point",
        "coordinates": [
          5.576667,
          44.505333
        ]
      },
      "properties": {
        "name": "VALDROME",
        "altitude": 786,
        "id": 26361001
      }
    },
    {
      "type": "Feature",
      "geometry": {
        "type": "Point",
        "coordinates": [
          5.060167,
          44.337333
        ]
      },
      "properties": {
        "name": "VINSOBRES",
        "altitude": 346,
        "id": 26377003
      }
    },
    {
      "type": "Feature",
      "geometry": {
        "type": "Point",
        "coordinates": [
          1.412833,
          49.244667
        ]
      },
      "properties": {
        "name": "LES ANDELYS",
        "altitude": 16,
        "id": 27016001
      }
    },
    {
      "type": "Feature",
      "geometry": {
        "type": "Point",
        "coordinates": [
          0.559833,
          49.101333
        ]
      },
      "properties": {
        "name": "BERNAY",
        "altitude": 166,
        "id": 27056003
      }
    },
    {
      "type": "Feature",
      "geometry": {
        "type": "Point",
        "coordinates": [
          0.392833,
          49.361
        ]
      },
      "properties": {
        "name": "BOULLEVILLE",
        "altitude": 122,
        "id": 27100001
      }
    },
    {
      "type": "Feature",
      "geometry": {
        "type": "Point",
        "coordinates": [
          0.907667,
          48.8375
        ]
      },
      "properties": {
        "name": "BRETEUIL",
        "altitude": 168,
        "id": 27112001
      }
    },
    {
      "type": "Feature",
      "geometry": {
        "type": "Point",
        "coordinates": [
          1.181667,
          48.977
        ]
      },
      "properties": {
        "name": "GUICHAINVILLE",
        "altitude": 147,
        "id": 27306001
      }
    },
    {
      "type": "Feature",
      "geometry": {
        "type": "Point",
        "coordinates": [
          1.221667,
          49.025
        ]
      },
      "properties": {
        "name": "EVREUX-HUEST",
        "altitude": 138,
        "id": 27347001
      }
    },
    {
      "type": "Feature",
      "geometry": {
        "type": "Point",
        "coordinates": [
          1.187167,
          49.204167
        ]
      },
      "properties": {
        "name": "LOUVIERS",
        "altitude": 25,
        "id": 27375001
      }
    },
    {
      "type": "Feature",
      "geometry": {
        "type": "Point",
        "coordinates": [
          1.2805,
          49.224167
        ]
      },
      "properties": {
        "name": "MUIDS",
        "altitude": 31,
        "id": 27422001
      }
    },
    {
      "type": "Feature",
      "geometry": {
        "type": "Point",
        "coordinates": [
          1.417,
          48.203167
        ]
      },
      "properties": {
        "name": "BONNEVAL",
        "altitude": 134,
        "id": 28051002
      }
    },
    {
      "type": "Feature",
      "geometry": {
        "type": "Point",
        "coordinates": [
          1.493167,
          48.8015
        ]
      },
      "properties": {
        "name": "BU_SAPC",
        "altitude": 132,
        "id": 28064002
      }
    },
    {
      "type": "Feature",
      "geometry": {
        "type": "Point",
        "coordinates": [
          1.501167,
          48.4605
        ]
      },
      "properties": {
        "name": "CHARTRES",
        "altitude": 155,
        "id": 28070001
      }
    },
    {
      "type": "Feature",
      "geometry": {
        "type": "Point",
        "coordinates": [
          0.905833,
          48.112
        ]
      },
      "properties": {
        "name": "CHAPELLE-GUILLAUME_SAPC",
        "altitude": 197,
        "id": 28078001
      }
    },
    {
      "type": "Feature",
      "geometry": {
        "type": "Point",
        "coordinates": [
          1.6675,
          48.092833
        ]
      },
      "properties": {
        "name": "GUILLONVILLE",
        "altitude": 133,
        "id": 28190002
      }
    },
    {
      "type": "Feature",
      "geometry": {
        "type": "Point",
        "coordinates": [
          1.620833,
          48.566167
        ]
      },
      "properties": {
        "name": "HOUX",
        "altitude": 107,
        "id": 28195001
      }
    },
    {
      "type": "Feature",
      "geometry": {
        "type": "Point",
        "coordinates": [
          1.253167,
          48.2835
        ]
      },
      "properties": {
        "name": "ILLIERS-COMBRAY_SAPC",
        "altitude": 170,
        "id": 28196003
      }
    },
    {
      "type": "Feature",
      "geometry": {
        "type": "Point",
        "coordinates": [
          1.376333,
          48.061333
        ]
      },
      "properties": {
        "name": "CHATEAUDUN",
        "altitude": 126,
        "id": 28198001
      }
    },
    {
      "type": "Feature",
      "geometry": {
        "type": "Point",
        "coordinates": [
          1.173167,
          48.706833
        ]
      },
      "properties": {
        "name": "LAONS",
        "altitude": 171,
        "id": 28206001
      }
    },
    {
      "type": "Feature",
      "geometry": {
        "type": "Point",
        "coordinates": [
          1.013333,
          48.481
        ]
      },
      "properties": {
        "name": "LA LOUPE_SAPC",
        "altitude": 200,
        "id": 28214003
      }
    },
    {
      "type": "Feature",
      "geometry": {
        "type": "Point",
        "coordinates": [
          1.371833,
          48.652667
        ]
      },
      "properties": {
        "name": "MARVILLE_SAPC",
        "altitude": 153,
        "id": 28239002
      }
    },
    {
      "type": "Feature",
      "geometry": {
        "type": "Point",
        "coordinates": [
          0.797833,
          48.318667
        ]
      },
      "properties": {
        "name": "NOGENT-LE-ROTROU",
        "altitude": 108,
        "id": 28280001
      }
    },
    {
      "type": "Feature",
      "geometry": {
        "type": "Point",
        "coordinates": [
          0.959333,
          48.712167
        ]
      },
      "properties": {
        "name": "RUEIL",
        "altitude": 157,
        "id": 28322001
      }
    },
    {
      "type": "Feature",
      "geometry": {
        "type": "Point",
        "coordinates": [
          1.903167,
          48.403833
        ]
      },
      "properties": {
        "name": "SAINVILLE",
        "altitude": 149,
        "id": 28363001
      }
    },
    {
      "type": "Feature",
      "geometry": {
        "type": "Point",
        "coordinates": [
          1.012167,
          48.558
        ]
      },
      "properties": {
        "name": "SENONCHES",
        "altitude": 239,
        "id": 28373002
      }
    },
    {
      "type": "Feature",
      "geometry": {
        "type": "Point",
        "coordinates": [
          1.555167,
          48.406333
        ]
      },
      "properties": {
        "name": "SOURS_SAPC",
        "altitude": 147,
        "id": 28380003
      }
    },
    {
      "type": "Feature",
      "geometry": {
        "type": "Point",
        "coordinates": [
          1.302833,
          48.544167
        ]
      },
      "properties": {
        "name": "THIMERT",
        "altitude": 225,
        "id": 28386001
      }
    },
    {
      "type": "Feature",
      "geometry": {
        "type": "Point",
        "coordinates": [
          1.6755,
          48.214667
        ]
      },
      "properties": {
        "name": "EOLE_VIABON",
        "altitude": 141,
        "id": 28406002
      }
    },
    {
      "type": "Feature",
      "geometry": {
        "type": "Point",
        "coordinates": [
          0.910167,
          48.257833
        ]
      },
      "properties": {
        "name": "VICHERES",
        "altitude": 235,
        "id": 28407001
      }
    },
    {
      "type": "Feature",
      "geometry": {
        "type": "Point",
        "coordinates": [
          -3.869,
          48.352667
        ]
      },
      "properties": {
        "name": "BRENNILIS",
        "altitude": 220,
        "id": 29018001
      }
    },
    {
      "type": "Feature",
      "geometry": {
        "type": "Point",
        "coordinates": [
          -4.331,
          48.6765
        ]
      },
      "properties": {
        "name": "BRIGNOGAN",
        "altitude": 9,
        "id": 29021001
      }
    },
    {
      "type": "Feature",
      "geometry": {
        "type": "Point",
        "coordinates": [
          -4.606,
          48.274333
        ]
      },
      "properties": {
        "name": "CAMARET",
        "altitude": 40,
        "id": 29022001
      }
    },
    {
      "type": "Feature",
      "geometry": {
        "type": "Point",
        "coordinates": [
          -3.8255,
          48.066
        ]
      },
      "properties": {
        "name": "CORAY CHAT EAU",
        "altitude": 242,
        "id": 29041002
      }
    },
    {
      "type": "Feature",
      "geometry": {
        "type": "Point",
        "coordinates": [
          -3.976167,
          47.8545
        ]
      },
      "properties": {
        "name": "BEG_MEIL",
        "altitude": 8,
        "id": 29058003
      }
    },
    {
      "type": "Feature",
      "geometry": {
        "type": "Point",
        "coordinates": [
          -4.391167,
          48.453833
        ]
      },
      "properties": {
        "name": "BREST-GUIPAVAS",
        "altitude": 92,
        "id": 29075001
      }
    },
    {
      "type": "Feature",
      "geometry": {
        "type": "Point",
        "coordinates": [
          -4.011833,
          48.746333
        ]
      },
      "properties": {
        "name": "BATZ",
        "altitude": 32,
        "id": 29082001
      }
    },
    {
      "type": "Feature",
      "geometry": {
        "type": "Point",
        "coordinates": [
          -3.692667,
          48.6625
        ]
      },
      "properties": {
        "name": "LANMEUR",
        "altitude": 57,
        "id": 29113001
      }
    },
    {
      "type": "Feature",
      "geometry": {
        "type": "Point",
        "coordinates": [
          -4.439333,
          48.279333
        ]
      },
      "properties": {
        "name": "LANVEOC",
        "altitude": 81,
        "id": 29120001
      }
    },
    {
      "type": "Feature",
      "geometry": {
        "type": "Point",
        "coordinates": [
          -5.057,
          48.473333
        ]
      },
      "properties": {
        "name": "OUESSANT-STIFF",
        "altitude": 64,
        "id": 29155005
      }
    },
    {
      "type": "Feature",
      "geometry": {
        "type": "Point",
        "coordinates": [
          -4.374833,
          47.7975
        ]
      },
      "properties": {
        "name": "PTE DE PENMARCH",
        "altitude": 3,
        "id": 29158001
      }
    },
    {
      "type": "Feature",
      "geometry": {
        "type": "Point",
        "coordinates": [
          -3.8535,
          48.5
        ]
      },
      "properties": {
        "name": "PLEYBER-CHRIST SA",
        "altitude": 147,
        "id": 29163003
      }
    },
    {
      "type": "Feature",
      "geometry": {
        "type": "Point",
        "coordinates": [
          -4.732,
          48.038833
        ]
      },
      "properties": {
        "name": "PTE DU RAZ",
        "altitude": 67,
        "id": 29168001
      }
    },
    {
      "type": "Feature",
      "geometry": {
        "type": "Point",
        "coordinates": [
          -4.128,
          47.946
        ]
      },
      "properties": {
        "name": "PLOMELIN-INRAE",
        "altitude": 33,
        "id": 29170001
      }
    },
    {
      "type": "Feature",
      "geometry": {
        "type": "Point",
        "coordinates": [
          -4.664167,
          48.548
        ]
      },
      "properties": {
        "name": "PLOUDALMEZEAU",
        "altitude": 40,
        "id": 29178001
      }
    },
    {
      "type": "Feature",
      "geometry": {
        "type": "Point",
        "coordinates": [
          -4.327667,
          48.503833
        ]
      },
      "properties": {
        "name": "PLOUDANIEL-INRAE",
        "altitude": 76,
        "id": 29179001
      }
    },
    {
      "type": "Feature",
      "geometry": {
        "type": "Point",
        "coordinates": [
          -4.771667,
          48.33
        ]
      },
      "properties": {
        "name": "PLOUGONVELIN",
        "altitude": 22,
        "id": 29190001
      }
    },
    {
      "type": "Feature",
      "geometry": {
        "type": "Point",
        "coordinates": [
          -4.3775,
          47.915833
        ]
      },
      "properties": {
        "name": "PLOVAN",
        "altitude": 10,
        "id": 29214001
      }
    },
    {
      "type": "Feature",
      "geometry": {
        "type": "Point",
        "coordinates": [
          -4.160667,
          47.973
        ]
      },
      "properties": {
        "name": "QUIMPER",
        "altitude": 82,
        "id": 29216001
      }
    },
    {
      "type": "Feature",
      "geometry": {
        "type": "Point",
        "coordinates": [
          -3.730833,
          48.144667
        ]
      },
      "properties": {
        "name": "SAINT-GOAZEC",
        "altitude": 260,
        "id": 29249002
      }
    },
    {
      "type": "Feature",
      "geometry": {
        "type": "Point",
        "coordinates": [
          -4.09,
          48.225833
        ]
      },
      "properties": {
        "name": "ST-SEGAL S A",
        "altitude": 89,
        "id": 29263002
      }
    },
    {
      "type": "Feature",
      "geometry": {
        "type": "Point",
        "coordinates": [
          -4.151833,
          48.532
        ]
      },
      "properties": {
        "name": "LANDIVISIAU",
        "altitude": 109,
        "id": 29264001
      }
    },
    {
      "type": "Feature",
      "geometry": {
        "type": "Point",
        "coordinates": [
          -4.079167,
          48.660833
        ]
      },
      "properties": {
        "name": "SIBIRIL S A",
        "altitude": 52,
        "id": 29276001
      }
    },
    {
      "type": "Feature",
      "geometry": {
        "type": "Point",
        "coordinates": [
          -4.0205,
          48.391333
        ]
      },
      "properties": {
        "name": "SIZUN",
        "altitude": 157,
        "id": 29277001
      }
    },
    {
      "type": "Feature",
      "geometry": {
        "type": "Point",
        "coordinates": [
          -3.868833,
          47.841333
        ]
      },
      "properties": {
        "name": "TREGUNC",
        "altitude": 25,
        "id": 29293001
      }
    },
    {
      "type": "Feature",
      "geometry": {
        "type": "Point",
        "coordinates": [
          4.207,
          43.537167
        ]
      },
      "properties": {
        "name": "AIGUES-MORTES",
        "altitude": 1,
        "id": 30003001
      }
    },
    {
      "type": "Feature",
      "geometry": {
        "type": "Point",
        "coordinates": [
          3.444,
          43.979
        ]
      },
      "properties": {
        "name": "ALZON",
        "altitude": 611,
        "id": 30009001
      }
    },
    {
      "type": "Feature",
      "geometry": {
        "type": "Point",
        "coordinates": [
          4.640167,
          43.829833
        ]
      },
      "properties": {
        "name": "TARASCON",
        "altitude": 15,
        "id": 30032007
      }
    },
    {
      "type": "Feature",
      "geometry": {
        "type": "Point",
        "coordinates": [
          4.079667,
          44.021
        ]
      },
      "properties": {
        "name": "CARDET",
        "altitude": 109,
        "id": 30068001
      }
    },
    {
      "type": "Feature",
      "geometry": {
        "type": "Point",
        "coordinates": [
          4.518667,
          44.113
        ]
      },
      "properties": {
        "name": "CAVILLARGUES",
        "altitude": 131,
        "id": 30076001
      }
    },
    {
      "type": "Feature",
      "geometry": {
        "type": "Point",
        "coordinates": [
          3.825,
          44.021833
        ]
      },
      "properties": {
        "name": "COLOGNAC",
        "altitude": 589,
        "id": 30087002
      }
    },
    {
      "type": "Feature",
      "geometry": {
        "type": "Point",
        "coordinates": [
          4.143667,
          44.071833
        ]
      },
      "properties": {
        "name": "DEAUX",
        "altitude": 185,
        "id": 30101001
      }
    },
    {
      "type": "Feature",
      "geometry": {
        "type": "Point",
        "coordinates": [
          3.977667,
          44.073333
        ]
      },
      "properties": {
        "name": "GENERARGUES",
        "altitude": 139,
        "id": 30129001
      }
    },
    {
      "type": "Feature",
      "geometry": {
        "type": "Point",
        "coordinates": [
          4.010167,
          44.243
        ]
      },
      "properties": {
        "name": "LA GRAND COMBE",
        "altitude": 499,
        "id": 30132004
      }
    },
    {
      "type": "Feature",
      "geometry": {
        "type": "Point",
        "coordinates": [
          4.1405,
          43.487833
        ]
      },
      "properties": {
        "name": "L'ESPIGUETTE",
        "altitude": 1,
        "id": 30133005
      }
    },
    {
      "type": "Feature",
      "geometry": {
        "type": "Point",
        "coordinates": [
          4.331,
          44.216333
        ]
      },
      "properties": {
        "name": "MEJANNES-LE-CLAP",
        "altitude": 313,
        "id": 30164001
      }
    },
    {
      "type": "Feature",
      "geometry": {
        "type": "Point",
        "coordinates": [
          3.58,
          43.947
        ]
      },
      "properties": {
        "name": "MONTDARDIER",
        "altitude": 640,
        "id": 30176002
      }
    },
    {
      "type": "Feature",
      "geometry": {
        "type": "Point",
        "coordinates": [
          4.406333,
          43.856833
        ]
      },
      "properties": {
        "name": "NIMES-COURBESSAC",
        "altitude": 59,
        "id": 30189001
      }
    },
    {
      "type": "Feature",
      "geometry": {
        "type": "Point",
        "coordinates": [
          4.627333,
          44.248333
        ]
      },
      "properties": {
        "name": "PONT ST ESPRIT",
        "altitude": 79,
        "id": 30202002
      }
    },
    {
      "type": "Feature",
      "geometry": {
        "type": "Point",
        "coordinates": [
          4.759667,
          43.9985
        ]
      },
      "properties": {
        "name": "PUJAUT",
        "altitude": 44,
        "id": 30209002
      }
    },
    {
      "type": "Feature",
      "geometry": {
        "type": "Point",
        "coordinates": [
          4.2405,
          43.931833
        ]
      },
      "properties": {
        "name": "LA ROUVIERE",
        "altitude": 79,
        "id": 30224001
      }
    },
    {
      "type": "Feature",
      "geometry": {
        "type": "Point",
        "coordinates": [
          4.080333,
          44.092167
        ]
      },
      "properties": {
        "name": "ST CHRISTOL-LES-ALES",
        "altitude": 129,
        "id": 30243001
      }
    },
    {
      "type": "Feature",
      "geometry": {
        "type": "Point",
        "coordinates": [
          4.412833,
          43.772833
        ]
      },
      "properties": {
        "name": "NIMES-GARONS",
        "altitude": 94,
        "id": 30258001
      }
    },
    {
      "type": "Feature",
      "geometry": {
        "type": "Point",
        "coordinates": [
          3.835167,
          43.9615
        ]
      },
      "properties": {
        "name": "ST HIPPOLYTE",
        "altitude": 237,
        "id": 30263001
      }
    },
    {
      "type": "Feature",
      "geometry": {
        "type": "Point",
        "coordinates": [
          3.872,
          44.1105
        ]
      },
      "properties": {
        "name": "ST JEAN DU GARD",
        "altitude": 196,
        "id": 30269006
      }
    },
    {
      "type": "Feature",
      "geometry": {
        "type": "Point",
        "coordinates": [
          3.4745,
          44.119333
        ]
      },
      "properties": {
        "name": "ST SAUVEUR CAMPRIEU",
        "altitude": 1107,
        "id": 30297001
      }
    },
    {
      "type": "Feature",
      "geometry": {
        "type": "Point",
        "coordinates": [
          4.1525,
          44.1745
        ]
      },
      "properties": {
        "name": "SALINDRES",
        "altitude": 191,
        "id": 30305001
      }
    },
    {
      "type": "Feature",
      "geometry": {
        "type": "Point",
        "coordinates": [
          4.401833,
          43.9925
        ]
      },
      "properties": {
        "name": "UZES",
        "altitude": 72,
        "id": 30334003
      }
    },
    {
      "type": "Feature",
      "geometry": {
        "type": "Point",
        "coordinates": [
          3.5815,
          44.121333
        ]
      },
      "properties": {
        "name": "MONT AIGOUAL",
        "altitude": 1567,
        "id": 30339001
      }
    },
    {
      "type": "Feature",
      "geometry": {
        "type": "Point",
        "coordinates": [
          4.072167,
          43.870833
        ]
      },
      "properties": {
        "name": "VIC LE FESQ",
        "altitude": 45,
        "id": 30349001
      }
    },
    {
      "type": "Feature",
      "geometry": {
        "type": "Point",
        "coordinates": [
          3.6115,
          43.99
        ]
      },
      "properties": {
        "name": "LE VIGAN",
        "altitude": 222,
        "id": 30350001
      }
    },
    {
      "type": "Feature",
      "geometry": {
        "type": "Point",
        "coordinates": [
          4.090833,
          43.795167
        ]
      },
      "properties": {
        "name": "VILLEVIEILLE",
        "altitude": 41,
        "id": 30352002
      }
    },
    {
      "type": "Feature",
      "geometry": {
        "type": "Point",
        "coordinates": [
          0.906667,
          42.996833
        ]
      },
      "properties": {
        "name": "ARBAS",
        "altitude": 402,
        "id": 31011001
      }
    },
    {
      "type": "Feature",
      "geometry": {
        "type": "Point",
        "coordinates": [
          1.503667,
          43.528833
        ]
      },
      "properties": {
        "name": "AUZEVILLE-TOLOSANE-INRAE",
        "altitude": 150,
        "id": 31035001
      }
    },
    {
      "type": "Feature",
      "geometry": {
        "type": "Point",
        "coordinates": [
          1.805667,
          43.343167
        ]
      },
      "properties": {
        "name": "AVIGNONET-LAURAGAIS",
        "altitude": 193,
        "id": 31037002
      }
    },
    {
      "type": "Feature",
      "geometry": {
        "type": "Point",
        "coordinates": [
          0.600167,
          42.8015
        ]
      },
      "properties": {
        "name": "LUCHON",
        "altitude": 618,
        "id": 31042012
      }
    },
    {
      "type": "Feature",
      "geometry": {
        "type": "Point",
        "coordinates": [
          1.378833,
          43.621
        ]
      },
      "properties": {
        "name": "TOULOUSE-BLAGNAC",
        "altitude": 151,
        "id": 31069001
      }
    },
    {
      "type": "Feature",
      "geometry": {
        "type": "Point",
        "coordinates": [
          0.643833,
          43.2565
        ]
      },
      "properties": {
        "name": "BLAJAN",
        "altitude": 325,
        "id": 31070004
      }
    },
    {
      "type": "Feature",
      "geometry": {
        "type": "Point",
        "coordinates": [
          0.617333,
          43.106
        ]
      },
      "properties": {
        "name": "CLARAC",
        "altitude": 401,
        "id": 31147001
      }
    },
    {
      "type": "Feature",
      "geometry": {
        "type": "Point",
        "coordinates": [
          1.372667,
          43.540333
        ]
      },
      "properties": {
        "name": "TOULOUSE-FRANCAZAL",
        "altitude": 164,
        "id": 31157001
      }
    },
    {
      "type": "Feature",
      "geometry": {
        "type": "Point",
        "coordinates": [
          1.262,
          43.4515
        ]
      },
      "properties": {
        "name": "MURET-LHERM",
        "altitude": 189,
        "id": 31299001
      }
    },
    {
      "type": "Feature",
      "geometry": {
        "type": "Point",
        "coordinates": [
          1.6365,
          43.417333
        ]
      },
      "properties": {
        "name": "MONTESQUIEU-LAURAGAIS",
        "altitude": 190,
        "id": 31374001
      }
    },
    {
      "type": "Feature",
      "geometry": {
        "type": "Point",
        "coordinates": [
          1.321333,
          43.778333
        ]
      },
      "properties": {
        "name": "ONDES",
        "altitude": 109,
        "id": 31403002
      }
    },
    {
      "type": "Feature",
      "geometry": {
        "type": "Point",
        "coordinates": [
          1.05,
          43.2
        ]
      },
      "properties": {
        "name": "PALAMINY",
        "altitude": 243,
        "id": 31406002
      }
    },
    {
      "type": "Feature",
      "geometry": {
        "type": "Point",
        "coordinates": [
          2.018667,
          43.4375
        ]
      },
      "properties": {
        "name": "REVEL",
        "altitude": 338,
        "id": 31451001
      }
    },
    {
      "type": "Feature",
      "geometry": {
        "type": "Point",
        "coordinates": [
          1.113,
          43.415167
        ]
      },
      "properties": {
        "name": "RIEUMES",
        "altitude": 261,
        "id": 31454001
      }
    },
    {
      "type": "Feature",
      "geometry": {
        "type": "Point",
        "coordinates": [
          1.881167,
          43.441667
        ]
      },
      "properties": {
        "name": "ST-FELIX-LAURAGAIS",
        "altitude": 330,
        "id": 31478001
      }
    },
    {
      "type": "Feature",
      "geometry": {
        "type": "Point",
        "coordinates": [
          1.7425,
          43.491833
        ]
      },
      "properties": {
        "name": "SEGREVILLE",
        "altitude": 212,
        "id": 31540001
      }
    },
    {
      "type": "Feature",
      "geometry": {
        "type": "Point",
        "coordinates": [
          1.481667,
          43.743667
        ]
      },
      "properties": {
        "name": "VILLARIES",
        "altitude": 135,
        "id": 31579001
      }
    },
    {
      "type": "Feature",
      "geometry": {
        "type": "Point",
        "coordinates": [
          0.601167,
          43.689
        ]
      },
      "properties": {
        "name": "AUCH",
        "altitude": 122,
        "id": 32013005
      }
    },
    {
      "type": "Feature",
      "geometry": {
        "type": "Point",
        "coordinates": [
          0.372833,
          43.8425
        ]
      },
      "properties": {
        "name": "BEAUCAIRE",
        "altitude": 120,
        "id": 32035001
      }
    },
    {
      "type": "Feature",
      "geometry": {
        "type": "Point",
        "coordinates": [
          0.336,
          43.974333
        ]
      },
      "properties": {
        "name": "CONDOM",
        "altitude": 173,
        "id": 32107006
      }
    },
    {
      "type": "Feature",
      "geometry": {
        "type": "Point",
        "coordinates": [
          0.672833,
          43.874167
        ]
      },
      "properties": {
        "name": "FLEURANCE",
        "altitude": 108,
        "id": 32132001
      }
    },
    {
      "type": "Feature",
      "geometry": {
        "type": "Point",
        "coordinates": [
          0.884167,
          43.627667
        ]
      },
      "properties": {
        "name": "GIMONT",
        "altitude": 177,
        "id": 32147001
      }
    },
    {
      "type": "Feature",
      "geometry": {
        "type": "Point",
        "coordinates": [
          -0.1775,
          43.745833
        ]
      },
      "properties": {
        "name": "LE HOUGA",
        "altitude": 141,
        "id": 32155001
      }
    },
    {
      "type": "Feature",
      "geometry": {
        "type": "Point",
        "coordinates": [
          0.887833,
          43.5475
        ]
      },
      "properties": {
        "name": "LAHAS",
        "altitude": 251,
        "id": 32182001
      }
    },
    {
      "type": "Feature",
      "geometry": {
        "type": "Point",
        "coordinates": [
          0.208333,
          43.792
        ]
      },
      "properties": {
        "name": "LANNEPAX",
        "altitude": 181,
        "id": 32190001
      }
    },
    {
      "type": "Feature",
      "geometry": {
        "type": "Point",
        "coordinates": [
          -0.096667,
          43.604333
        ]
      },
      "properties": {
        "name": "MAUMUSSON",
        "altitude": 164,
        "id": 32245001
      }
    },
    {
      "type": "Feature",
      "geometry": {
        "type": "Point",
        "coordinates": [
          0.824833,
          43.906833
        ]
      },
      "properties": {
        "name": "MAUROUX",
        "altitude": 201,
        "id": 32248001
      }
    },
    {
      "type": "Feature",
      "geometry": {
        "type": "Point",
        "coordinates": [
          0.400833,
          43.530167
        ]
      },
      "properties": {
        "name": "MIRANDE",
        "altitude": 184,
        "id": 32256001
      }
    },
    {
      "type": "Feature",
      "geometry": {
        "type": "Point",
        "coordinates": [
          0.222,
          43.616667
        ]
      },
      "properties": {
        "name": "PEYRUSSE-GRANDE",
        "altitude": 254,
        "id": 32315001
      }
    },
    {
      "type": "Feature",
      "geometry": {
        "type": "Point",
        "coordinates": [
          0.349167,
          43.399
        ]
      },
      "properties": {
        "name": "SADEILLAN",
        "altitude": 263,
        "id": 32355001
      }
    },
    {
      "type": "Feature",
      "geometry": {
        "type": "Point",
        "coordinates": [
          -0.050833,
          43.673167
        ]
      },
      "properties": {
        "name": "SARRAGACHIES",
        "altitude": 110,
        "id": 32414001
      }
    },
    {
      "type": "Feature",
      "geometry": {
        "type": "Point",
        "coordinates": [
          -0.7905,
          44.4935
        ]
      },
      "properties": {
        "name": "BELIN-BELIET",
        "altitude": 36,
        "id": 33042001
      }
    },
    {
      "type": "Feature",
      "geometry": {
        "type": "Point",
        "coordinates": [
          -0.882,
          44.448
        ]
      },
      "properties": {
        "name": "BELIN BELIET",
        "altitude": 45,
        "id": 33042005
      }
    },
    {
      "type": "Feature",
      "geometry": {
        "type": "Point",
        "coordinates": [
          -0.588667,
          44.849667
        ]
      },
      "properties": {
        "name": "BORDEAUX-PAULIN",
        "altitude": 10,
        "id": 33063001
      }
    },
    {
      "type": "Feature",
      "geometry": {
        "type": "Point",
        "coordinates": [
          -0.5605,
          44.7525
        ]
      },
      "properties": {
        "name": "CADAUJAC-INRAE",
        "altitude": 25,
        "id": 33080001
      }
    },
    {
      "type": "Feature",
      "geometry": {
        "type": "Point",
        "coordinates": [
          -0.2605,
          44.295167
        ]
      },
      "properties": {
        "name": "CAPTIEUX",
        "altitude": 96,
        "id": 33095001
      }
    },
    {
      "type": "Feature",
      "geometry": {
        "type": "Point",
        "coordinates": [
          -0.186167,
          44.463167
        ]
      },
      "properties": {
        "name": "CAZATS",
        "altitude": 114,
        "id": 33116001
      }
    },
    {
      "type": "Feature",
      "geometry": {
        "type": "Point",
        "coordinates": [
          -0.776667,
          44.738333
        ]
      },
      "properties": {
        "name": "PIERROTON-INRAE",
        "altitude": 60,
        "id": 33122003
      }
    },
    {
      "type": "Feature",
      "geometry": {
        "type": "Point",
        "coordinates": [
          -0.040333,
          44.385667
        ]
      },
      "properties": {
        "name": "GRIGNOLS",
        "altitude": 146,
        "id": 33195001
      }
    },
    {
      "type": "Feature",
      "geometry": {
        "type": "Point",
        "coordinates": [
          -1.138167,
          45.001167
        ]
      },
      "properties": {
        "name": "LACANAU",
        "altitude": 16,
        "id": 33214002
      }
    },
    {
      "type": "Feature",
      "geometry": {
        "type": "Point",
        "coordinates": [
          -1.251667,
          44.6305
        ]
      },
      "properties": {
        "name": "CAP-FERRET",
        "altitude": 8,
        "id": 33236002
      }
    },
    {
      "type": "Feature",
      "geometry": {
        "type": "Point",
        "coordinates": [
          -0.691333,
          44.830667
        ]
      },
      "properties": {
        "name": "BORDEAUX-MERIGNAC",
        "altitude": 47,
        "id": 33281001
      }
    },
    {
      "type": "Feature",
      "geometry": {
        "type": "Point",
        "coordinates": [
          -0.782833,
          45.214333
        ]
      },
      "properties": {
        "name": "PAUILLAC",
        "altitude": 26,
        "id": 33314005
      }
    },
    {
      "type": "Feature",
      "geometry": {
        "type": "Point",
        "coordinates": [
          -0.188,
          44.917667
        ]
      },
      "properties": {
        "name": "ST EMILION",
        "altitude": 38,
        "id": 33394002
      }
    },
    {
      "type": "Feature",
      "geometry": {
        "type": "Point",
        "coordinates": [
          -0.472667,
          45.027167
        ]
      },
      "properties": {
        "name": "ST GERVAIS",
        "altitude": 42,
        "id": 33415001
      }
    },
    {
      "type": "Feature",
      "geometry": {
        "type": "Point",
        "coordinates": [
          -0.12,
          44.683833
        ]
      },
      "properties": {
        "name": "ST SULPICE DE POMMIERS",
        "altitude": 82,
        "id": 33482001
      }
    },
    {
      "type": "Feature",
      "geometry": {
        "type": "Point",
        "coordinates": [
          -0.489,
          44.426833
        ]
      },
      "properties": {
        "name": "ST-SYMPHORIEN",
        "altitude": 54,
        "id": 33484001
      }
    },
    {
      "type": "Feature",
      "geometry": {
        "type": "Point",
        "coordinates": [
          -0.828667,
          44.935833
        ]
      },
      "properties": {
        "name": "SALAUNES",
        "altitude": 50,
        "id": 33494001
      }
    },
    {
      "type": "Feature",
      "geometry": {
        "type": "Point",
        "coordinates": [
          -0.326833,
          44.544333
        ]
      },
      "properties": {
        "name": "SAUTERNES",
        "altitude": 65,
        "id": 33504001
      }
    },
    {
      "type": "Feature",
      "geometry": {
        "type": "Point",
        "coordinates": [
          -1.132,
          44.534667
        ]
      },
      "properties": {
        "name": "CAZAUX",
        "altitude": 23,
        "id": 33529001
      }
    },
    {
      "type": "Feature",
      "geometry": {
        "type": "Point",
        "coordinates": [
          -1.119167,
          45.378667
        ]
      },
      "properties": {
        "name": "VENDAYS-MONTALIVE",
        "altitude": 6,
        "id": 33540001
      }
    },
    {
      "type": "Feature",
      "geometry": {
        "type": "Point",
        "coordinates": [
          -0.576667,
          44.79
        ]
      },
      "properties": {
        "name": "VILLENAVE D'ORNON-INRAE",
        "altitude": 25,
        "id": 33550001
      }
    },
    {
      "type": "Feature",
      "geometry": {
        "type": "Point",
        "coordinates": [
          3.146,
          43.639833
        ]
      },
      "properties": {
        "name": "BEDARIEUX",
        "altitude": 373,
        "id": 34028003
      }
    },
    {
      "type": "Feature",
      "geometry": {
        "type": "Point",
        "coordinates": [
          3.155,
          43.334333
        ]
      },
      "properties": {
        "name": "BEZIERS-COURTADE",
        "altitude": 25,
        "id": 34032002
      }
    },
    {
      "type": "Feature",
      "geometry": {
        "type": "Point",
        "coordinates": [
          2.865333,
          43.622333
        ]
      },
      "properties": {
        "name": "CAMBON-ET-SALVERGUES",
        "altitude": 955,
        "id": 34046005
      }
    },
    {
      "type": "Feature",
      "geometry": {
        "type": "Point",
        "coordinates": [
          2.976167,
          43.6675
        ]
      },
      "properties": {
        "name": "CASTANET LE HAUT_SAPC",
        "altitude": 424,
        "id": 34055003
      }
    },
    {
      "type": "Feature",
      "geometry": {
        "type": "Point",
        "coordinates": [
          3.3085,
          43.867167
        ]
      },
      "properties": {
        "name": "LE CAYLAR_SAPC",
        "altitude": 729,
        "id": 34064003
      }
    },
    {
      "type": "Feature",
      "geometry": {
        "type": "Point",
        "coordinates": [
          2.8255,
          43.633333
        ]
      },
      "properties": {
        "name": "MURAT SUR VEBRE",
        "altitude": 1022,
        "id": 34107006
      }
    },
    {
      "type": "Feature",
      "geometry": {
        "type": "Point",
        "coordinates": [
          3.303167,
          43.730333
        ]
      },
      "properties": {
        "name": "LODEVE",
        "altitude": 184,
        "id": 34142001
      }
    },
    {
      "type": "Feature",
      "geometry": {
        "type": "Point",
        "coordinates": [
          3.170667,
          43.695833
        ]
      },
      "properties": {
        "name": "LUNAS",
        "altitude": 249,
        "id": 34144001
      }
    },
    {
      "type": "Feature",
      "geometry": {
        "type": "Point",
        "coordinates": [
          3.565333,
          43.328333
        ]
      },
      "properties": {
        "name": "MARSEILLAN-INRAE",
        "altitude": 1,
        "id": 34150001
      }
    },
    {
      "type": "Feature",
      "geometry": {
        "type": "Point",
        "coordinates": [
          3.964667,
          43.576167
        ]
      },
      "properties": {
        "name": "MONTPELLIER-AEROPORT",
        "altitude": 1,
        "id": 34154001
      }
    },
    {
      "type": "Feature",
      "geometry": {
        "type": "Point",
        "coordinates": [
          3.688167,
          43.635833
        ]
      },
      "properties": {
        "name": "MONTARNAUD",
        "altitude": 148,
        "id": 34163001
      }
    },
    {
      "type": "Feature",
      "geometry": {
        "type": "Point",
        "coordinates": [
          3.752,
          43.948
        ]
      },
      "properties": {
        "name": "MOULES-ET-BAUCELS",
        "altitude": 252,
        "id": 34174002
      }
    },
    {
      "type": "Feature",
      "geometry": {
        "type": "Point",
        "coordinates": [
          3.146,
          43.476
        ]
      },
      "properties": {
        "name": "MURVIEL LES BEZIERS",
        "altitude": 140,
        "id": 34178001
      }
    },
    {
      "type": "Feature",
      "geometry": {
        "type": "Point",
        "coordinates": [
          3.246167,
          43.786
        ]
      },
      "properties": {
        "name": "LES PLANS",
        "altitude": 846,
        "id": 34205001
      }
    },
    {
      "type": "Feature",
      "geometry": {
        "type": "Point",
        "coordinates": [
          3.352667,
          43.322
        ]
      },
      "properties": {
        "name": "BEZIERS-VIAS",
        "altitude": 15,
        "id": 34209002
      }
    },
    {
      "type": "Feature",
      "geometry": {
        "type": "Point",
        "coordinates": [
          3.866667,
          43.718333
        ]
      },
      "properties": {
        "name": "PRADES LE LEZ",
        "altitude": 69,
        "id": 34217001
      }
    },
    {
      "type": "Feature",
      "geometry": {
        "type": "Point",
        "coordinates": [
          3.321333,
          43.491667
        ]
      },
      "properties": {
        "name": "ROUJAN-INRAE",
        "altitude": 73,
        "id": 34237001
      }
    },
    {
      "type": "Feature",
      "geometry": {
        "type": "Point",
        "coordinates": [
          3.507833,
          43.664167
        ]
      },
      "properties": {
        "name": "ST ANDRE DE SANGONIS",
        "altitude": 86,
        "id": 34239002
      }
    },
    {
      "type": "Feature",
      "geometry": {
        "type": "Point",
        "coordinates": [
          2.857667,
          43.385667
        ]
      },
      "properties": {
        "name": "ST JEAN DE MINERVOIS",
        "altitude": 258,
        "id": 34269001
      }
    },
    {
      "type": "Feature",
      "geometry": {
        "type": "Point",
        "coordinates": [
          3.729333,
          43.7795
        ]
      },
      "properties": {
        "name": "ST MARTIN DE LONDRES",
        "altitude": 214,
        "id": 34274001
      }
    },
    {
      "type": "Feature",
      "geometry": {
        "type": "Point",
        "coordinates": [
          3.522333,
          43.841333
        ]
      },
      "properties": {
        "name": "ST MAURICE-NAVACELLE",
        "altitude": 584,
        "id": 34277001
      }
    },
    {
      "type": "Feature",
      "geometry": {
        "type": "Point",
        "coordinates": [
          3.692167,
          43.397333
        ]
      },
      "properties": {
        "name": "SETE",
        "altitude": 75,
        "id": 34301002
      }
    },
    {
      "type": "Feature",
      "geometry": {
        "type": "Point",
        "coordinates": [
          2.675167,
          43.3265
        ]
      },
      "properties": {
        "name": "SIRAN",
        "altitude": 137,
        "id": 34302001
      }
    },
    {
      "type": "Feature",
      "geometry": {
        "type": "Point",
        "coordinates": [
          3.3475,
          43.707
        ]
      },
      "properties": {
        "name": "SOUMONT",
        "altitude": 252,
        "id": 34306001
      }
    },
    {
      "type": "Feature",
      "geometry": {
        "type": "Point",
        "coordinates": [
          3.400333,
          43.437667
        ]
      },
      "properties": {
        "name": "PEZENAS-TOURBES",
        "altitude": 40,
        "id": 34311001
      }
    },
    {
      "type": "Feature",
      "geometry": {
        "type": "Point",
        "coordinates": [
          3.457833,
          43.792
        ]
      },
      "properties": {
        "name": "LA VACQUERIE_SAPC",
        "altitude": 620,
        "id": 34317001
      }
    },
    {
      "type": "Feature",
      "geometry": {
        "type": "Point",
        "coordinates": [
          3.299333,
          43.546833
        ]
      },
      "properties": {
        "name": "VAILHAN",
        "altitude": 122,
        "id": 34319001
      }
    },
    {
      "type": "Feature",
      "geometry": {
        "type": "Point",
        "coordinates": [
          3.853833,
          43.538167
        ]
      },
      "properties": {
        "name": "VILLENEUVE-LES-MAG-INRAE",
        "altitude": 20,
        "id": 34337001
      }
    },
    {
      "type": "Feature",
      "geometry": {
        "type": "Point",
        "coordinates": [
          -1.297333,
          47.927333
        ]
      },
      "properties": {
        "name": "ARBRISSEL",
        "altitude": 75,
        "id": 35005001
      }
    },
    {
      "type": "Feature",
      "geometry": {
        "type": "Point",
        "coordinates": [
          -2.124167,
          48.1115
        ]
      },
      "properties": {
        "name": "BLERUAIS",
        "altitude": 84,
        "id": 35026001
      }
    },
    {
      "type": "Feature",
      "geometry": {
        "type": "Point",
        "coordinates": [
          -1.640833,
          48.485667
        ]
      },
      "properties": {
        "name": "BROUALAN",
        "altitude": 99,
        "id": 35044001
      }
    },
    {
      "type": "Feature",
      "geometry": {
        "type": "Point",
        "coordinates": [
          -1.940833,
          47.9215
        ]
      },
      "properties": {
        "name": "LA-CHAPELLE-BOUEXIC",
        "altitude": 42,
        "id": 35057003
      }
    },
    {
      "type": "Feature",
      "geometry": {
        "type": "Point",
        "coordinates": [
          -1.596833,
          48.326833
        ]
      },
      "properties": {
        "name": "FEINS  SA",
        "altitude": 87,
        "id": 35110003
      }
    },
    {
      "type": "Feature",
      "geometry": {
        "type": "Point",
        "coordinates": [
          -1.212667,
          48.337167
        ]
      },
      "properties": {
        "name": "FOUGERES",
        "altitude": 74,
        "id": 35115001
      }
    },
    {
      "type": "Feature",
      "geometry": {
        "type": "Point",
        "coordinates": [
          -1.129833,
          48.479333
        ]
      },
      "properties": {
        "name": "LOUVIGNE-DU-DESERT",
        "altitude": 153,
        "id": 35162003
      }
    },
    {
      "type": "Feature",
      "geometry": {
        "type": "Point",
        "coordinates": [
          -1.439,
          48.308833
        ]
      },
      "properties": {
        "name": "MEZIERES-SUR-C.",
        "altitude": 71,
        "id": 35178001
      }
    },
    {
      "type": "Feature",
      "geometry": {
        "type": "Point",
        "coordinates": [
          -1.765,
          47.780167
        ]
      },
      "properties": {
        "name": "LA-NOE-BLANCHE",
        "altitude": 89,
        "id": 35202001
      }
    },
    {
      "type": "Feature",
      "geometry": {
        "type": "Point",
        "coordinates": [
          -1.843667,
          48.524833
        ]
      },
      "properties": {
        "name": "PLERGUER",
        "altitude": 30,
        "id": 35224001
      }
    },
    {
      "type": "Feature",
      "geometry": {
        "type": "Point",
        "coordinates": [
          -1.924833,
          48.406833
        ]
      },
      "properties": {
        "name": "PLESDER",
        "altitude": 56,
        "id": 35225001
      }
    },
    {
      "type": "Feature",
      "geometry": {
        "type": "Point",
        "coordinates": [
          -2.076333,
          48.584833
        ]
      },
      "properties": {
        "name": "DINARD",
        "altitude": 65,
        "id": 35228001
      }
    },
    {
      "type": "Feature",
      "geometry": {
        "type": "Point",
        "coordinates": [
          -1.6435,
          48.126167
        ]
      },
      "properties": {
        "name": "RENNES GALLET",
        "altitude": 66,
        "id": 35238003
      }
    },
    {
      "type": "Feature",
      "geometry": {
        "type": "Point",
        "coordinates": [
          -1.781167,
          48.1125
        ]
      },
      "properties": {
        "name": "LE RHEU-INRAE",
        "altitude": 38,
        "id": 35240001
      }
    },
    {
      "type": "Feature",
      "geometry": {
        "type": "Point",
        "coordinates": [
          -1.734,
          48.068833
        ]
      },
      "properties": {
        "name": "RENNES-ST JACQUES",
        "altitude": 36,
        "id": 35281001
      }
    },
    {
      "type": "Feature",
      "geometry": {
        "type": "Point",
        "coordinates": [
          -2.0045,
          47.691333
        ]
      },
      "properties": {
        "name": "SAINTE MARIE",
        "altitude": 47,
        "id": 35294001
      }
    },
    {
      "type": "Feature",
      "geometry": {
        "type": "Point",
        "coordinates": [
          -1.4505,
          47.845167
        ]
      },
      "properties": {
        "name": "THOURIE",
        "altitude": 67,
        "id": 35335001
      }
    },
    {
      "type": "Feature",
      "geometry": {
        "type": "Point",
        "coordinates": [
          -1.302167,
          48.167667
        ]
      },
      "properties": {
        "name": "VAL-D-IZE",
        "altitude": 106,
        "id": 35347001
      }
    },
    {
      "type": "Feature",
      "geometry": {
        "type": "Point",
        "coordinates": [
          1.8225,
          46.436167
        ]
      },
      "properties": {
        "name": "AIGURANDE",
        "altitude": 427,
        "id": 36001001
      }
    },
    {
      "type": "Feature",
      "geometry": {
        "type": "Point",
        "coordinates": [
          1.073167,
          46.637167
        ]
      },
      "properties": {
        "name": "LE BLANC",
        "altitude": 117,
        "id": 36018001
      }
    },
    {
      "type": "Feature",
      "geometry": {
        "type": "Point",
        "coordinates": [
          1.7065,
          47.238
        ]
      },
      "properties": {
        "name": "CHABRIS",
        "altitude": 91,
        "id": 36034002
      }
    },
    {
      "type": "Feature",
      "geometry": {
        "type": "Point",
        "coordinates": [
          1.302167,
          46.456667
        ]
      },
      "properties": {
        "name": "CHAILLAC_SAPC",
        "altitude": 126,
        "id": 36035002
      }
    },
    {
      "type": "Feature",
      "geometry": {
        "type": "Point",
        "coordinates": [
          1.741,
          46.869833
        ]
      },
      "properties": {
        "name": "CHATEAUROUX  DEOLS",
        "altitude": 158,
        "id": 36063001
      }
    },
    {
      "type": "Feature",
      "geometry": {
        "type": "Point",
        "coordinates": [
          1.581,
          46.436333
        ]
      },
      "properties": {
        "name": "EGUZON",
        "altitude": 272,
        "id": 36070001
      }
    },
    {
      "type": "Feature",
      "geometry": {
        "type": "Point",
        "coordinates": [
          2.0285,
          46.96
        ]
      },
      "properties": {
        "name": "ISSOUDUN_SAPC",
        "altitude": 140,
        "id": 36088005
      }
    },
    {
      "type": "Feature",
      "geometry": {
        "type": "Point",
        "coordinates": [
          1.663,
          46.948667
        ]
      },
      "properties": {
        "name": "LEVROUX - TREG.",
        "altitude": 169,
        "id": 36093002
      }
    },
    {
      "type": "Feature",
      "geometry": {
        "type": "Point",
        "coordinates": [
          1.441833,
          47.1305
        ]
      },
      "properties": {
        "name": "LUCAY-LE-MALE",
        "altitude": 119,
        "id": 36103001
      }
    },
    {
      "type": "Feature",
      "geometry": {
        "type": "Point",
        "coordinates": [
          1.040167,
          46.804667
        ]
      },
      "properties": {
        "name": "MARTIZAY",
        "altitude": 80,
        "id": 36113001
      }
    },
    {
      "type": "Feature",
      "geometry": {
        "type": "Point",
        "coordinates": [
          1.974,
          46.610167
        ]
      },
      "properties": {
        "name": "MONTGIVRAY",
        "altitude": 204,
        "id": 36127002
      }
    },
    {
      "type": "Feature",
      "geometry": {
        "type": "Point",
        "coordinates": [
          1.445667,
          46.792
        ]
      },
      "properties": {
        "name": "NEUILLAY",
        "altitude": 121,
        "id": 36139001
      }
    },
    {
      "type": "Feature",
      "geometry": {
        "type": "Point",
        "coordinates": [
          1.7985,
          46.598333
        ]
      },
      "properties": {
        "name": "NEUVY-ST-SEP.",
        "altitude": 211,
        "id": 36141001
      }
    },
    {
      "type": "Feature",
      "geometry": {
        "type": "Point",
        "coordinates": [
          1.748333,
          47.136
        ]
      },
      "properties": {
        "name": "ORVILLE",
        "altitude": 146,
        "id": 36147001
      }
    },
    {
      "type": "Feature",
      "geometry": {
        "type": "Point",
        "coordinates": [
          1.406167,
          46.974833
        ]
      },
      "properties": {
        "name": "PELLEVOISIN",
        "altitude": 161,
        "id": 36155001
      }
    },
    {
      "type": "Feature",
      "geometry": {
        "type": "Point",
        "coordinates": [
          2.045,
          46.7885
        ]
      },
      "properties": {
        "name": "PRUNIERS",
        "altitude": 164,
        "id": 36169001
      }
    },
    {
      "type": "Feature",
      "geometry": {
        "type": "Point",
        "coordinates": [
          1.249833,
          46.703
        ]
      },
      "properties": {
        "name": "ROSNAY",
        "altitude": 109,
        "id": 36173002
      }
    },
    {
      "type": "Feature",
      "geometry": {
        "type": "Point",
        "coordinates": [
          2.1245,
          46.679333
        ]
      },
      "properties": {
        "name": "ST-CHRISTOPHE",
        "altitude": 265,
        "id": 36186001
      }
    },
    {
      "type": "Feature",
      "geometry": {
        "type": "Point",
        "coordinates": [
          1.43,
          46.6365
        ]
      },
      "properties": {
        "name": "ST-GAULTIER",
        "altitude": 96,
        "id": 36192001
      }
    },
    {
      "type": "Feature",
      "geometry": {
        "type": "Point",
        "coordinates": [
          2.066667,
          46.488333
        ]
      },
      "properties": {
        "name": "STE-SEVERE",
        "altitude": 302,
        "id": 36208001
      }
    },
    {
      "type": "Feature",
      "geometry": {
        "type": "Point",
        "coordinates": [
          1.588333,
          46.6615
        ]
      },
      "properties": {
        "name": "TENDU_SAPC",
        "altitude": 155,
        "id": 36219001
      }
    },
    {
      "type": "Feature",
      "geometry": {
        "type": "Point",
        "coordinates": [
          0.976833,
          47.393833
        ]
      },
      "properties": {
        "name": "AMBOISE",
        "altitude": 119,
        "id": 37003001
      }
    },
    {
      "type": "Feature",
      "geometry": {
        "type": "Point",
        "coordinates": [
          1.211667,
          47.177167
        ]
      },
      "properties": {
        "name": "BEAUMONT_SAPC",
        "altitude": 126,
        "id": 37023002
      }
    },
    {
      "type": "Feature",
      "geometry": {
        "type": "Point",
        "coordinates": [
          0.875,
          46.9875
        ]
      },
      "properties": {
        "name": "FERRIERE-LARCON",
        "altitude": 116,
        "id": 37107001
      }
    },
    {
      "type": "Feature",
      "geometry": {
        "type": "Point",
        "coordinates": [
          0.796333,
          46.921167
        ]
      },
      "properties": {
        "name": "LE GRAND-PRES.",
        "altitude": 58,
        "id": 37113001
      }
    },
    {
      "type": "Feature",
      "geometry": {
        "type": "Point",
        "coordinates": [
          0.425167,
          47.114167
        ]
      },
      "properties": {
        "name": "L'ILE-BOUCHARD",
        "altitude": 39,
        "id": 37119001
      }
    },
    {
      "type": "Feature",
      "geometry": {
        "type": "Point",
        "coordinates": [
          0.661,
          47.325333
        ]
      },
      "properties": {
        "name": "JOUE-LES-TOURS OB",
        "altitude": 93,
        "id": 37122001
      }
    },
    {
      "type": "Feature",
      "geometry": {
        "type": "Point",
        "coordinates": [
          0.402833,
          47.293
        ]
      },
      "properties": {
        "name": "LIGNIERES-DE-T.",
        "altitude": 32,
        "id": 37128002
      }
    },
    {
      "type": "Feature",
      "geometry": {
        "type": "Point",
        "coordinates": [
          0.596,
          47.608
        ]
      },
      "properties": {
        "name": "NEUVY-LE-ROI",
        "altitude": 103,
        "id": 37170001
      }
    },
    {
      "type": "Feature",
      "geometry": {
        "type": "Point",
        "coordinates": [
          0.727333,
          47.4445
        ]
      },
      "properties": {
        "name": "TOURS",
        "altitude": 108,
        "id": 37179001
      }
    },
    {
      "type": "Feature",
      "geometry": {
        "type": "Point",
        "coordinates": [
          0.899,
          47.219333
        ]
      },
      "properties": {
        "name": "REIGNAC",
        "altitude": 90,
        "id": 37192001
      }
    },
    {
      "type": "Feature",
      "geometry": {
        "type": "Point",
        "coordinates": [
          0.464333,
          47.6155
        ]
      },
      "properties": {
        "name": "ST-CHRISTOPHE-SUR-NAIS",
        "altitude": 107,
        "id": 37213003
      }
    },
    {
      "type": "Feature",
      "geometry": {
        "type": "Point",
        "coordinates": [
          0.604833,
          47.157167
        ]
      },
      "properties": {
        "name": "SAINT EPAIN",
        "altitude": 112,
        "id": 37216003
      }
    },
    {
      "type": "Feature",
      "geometry": {
        "type": "Point",
        "coordinates": [
          0.931333,
          47.590333
        ]
      },
      "properties": {
        "name": "SAUNAY",
        "altitude": 109,
        "id": 37240001
      }
    },
    {
      "type": "Feature",
      "geometry": {
        "type": "Point",
        "coordinates": [
          0.319667,
          47.4415
        ]
      },
      "properties": {
        "name": "SAVIGNE/LATHAN",
        "altitude": 88,
        "id": 37241001
      }
    },
    {
      "type": "Feature",
      "geometry": {
        "type": "Point",
        "coordinates": [
          0.149333,
          47.227
        ]
      },
      "properties": {
        "name": "SAVIGNY - VERON",
        "altitude": 33,
        "id": 37242002
      }
    },
    {
      "type": "Feature",
      "geometry": {
        "type": "Point",
        "coordinates": [
          0.993167,
          47.265
        ]
      },
      "properties": {
        "name": "SUBLAINES",
        "altitude": 111,
        "id": 37253001
      }
    },
    {
      "type": "Feature",
      "geometry": {
        "type": "Point",
        "coordinates": [
          6.038167,
          45.231
        ]
      },
      "properties": {
        "name": "AIGLETON-NIVOSE",
        "altitude": 2240,
        "id": 38005402
      }
    },
    {
      "type": "Feature",
      "geometry": {
        "type": "Point",
        "coordinates": [
          5.552167,
          45.182
        ]
      },
      "properties": {
        "name": "AUTRANS",
        "altitude": 1069,
        "id": 38021001
      }
    },
    {
      "type": "Feature",
      "geometry": {
        "type": "Point",
        "coordinates": [
          5.0365,
          45.350333
        ]
      },
      "properties": {
        "name": "BEAUREPAIRE",
        "altitude": 288,
        "id": 38034001
      }
    },
    {
      "type": "Feature",
      "geometry": {
        "type": "Point",
        "coordinates": [
          5.401,
          45.4555
        ]
      },
      "properties": {
        "name": "COL DE ROSSATIERE",
        "altitude": 568,
        "id": 38046002
      }
    },
    {
      "type": "Feature",
      "geometry": {
        "type": "Point",
        "coordinates": [
          5.309333,
          45.608
        ]
      },
      "properties": {
        "name": "BOURGOIN",
        "altitude": 358,
        "id": 38053003
      }
    },
    {
      "type": "Feature",
      "geometry": {
        "type": "Point",
        "coordinates": [
          5.306,
          45.140167
        ]
      },
      "properties": {
        "name": "CHATTE_SAPC",
        "altitude": 272,
        "id": 38095001
      }
    },
    {
      "type": "Feature",
      "geometry": {
        "type": "Point",
        "coordinates": [
          5.580333,
          44.810333
        ]
      },
      "properties": {
        "name": "CHICHILIANNE_SAPC",
        "altitude": 984,
        "id": 38103002
      }
    },
    {
      "type": "Feature",
      "geometry": {
        "type": "Point",
        "coordinates": [
          5.596333,
          45.355333
        ]
      },
      "properties": {
        "name": "COUBLEVIE",
        "altitude": 300,
        "id": 38133001
      }
    },
    {
      "type": "Feature",
      "geometry": {
        "type": "Point",
        "coordinates": [
          5.617167,
          45.176167
        ]
      },
      "properties": {
        "name": "ENGINS",
        "altitude": 877,
        "id": 38153001
      }
    },
    {
      "type": "Feature",
      "geometry": {
        "type": "Point",
        "coordinates": [
          5.528833,
          45.594667
        ]
      },
      "properties": {
        "name": "FAVERGES",
        "altitude": 367,
        "id": 38162001
      }
    },
    {
      "type": "Feature",
      "geometry": {
        "type": "Point",
        "coordinates": [
          5.682833,
          45.2115
        ]
      },
      "properties": {
        "name": "GRENOBLE-CEA-RADOME",
        "altitude": 213,
        "id": 38185012
      }
    },
    {
      "type": "Feature",
      "geometry": {
        "type": "Point",
        "coordinates": [
          5.565667,
          44.899833
        ]
      },
      "properties": {
        "name": "GRESSE",
        "altitude": 1220,
        "id": 38186001
      }
    },
    {
      "type": "Feature",
      "geometry": {
        "type": "Point",
        "coordinates": [
          5.588667,
          45.015
        ]
      },
      "properties": {
        "name": "LE GUA-NIVOSE",
        "altitude": 1646,
        "id": 38187400
      }
    },
    {
      "type": "Feature",
      "geometry": {
        "type": "Point",
        "coordinates": [
          6.085667,
          45.087833
        ]
      },
      "properties": {
        "name": "ALPE-D'HUEZ",
        "altitude": 1860,
        "id": 38191002
      }
    },
    {
      "type": "Feature",
      "geometry": {
        "type": "Point",
        "coordinates": [
          5.883333,
          44.990667
        ]
      },
      "properties": {
        "name": "LAVALDENS",
        "altitude": 1070,
        "id": 38207001
      }
    },
    {
      "type": "Feature",
      "geometry": {
        "type": "Point",
        "coordinates": [
          5.786167,
          44.935
        ]
      },
      "properties": {
        "name": "LA MURE- RADOME",
        "altitude": 885,
        "id": 38269004
      }
    },
    {
      "type": "Feature",
      "geometry": {
        "type": "Point",
        "coordinates": [
          5.353,
          45.2845
        ]
      },
      "properties": {
        "name": "SERRE-NERPOL_SAPC",
        "altitude": 632,
        "id": 38275002
      }
    },
    {
      "type": "Feature",
      "geometry": {
        "type": "Point",
        "coordinates": [
          5.987333,
          45.051667
        ]
      },
      "properties": {
        "name": "ORNON",
        "altitude": 950,
        "id": 38285001
      }
    },
    {
      "type": "Feature",
      "geometry": {
        "type": "Point",
        "coordinates": [
          5.906167,
          44.784167
        ]
      },
      "properties": {
        "name": "PELLAFOL-CHANEAUX",
        "altitude": 947,
        "id": 38299001
      }
    },
    {
      "type": "Feature",
      "geometry": {
        "type": "Point",
        "coordinates": [
          5.671333,
          45.528333
        ]
      },
      "properties": {
        "name": "PONT-DE-BEAUVOISIN",
        "altitude": 284,
        "id": 38315002
      }
    },
    {
      "type": "Feature",
      "geometry": {
        "type": "Point",
        "coordinates": [
          4.810667,
          45.478667
        ]
      },
      "properties": {
        "name": "REVENTIN",
        "altitude": 295,
        "id": 38336001
      }
    },
    {
      "type": "Feature",
      "geometry": {
        "type": "Point",
        "coordinates": [
          5.6395,
          44.882167
        ]
      },
      "properties": {
        "name": "ROISSARD",
        "altitude": 746,
        "id": 38342001
      }
    },
    {
      "type": "Feature",
      "geometry": {
        "type": "Point",
        "coordinates": [
          4.768667,
          45.329667
        ]
      },
      "properties": {
        "name": "SABLONS",
        "altitude": 136,
        "id": 38349001
      }
    },
    {
      "type": "Feature",
      "geometry": {
        "type": "Point",
        "coordinates": [
          5.657333,
          45.392667
        ]
      },
      "properties": {
        "name": "ST AUPRE_SAPC",
        "altitude": 450,
        "id": 38362001
      }
    },
    {
      "type": "Feature",
      "geometry": {
        "type": "Point",
        "coordinates": [
          5.796167,
          44.796
        ]
      },
      "properties": {
        "name": "ST-BAUDILLE",
        "altitude": 1040,
        "id": 38366001
      }
    },
    {
      "type": "Feature",
      "geometry": {
        "type": "Point",
        "coordinates": [
          6.188333,
          44.945833
        ]
      },
      "properties": {
        "name": "ST CHRISTOPHE EN OISANS_SAPC",
        "altitude": 1564,
        "id": 38375009
      }
    },
    {
      "type": "Feature",
      "geometry": {
        "type": "Point",
        "coordinates": [
          6.346167,
          44.936833
        ]
      },
      "properties": {
        "name": "LES ECRINS-NIVOSE",
        "altitude": 2970,
        "id": 38375402
      }
    },
    {
      "type": "Feature",
      "geometry": {
        "type": "Point",
        "coordinates": [
          5.313333,
          45.364
        ]
      },
      "properties": {
        "name": "GRENOBLE-ST GEOIRS",
        "altitude": 384,
        "id": 38384001
      }
    },
    {
      "type": "Feature",
      "geometry": {
        "type": "Point",
        "coordinates": [
          5.884833,
          45.315
        ]
      },
      "properties": {
        "name": "SAINT-HILAIRE_SAPC",
        "altitude": 990,
        "id": 38395004
      }
    },
    {
      "type": "Feature",
      "geometry": {
        "type": "Point",
        "coordinates": [
          5.8635,
          45.313833
        ]
      },
      "properties": {
        "name": "ST HILAIRE-NIVOSE",
        "altitude": 1756,
        "id": 38395403
      }
    },
    {
      "type": "Feature",
      "geometry": {
        "type": "Point",
        "coordinates": [
          5.803833,
          45.317333
        ]
      },
      "properties": {
        "name": "ST-PIERRE-LES EGAUX",
        "altitude": 950,
        "id": 38442008
      }
    },
    {
      "type": "Feature",
      "geometry": {
        "type": "Point",
        "coordinates": [
          5.843333,
          45.411
        ]
      },
      "properties": {
        "name": "ST-PIERRE-D'ENTREMONT",
        "altitude": 870,
        "id": 38446003
      }
    },
    {
      "type": "Feature",
      "geometry": {
        "type": "Point",
        "coordinates": [
          5.765333,
          45.295
        ]
      },
      "properties": {
        "name": "COL DE PORTE-NIVOSE",
        "altitude": 1325,
        "id": 38472403
      }
    },
    {
      "type": "Feature",
      "geometry": {
        "type": "Point",
        "coordinates": [
          5.951333,
          45.300167
        ]
      },
      "properties": {
        "name": "TENCIN",
        "altitude": 233,
        "id": 38501001
      }
    },
    {
      "type": "Feature",
      "geometry": {
        "type": "Point",
        "coordinates": [
          5.995667,
          45.302333
        ]
      },
      "properties": {
        "name": "THEYS",
        "altitude": 615,
        "id": 38504001
      }
    },
    {
      "type": "Feature",
      "geometry": {
        "type": "Point",
        "coordinates": [
          6.016,
          45.265333
        ]
      },
      "properties": {
        "name": "PIPAY_SAPC",
        "altitude": 1578,
        "id": 38504002
      }
    },
    {
      "type": "Feature",
      "geometry": {
        "type": "Point",
        "coordinates": [
          6.090167,
          44.869833
        ]
      },
      "properties": {
        "name": "VALJOUFFREY_SAPC",
        "altitude": 1285,
        "id": 38522004
      }
    },
    {
      "type": "Feature",
      "geometry": {
        "type": "Point",
        "coordinates": [
          5.697667,
          45.101167
        ]
      },
      "properties": {
        "name": "VARCES",
        "altitude": 253,
        "id": 38524001
      }
    },
    {
      "type": "Feature",
      "geometry": {
        "type": "Point",
        "coordinates": [
          6.047167,
          45.149167
        ]
      },
      "properties": {
        "name": "VAUJANY",
        "altitude": 772,
        "id": 38527001
      }
    },
    {
      "type": "Feature",
      "geometry": {
        "type": "Point",
        "coordinates": [
          5.8485,
          45.217167
        ]
      },
      "properties": {
        "name": "GRENOBLE - LVD",
        "altitude": 220,
        "id": 38538002
      }
    },
    {
      "type": "Feature",
      "geometry": {
        "type": "Point",
        "coordinates": [
          5.561,
          45.0785
        ]
      },
      "properties": {
        "name": "VILLARD-DE-LANS",
        "altitude": 1027,
        "id": 38548001
      }
    },
    {
      "type": "Feature",
      "geometry": {
        "type": "Point",
        "coordinates": [
          5.878333,
          45.128
        ]
      },
      "properties": {
        "name": "CHAMROUSSE",
        "altitude": 1730,
        "id": 38567002
      }
    },
    {
      "type": "Feature",
      "geometry": {
        "type": "Point",
        "coordinates": [
          5.740167,
          46.896
        ]
      },
      "properties": {
        "name": "ARBOIS_SAPC",
        "altitude": 313,
        "id": 39013004
      }
    },
    {
      "type": "Feature",
      "geometry": {
        "type": "Point",
        "coordinates": [
          5.886,
          46.756833
        ]
      },
      "properties": {
        "name": "CHAMPAGNOLE",
        "altitude": 537,
        "id": 39097003
      }
    },
    {
      "type": "Feature",
      "geometry": {
        "type": "Point",
        "coordinates": [
          5.865,
          46.509
        ]
      },
      "properties": {
        "name": "CHAUX-DES-PRES-INRAE",
        "altitude": 854,
        "id": 39130002
      }
    },
    {
      "type": "Feature",
      "geometry": {
        "type": "Point",
        "coordinates": [
          5.764667,
          46.5815
        ]
      },
      "properties": {
        "name": "COGNA",
        "altitude": 577,
        "id": 39156001
      }
    },
    {
      "type": "Feature",
      "geometry": {
        "type": "Point",
        "coordinates": [
          5.572167,
          46.867667
        ]
      },
      "properties": {
        "name": "COLONNE",
        "altitude": 244,
        "id": 39159002
      }
    },
    {
      "type": "Feature",
      "geometry": {
        "type": "Point",
        "coordinates": [
          5.659,
          46.690167
        ]
      },
      "properties": {
        "name": "CRANCOT",
        "altitude": 509,
        "id": 39177001
      }
    },
    {
      "type": "Feature",
      "geometry": {
        "type": "Point",
        "coordinates": [
          5.496,
          47.063667
        ]
      },
      "properties": {
        "name": "DOLE",
        "altitude": 212,
        "id": 39198001
      }
    },
    {
      "type": "Feature",
      "geometry": {
        "type": "Point",
        "coordinates": [
          5.717333,
          46.768167
        ]
      },
      "properties": {
        "name": "LE FIED_SAPC",
        "altitude": 522,
        "id": 39225002
      }
    },
    {
      "type": "Feature",
      "geometry": {
        "type": "Point",
        "coordinates": [
          5.768333,
          47.148667
        ]
      },
      "properties": {
        "name": "FRAISANS",
        "altitude": 254,
        "id": 39235001
      }
    },
    {
      "type": "Feature",
      "geometry": {
        "type": "Point",
        "coordinates": [
          5.895167,
          46.634333
        ]
      },
      "properties": {
        "name": "LE FRASNOIS",
        "altitude": 773,
        "id": 39240001
      }
    },
    {
      "type": "Feature",
      "geometry": {
        "type": "Point",
        "coordinates": [
          5.517667,
          46.692833
        ]
      },
      "properties": {
        "name": "LONS LE SAUNIER",
        "altitude": 298,
        "id": 39362001
      }
    },
    {
      "type": "Feature",
      "geometry": {
        "type": "Point",
        "coordinates": [
          5.843,
          46.302833
        ]
      },
      "properties": {
        "name": "LA PESSE",
        "altitude": 1133,
        "id": 39413001
      }
    },
    {
      "type": "Feature",
      "geometry": {
        "type": "Point",
        "coordinates": [
          5.448,
          46.385167
        ]
      },
      "properties": {
        "name": "ST JULIEN - SA",
        "altitude": 361,
        "id": 39485002
      }
    },
    {
      "type": "Feature",
      "geometry": {
        "type": "Point",
        "coordinates": [
          5.427333,
          47.043833
        ]
      },
      "properties": {
        "name": "TAVAUX SA",
        "altitude": 195,
        "id": 39526003
      }
    },
    {
      "type": "Feature",
      "geometry": {
        "type": "Point",
        "coordinates": [
          -0.836,
          43.833167
        ]
      },
      "properties": {
        "name": "BEGAAR",
        "altitude": 19,
        "id": 40031001
      }
    },
    {
      "type": "Feature",
      "geometry": {
        "type": "Point",
        "coordinates": [
          -0.453833,
          44.063833
        ]
      },
      "properties": {
        "name": "BELIS",
        "altitude": 85,
        "id": 40033001
      }
    },
    {
      "type": "Feature",
      "geometry": {
        "type": "Point",
        "coordinates": [
          -1.2475,
          44.431667
        ]
      },
      "properties": {
        "name": "BISCARROSSE",
        "altitude": 35,
        "id": 40046001
      }
    },
    {
      "type": "Feature",
      "geometry": {
        "type": "Point",
        "coordinates": [
          -1.453333,
          43.627333
        ]
      },
      "properties": {
        "name": "CAPBRETON",
        "altitude": 11,
        "id": 40065002
      }
    },
    {
      "type": "Feature",
      "geometry": {
        "type": "Point",
        "coordinates": [
          -0.045,
          43.9935
        ]
      },
      "properties": {
        "name": "CREON D'ARMAGNAC",
        "altitude": 150,
        "id": 40087001
      }
    },
    {
      "type": "Feature",
      "geometry": {
        "type": "Point",
        "coordinates": [
          -1.07,
          43.689833
        ]
      },
      "properties": {
        "name": "DAX",
        "altitude": 31,
        "id": 40088001
      }
    },
    {
      "type": "Feature",
      "geometry": {
        "type": "Point",
        "coordinates": [
          -0.915333,
          44.213333
        ]
      },
      "properties": {
        "name": "LABOUHEYRE DFCI",
        "altitude": 72,
        "id": 40134001
      }
    },
    {
      "type": "Feature",
      "geometry": {
        "type": "Point",
        "coordinates": [
          -0.286167,
          44.185
        ]
      },
      "properties": {
        "name": "CAPTIEUX-RETJONS",
        "altitude": 131,
        "id": 40164004
      }
    },
    {
      "type": "Feature",
      "geometry": {
        "type": "Point",
        "coordinates": [
          -0.500167,
          43.909833
        ]
      },
      "properties": {
        "name": "MONT-DE-MARSAN",
        "altitude": 59,
        "id": 40192001
      }
    },
    {
      "type": "Feature",
      "geometry": {
        "type": "Point",
        "coordinates": [
          0.044167,
          43.936667
        ]
      },
      "properties": {
        "name": "PARLEBOSCQ",
        "altitude": 155,
        "id": 40218002
      }
    },
    {
      "type": "Feature",
      "geometry": {
        "type": "Point",
        "coordinates": [
          -0.787333,
          44.313667
        ]
      },
      "properties": {
        "name": "PISSOS",
        "altitude": 56,
        "id": 40227001
      }
    },
    {
      "type": "Feature",
      "geometry": {
        "type": "Point",
        "coordinates": [
          -0.950833,
          43.916333
        ]
      },
      "properties": {
        "name": "RION-DES-LANDES",
        "altitude": 77,
        "id": 40243001
      }
    },
    {
      "type": "Feature",
      "geometry": {
        "type": "Point",
        "coordinates": [
          -0.859,
          44.153667
        ]
      },
      "properties": {
        "name": "SABRES",
        "altitude": 81,
        "id": 40246003
      }
    },
    {
      "type": "Feature",
      "geometry": {
        "type": "Point",
        "coordinates": [
          -1.299333,
          43.570833
        ]
      },
      "properties": {
        "name": "ST M HINX STNA-INRAE",
        "altitude": 37,
        "id": 40272002
      }
    },
    {
      "type": "Feature",
      "geometry": {
        "type": "Point",
        "coordinates": [
          -0.488833,
          43.640667
        ]
      },
      "properties": {
        "name": "SAMADET",
        "altitude": 134,
        "id": 40286001
      }
    },
    {
      "type": "Feature",
      "geometry": {
        "type": "Point",
        "coordinates": [
          -1.426333,
          43.669833
        ]
      },
      "properties": {
        "name": "SOORTS-HOSSEGOR",
        "altitude": 10,
        "id": 40304001
      }
    },
    {
      "type": "Feature",
      "geometry": {
        "type": "Point",
        "coordinates": [
          -0.435167,
          43.639667
        ]
      },
      "properties": {
        "name": "URGONS",
        "altitude": 146,
        "id": 40321002
      }
    },
    {
      "type": "Feature",
      "geometry": {
        "type": "Point",
        "coordinates": [
          1.3375,
          47.572
        ]
      },
      "properties": {
        "name": "BLOIS - VILLE",
        "altitude": 69,
        "id": 41018001
      }
    },
    {
      "type": "Feature",
      "geometry": {
        "type": "Point",
        "coordinates": [
          1.436333,
          47.505167
        ]
      },
      "properties": {
        "name": "CHEVERNY",
        "altitude": 99,
        "id": 41050002
      }
    },
    {
      "type": "Feature",
      "geometry": {
        "type": "Point",
        "coordinates": [
          0.912833,
          47.969167
        ]
      },
      "properties": {
        "name": "CHOUE",
        "altitude": 163,
        "id": 41053001
      }
    },
    {
      "type": "Feature",
      "geometry": {
        "type": "Point",
        "coordinates": [
          1.031667,
          48.016167
        ]
      },
      "properties": {
        "name": "DROUE - MORACHE",
        "altitude": 206,
        "id": 41075003
      }
    },
    {
      "type": "Feature",
      "geometry": {
        "type": "Point",
        "coordinates": [
          1.1655,
          47.331833
        ]
      },
      "properties": {
        "name": "FAVEROLLES",
        "altitude": 77,
        "id": 41080001
      }
    },
    {
      "type": "Feature",
      "geometry": {
        "type": "Point",
        "coordinates": [
          1.6875,
          47.319667
        ]
      },
      "properties": {
        "name": "ROMORANTIN",
        "altitude": 83,
        "id": 41097001
      }
    },
    {
      "type": "Feature",
      "geometry": {
        "type": "Point",
        "coordinates": [
          2.012,
          47.6105
        ]
      },
      "properties": {
        "name": "LAMOTTE-BEUVRON",
        "altitude": 117,
        "id": 41106001
      }
    },
    {
      "type": "Feature",
      "geometry": {
        "type": "Point",
        "coordinates": [
          1.7305,
          47.535833
        ]
      },
      "properties": {
        "name": "MONTRIEUX",
        "altitude": 96,
        "id": 41152001
      }
    },
    {
      "type": "Feature",
      "geometry": {
        "type": "Point",
        "coordinates": [
          1.521667,
          47.904
        ]
      },
      "properties": {
        "name": "OUZOUER",
        "altitude": 128,
        "id": 41173003
      }
    },
    {
      "type": "Feature",
      "geometry": {
        "type": "Point",
        "coordinates": [
          1.054333,
          47.826667
        ]
      },
      "properties": {
        "name": "VENDOME",
        "altitude": 115,
        "id": 41269001
      }
    },
    {
      "type": "Feature",
      "geometry": {
        "type": "Point",
        "coordinates": [
          1.212333,
          47.6785
        ]
      },
      "properties": {
        "name": "BLOIS",
        "altitude": 119,
        "id": 41281001
      }
    },
    {
      "type": "Feature",
      "geometry": {
        "type": "Point",
        "coordinates": [
          1.743667,
          47.610667
        ]
      },
      "properties": {
        "name": "VILLENY",
        "altitude": 127,
        "id": 41285001
      }
    },
    {
      "type": "Feature",
      "geometry": {
        "type": "Point",
        "coordinates": [
          4.293833,
          45.545667
        ]
      },
      "properties": {
        "name": "ST ETIENNE-BOUTHEON",
        "altitude": 395,
        "id": 42005001
      }
    },
    {
      "type": "Feature",
      "geometry": {
        "type": "Point",
        "coordinates": [
          4.192,
          45.820167
        ]
      },
      "properties": {
        "name": "BALBIGNY",
        "altitude": 336,
        "id": 42011001
      }
    },
    {
      "type": "Feature",
      "geometry": {
        "type": "Point",
        "coordinates": [
          4.0015,
          45.756167
        ]
      },
      "properties": {
        "name": "BOEN-SUR-LIGNON_SAPC",
        "altitude": 513,
        "id": 42019005
      }
    },
    {
      "type": "Feature",
      "geometry": {
        "type": "Point",
        "coordinates": [
          4.5735,
          45.298667
        ]
      },
      "properties": {
        "name": "BOURG-ARGENTAL",
        "altitude": 514,
        "id": 42023004
      }
    },
    {
      "type": "Feature",
      "geometry": {
        "type": "Point",
        "coordinates": [
          3.766167,
          45.850667
        ]
      },
      "properties": {
        "name": "COL DE CERVIERES",
        "altitude": 804,
        "id": 42034001
      }
    },
    {
      "type": "Feature",
      "geometry": {
        "type": "Point",
        "coordinates": [
          3.844,
          45.699
        ]
      },
      "properties": {
        "name": "CHALMAZEL_RA",
        "altitude": 990,
        "id": 42039003
      }
    },
    {
      "type": "Feature",
      "geometry": {
        "type": "Point",
        "coordinates": [
          3.780333,
          45.743833
        ]
      },
      "properties": {
        "name": "COL DE LA LOGE_SAPC",
        "altitude": 1261,
        "id": 42040001
      }
    },
    {
      "type": "Feature",
      "geometry": {
        "type": "Point",
        "coordinates": [
          4.396333,
          45.642333
        ]
      },
      "properties": {
        "name": "CHAZELLES-LYON",
        "altitude": 632,
        "id": 42059001
      }
    },
    {
      "type": "Feature",
      "geometry": {
        "type": "Point",
        "coordinates": [
          4.233833,
          45.7385
        ]
      },
      "properties": {
        "name": "FEURS",
        "altitude": 347,
        "id": 42094003
      }
    },
    {
      "type": "Feature",
      "geometry": {
        "type": "Point",
        "coordinates": [
          4.269167,
          45.941167
        ]
      },
      "properties": {
        "name": "FOURNEAUX",
        "altitude": 510,
        "id": 42098001
      }
    },
    {
      "type": "Feature",
      "geometry": {
        "type": "Point",
        "coordinates": [
          4.559833,
          45.361167
        ]
      },
      "properties": {
        "name": "PILAT GRAIX",
        "altitude": 1164,
        "id": 42101001
      }
    },
    {
      "type": "Feature",
      "geometry": {
        "type": "Point",
        "coordinates": [
          4.442833,
          45.564833
        ]
      },
      "properties": {
        "name": "GRAMMOND_SAPC",
        "altitude": 803,
        "id": 42102002
      }
    },
    {
      "type": "Feature",
      "geometry": {
        "type": "Point",
        "coordinates": [
          4.222333,
          46.015667
        ]
      },
      "properties": {
        "name": "MONTAGNY",
        "altitude": 460,
        "id": 42145003
      }
    },
    {
      "type": "Feature",
      "geometry": {
        "type": "Point",
        "coordinates": [
          4.191333,
          46.097
        ]
      },
      "properties": {
        "name": "NANDAX",
        "altitude": 374,
        "id": 42152001
      }
    },
    {
      "type": "Feature",
      "geometry": {
        "type": "Point",
        "coordinates": [
          3.7605,
          45.812667
        ]
      },
      "properties": {
        "name": "NOIRETABLE",
        "altitude": 714,
        "id": 42159001
      }
    },
    {
      "type": "Feature",
      "geometry": {
        "type": "Point",
        "coordinates": [
          4.333833,
          45.804333
        ]
      },
      "properties": {
        "name": "PANISSIERES",
        "altitude": 614,
        "id": 42165003
      }
    },
    {
      "type": "Feature",
      "geometry": {
        "type": "Point",
        "coordinates": [
          4.072,
          45.436167
        ]
      },
      "properties": {
        "name": "ST-BONNET-LE-CHATEAU_SAPC",
        "altitude": 822,
        "id": 42204002
      }
    },
    {
      "type": "Feature",
      "geometry": {
        "type": "Point",
        "coordinates": [
          4.534167,
          45.491
        ]
      },
      "properties": {
        "name": "ST-CHAMOND-P",
        "altitude": 394,
        "id": 42207005
      }
    },
    {
      "type": "Feature",
      "geometry": {
        "type": "Point",
        "coordinates": [
          4.368167,
          45.435333
        ]
      },
      "properties": {
        "name": "SAINT-ETIENNE",
        "altitude": 640,
        "id": 42218011
      }
    },
    {
      "type": "Feature",
      "geometry": {
        "type": "Point",
        "coordinates": [
          4.470833,
          45.352667
        ]
      },
      "properties": {
        "name": "COL REPUBLIQUE",
        "altitude": 1071,
        "id": 42224003
      }
    },
    {
      "type": "Feature",
      "geometry": {
        "type": "Point",
        "coordinates": [
          3.9555,
          45.701667
        ]
      },
      "properties": {
        "name": "ST GEORGES EN C",
        "altitude": 496,
        "id": 42227001
      }
    },
    {
      "type": "Feature",
      "geometry": {
        "type": "Point",
        "coordinates": [
          4.006,
          45.975
        ]
      },
      "properties": {
        "name": "ST-MAURICE-SUR-LOIRE",
        "altitude": 395,
        "id": 42239001
      }
    },
    {
      "type": "Feature",
      "geometry": {
        "type": "Point",
        "coordinates": [
          3.844167,
          45.9085
        ]
      },
      "properties": {
        "name": "ST-JUST-EN-CHEV",
        "altitude": 612,
        "id": 42248002
      }
    },
    {
      "type": "Feature",
      "geometry": {
        "type": "Point",
        "coordinates": [
          4.0045,
          46.055
        ]
      },
      "properties": {
        "name": "ROANNE-RIORGES_AERO",
        "altitude": 337,
        "id": 42253001
      }
    },
    {
      "type": "Feature",
      "geometry": {
        "type": "Point",
        "coordinates": [
          4.503667,
          45.2685
        ]
      },
      "properties": {
        "name": "ST SAUVEUR EN R",
        "altitude": 783,
        "id": 42287001
      }
    },
    {
      "type": "Feature",
      "geometry": {
        "type": "Point",
        "coordinates": [
          4.078667,
          45.624833
        ]
      },
      "properties": {
        "name": "SAVIGNEUX",
        "altitude": 370,
        "id": 42299001
      }
    },
    {
      "type": "Feature",
      "geometry": {
        "type": "Point",
        "coordinates": [
          4.4985,
          45.369
        ]
      },
      "properties": {
        "name": "TARENTAISE",
        "altitude": 1090,
        "id": 42306001
      }
    },
    {
      "type": "Feature",
      "geometry": {
        "type": "Point",
        "coordinates": [
          4.5115,
          45.427667
        ]
      },
      "properties": {
        "name": "LA VALLA EN GIE",
        "altitude": 613,
        "id": 42322001
      }
    },
    {
      "type": "Feature",
      "geometry": {
        "type": "Point",
        "coordinates": [
          3.718167,
          45.203
        ]
      },
      "properties": {
        "name": "ALLEGRE",
        "altitude": 1035,
        "id": 43003001
      }
    },
    {
      "type": "Feature",
      "geometry": {
        "type": "Point",
        "coordinates": [
          3.131833,
          45.328667
        ]
      },
      "properties": {
        "name": "AUTRAC",
        "altitude": 807,
        "id": 43014001
      }
    },
    {
      "type": "Feature",
      "geometry": {
        "type": "Point",
        "coordinates": [
          4.129,
          45.319667
        ]
      },
      "properties": {
        "name": "BAS-EN-BASSET",
        "altitude": 446,
        "id": 43020002
      }
    },
    {
      "type": "Feature",
      "geometry": {
        "type": "Point",
        "coordinates": [
          3.7905,
          44.885
        ]
      },
      "properties": {
        "name": "LE BOUCHET-ST-NICOLAS",
        "altitude": 1218,
        "id": 43037001
      }
    },
    {
      "type": "Feature",
      "geometry": {
        "type": "Point",
        "coordinates": [
          3.8945,
          45.054667
        ]
      },
      "properties": {
        "name": "LE PUY-CHADRAC",
        "altitude": 714,
        "id": 43046001
      }
    },
    {
      "type": "Feature",
      "geometry": {
        "type": "Point",
        "coordinates": [
          3.764,
          45.0745
        ]
      },
      "properties": {
        "name": "LE PUY-LOUDES",
        "altitude": 833,
        "id": 43062001
      }
    },
    {
      "type": "Feature",
      "geometry": {
        "type": "Point",
        "coordinates": [
          3.582,
          45.1595
        ]
      },
      "properties": {
        "name": "CHAVANIAC-LAFAYETTE",
        "altitude": 715,
        "id": 43067001
      }
    },
    {
      "type": "Feature",
      "geometry": {
        "type": "Point",
        "coordinates": [
          3.826833,
          45.2575
        ]
      },
      "properties": {
        "name": "CHOMELIX",
        "altitude": 886,
        "id": 43071001
      }
    },
    {
      "type": "Feature",
      "geometry": {
        "type": "Point",
        "coordinates": [
          4.161,
          44.9005
        ]
      },
      "properties": {
        "name": "LES ESTABLES_SAPC",
        "altitude": 1350,
        "id": 43091005
      }
    },
    {
      "type": "Feature",
      "geometry": {
        "type": "Point",
        "coordinates": [
          3.742833,
          45.265833
        ]
      },
      "properties": {
        "name": "FELINES_SAPC",
        "altitude": 1014,
        "id": 43093001
      }
    },
    {
      "type": "Feature",
      "geometry": {
        "type": "Point",
        "coordinates": [
          3.665,
          45.145833
        ]
      },
      "properties": {
        "name": "FIX-ST-GENEYS",
        "altitude": 1102,
        "id": 43095001
      }
    },
    {
      "type": "Feature",
      "geometry": {
        "type": "Point",
        "coordinates": [
          3.419667,
          45.300333
        ]
      },
      "properties": {
        "name": "FONTANNES",
        "altitude": 435,
        "id": 43096001
      }
    },
    {
      "type": "Feature",
      "geometry": {
        "type": "Point",
        "coordinates": [
          3.4905,
          44.9205
        ]
      },
      "properties": {
        "name": "GREZES",
        "altitude": 1106,
        "id": 43104001
      }
    },
    {
      "type": "Feature",
      "geometry": {
        "type": "Point",
        "coordinates": [
          3.843667,
          44.858
        ]
      },
      "properties": {
        "name": "LANDOS-CHARBON",
        "altitude": 1148,
        "id": 43111002
      }
    },
    {
      "type": "Feature",
      "geometry": {
        "type": "Point",
        "coordinates": [
          3.41,
          45.155833
        ]
      },
      "properties": {
        "name": "LAVOUTE-CHILHAC",
        "altitude": 491,
        "id": 43118001
      }
    },
    {
      "type": "Feature",
      "geometry": {
        "type": "Point",
        "coordinates": [
          4.239833,
          45.025
        ]
      },
      "properties": {
        "name": "MAZET-VOLAMONT",
        "altitude": 1130,
        "id": 43130002
      }
    },
    {
      "type": "Feature",
      "geometry": {
        "type": "Point",
        "coordinates": [
          4.231167,
          45.314
        ]
      },
      "properties": {
        "name": "MONISTROL-SUR-LOIRE",
        "altitude": 777,
        "id": 43137003
      }
    },
    {
      "type": "Feature",
      "geometry": {
        "type": "Point",
        "coordinates": [
          4.061333,
          45.098833
        ]
      },
      "properties": {
        "name": "LE PERTUIS_SAPC",
        "altitude": 1020,
        "id": 43150001
      }
    },
    {
      "type": "Feature",
      "geometry": {
        "type": "Point",
        "coordinates": [
          4.030167,
          45.203833
        ]
      },
      "properties": {
        "name": "RETOURNAC",
        "altitude": 535,
        "id": 43162001
      }
    },
    {
      "type": "Feature",
      "geometry": {
        "type": "Point",
        "coordinates": [
          3.9665,
          45.344833
        ]
      },
      "properties": {
        "name": "ST-PAL-DE-CHALENCON",
        "altitude": 960,
        "id": 43212002
      }
    },
    {
      "type": "Feature",
      "geometry": {
        "type": "Point",
        "coordinates": [
          4.3275,
          45.2615
        ]
      },
      "properties": {
        "name": "ST-ROMAIN-LACHALM",
        "altitude": 902,
        "id": 43223001
      }
    },
    {
      "type": "Feature",
      "geometry": {
        "type": "Point",
        "coordinates": [
          3.539833,
          44.966167
        ]
      },
      "properties": {
        "name": "SAUGUES-SA",
        "altitude": 945,
        "id": 43234005
      }
    },
    {
      "type": "Feature",
      "geometry": {
        "type": "Point",
        "coordinates": [
          3.882667,
          44.973667
        ]
      },
      "properties": {
        "name": "SOLIGNAC-SUR-LO",
        "altitude": 832,
        "id": 43241002
      }
    },
    {
      "type": "Feature",
      "geometry": {
        "type": "Point",
        "coordinates": [
          4.277167,
          45.1165
        ]
      },
      "properties": {
        "name": "TENCE",
        "altitude": 848,
        "id": 43244003
      }
    },
    {
      "type": "Feature",
      "geometry": {
        "type": "Point",
        "coordinates": [
          3.998667,
          45.268333
        ]
      },
      "properties": {
        "name": "TIRANGES",
        "altitude": 603,
        "id": 43246001
      }
    },
    {
      "type": "Feature",
      "geometry": {
        "type": "Point",
        "coordinates": [
          4.1275,
          45.135167
        ]
      },
      "properties": {
        "name": "YSSINGEAUX",
        "altitude": 873,
        "id": 43268004
      }
    },
    {
      "type": "Feature",
      "geometry": {
        "type": "Point",
        "coordinates": [
          -1.771667,
          47.472833
        ]
      },
      "properties": {
        "name": "BLAIN",
        "altitude": 13,
        "id": 44015001
      }
    },
    {
      "type": "Feature",
      "geometry": {
        "type": "Point",
        "coordinates": [
          -1.608833,
          47.15
        ]
      },
      "properties": {
        "name": "NANTES-BOUGUENAIS",
        "altitude": 26,
        "id": 44020001
      }
    },
    {
      "type": "Feature",
      "geometry": {
        "type": "Point",
        "coordinates": [
          -1.889833,
          47.625333
        ]
      },
      "properties": {
        "name": "GUEMENE-PENFAO",
        "altitude": 33,
        "id": 44067001
      }
    },
    {
      "type": "Feature",
      "geometry": {
        "type": "Point",
        "coordinates": [
          -2.3365,
          47.4265
        ]
      },
      "properties": {
        "name": "HERBIGNAC",
        "altitude": 22,
        "id": 44072002
      }
    },
    {
      "type": "Feature",
      "geometry": {
        "type": "Point",
        "coordinates": [
          -2.1545,
          47.313833
        ]
      },
      "properties": {
        "name": "ST NAZAIRE-MONTOIR",
        "altitude": 3,
        "id": 44103001
      }
    },
    {
      "type": "Feature",
      "geometry": {
        "type": "Point",
        "coordinates": [
          -1.514,
          47.227667
        ]
      },
      "properties": {
        "name": "NANTES-VILLE",
        "altitude": 17,
        "id": 44109012
      }
    },
    {
      "type": "Feature",
      "geometry": {
        "type": "Point",
        "coordinates": [
          -1.513667,
          47.425167
        ]
      },
      "properties": {
        "name": "NORT-SUR-ERDRE",
        "altitude": 13,
        "id": 44110002
      }
    },
    {
      "type": "Feature",
      "geometry": {
        "type": "Point",
        "coordinates": [
          -1.6115,
          47.572833
        ]
      },
      "properties": {
        "name": "NOZAY",
        "altitude": 44,
        "id": 44113001
      }
    },
    {
      "type": "Feature",
      "geometry": {
        "type": "Point",
        "coordinates": [
          -1.336833,
          47.1415
        ]
      },
      "properties": {
        "name": "LE PALLET_SAPC",
        "altitude": 35,
        "id": 44117002
      }
    },
    {
      "type": "Feature",
      "geometry": {
        "type": "Point",
        "coordinates": [
          -1.828667,
          47.210333
        ]
      },
      "properties": {
        "name": "PELLERIN(LE)",
        "altitude": 4,
        "id": 44120002
      }
    },
    {
      "type": "Feature",
      "geometry": {
        "type": "Point",
        "coordinates": [
          -2.105167,
          47.439667
        ]
      },
      "properties": {
        "name": "PONTCHATEAU",
        "altitude": 34,
        "id": 44129001
      }
    },
    {
      "type": "Feature",
      "geometry": {
        "type": "Point",
        "coordinates": [
          -2.0925,
          47.122
        ]
      },
      "properties": {
        "name": "PORNIC",
        "altitude": 25,
        "id": 44131002
      }
    },
    {
      "type": "Feature",
      "geometry": {
        "type": "Point",
        "coordinates": [
          -1.185333,
          47.526167
        ]
      },
      "properties": {
        "name": "ST-MARS-LA-JAIL",
        "altitude": 32,
        "id": 44180005
      }
    },
    {
      "type": "Feature",
      "geometry": {
        "type": "Point",
        "coordinates": [
          -1.7825,
          47.005667
        ]
      },
      "properties": {
        "name": "ST-MEME-LE-TENU",
        "altitude": 4,
        "id": 44181001
      }
    },
    {
      "type": "Feature",
      "geometry": {
        "type": "Point",
        "coordinates": [
          -2.2985,
          47.233667
        ]
      },
      "properties": {
        "name": "PTE DE CHEMOULIN",
        "altitude": 14,
        "id": 44184001
      }
    },
    {
      "type": "Feature",
      "geometry": {
        "type": "Point",
        "coordinates": [
          -1.652833,
          47.029167
        ]
      },
      "properties": {
        "name": "ST-PHILBERT",
        "altitude": 18,
        "id": 44188001
      }
    },
    {
      "type": "Feature",
      "geometry": {
        "type": "Point",
        "coordinates": [
          2.728,
          47.962167
        ]
      },
      "properties": {
        "name": "AMILLY",
        "altitude": 91,
        "id": 45004001
      }
    },
    {
      "type": "Feature",
      "geometry": {
        "type": "Point",
        "coordinates": [
          1.778167,
          47.990667
        ]
      },
      "properties": {
        "name": "ORLEANS",
        "altitude": 123,
        "id": 45055001
      }
    },
    {
      "type": "Feature",
      "geometry": {
        "type": "Point",
        "coordinates": [
          2.260333,
          48.025167
        ]
      },
      "properties": {
        "name": "CHAMBON-LA-F.",
        "altitude": 143,
        "id": 45069001
      }
    },
    {
      "type": "Feature",
      "geometry": {
        "type": "Point",
        "coordinates": [
          2.857833,
          48.113167
        ]
      },
      "properties": {
        "name": "FERRIERES",
        "altitude": 107,
        "id": 45145001
      }
    },
    {
      "type": "Feature",
      "geometry": {
        "type": "Point",
        "coordinates": [
          2.505167,
          47.881167
        ]
      },
      "properties": {
        "name": "LORRIS",
        "altitude": 125,
        "id": 45187001
      }
    },
    {
      "type": "Feature",
      "geometry": {
        "type": "Point",
        "coordinates": [
          2.021833,
          47.769167
        ]
      },
      "properties": {
        "name": "MARCILLY-EN-V.",
        "altitude": 127,
        "id": 45193001
      }
    },
    {
      "type": "Feature",
      "geometry": {
        "type": "Point",
        "coordinates": [
          2.952,
          47.897333
        ]
      },
      "properties": {
        "name": "MELLEROY_SAPC",
        "altitude": 165,
        "id": 45199003
      }
    },
    {
      "type": "Feature",
      "geometry": {
        "type": "Point",
        "coordinates": [
          2.809833,
          47.672
        ]
      },
      "properties": {
        "name": "OUZOUER_SUR_TREZEE",
        "altitude": 150,
        "id": 45245001
      }
    },
    {
      "type": "Feature",
      "geometry": {
        "type": "Point",
        "coordinates": [
          2.228333,
          48.166333
        ]
      },
      "properties": {
        "name": "PITHIVIERS-LE-V",
        "altitude": 120,
        "id": 45253001
      }
    },
    {
      "type": "Feature",
      "geometry": {
        "type": "Point",
        "coordinates": [
          2.305667,
          47.808
        ]
      },
      "properties": {
        "name": "ST-BENOIT/LOIRE",
        "altitude": 112,
        "id": 45270002
      }
    },
    {
      "type": "Feature",
      "geometry": {
        "type": "Point",
        "coordinates": [
          2.366167,
          47.6935
        ]
      },
      "properties": {
        "name": "VILLEMURLIN",
        "altitude": 144,
        "id": 45340002
      }
    },
    {
      "type": "Feature",
      "geometry": {
        "type": "Point",
        "coordinates": [
          1.208167,
          44.493333
        ]
      },
      "properties": {
        "name": "ANGLARS",
        "altitude": 104,
        "id": 46005001
      }
    },
    {
      "type": "Feature",
      "geometry": {
        "type": "Point",
        "coordinates": [
          1.722,
          44.572
        ]
      },
      "properties": {
        "name": "BLARS",
        "altitude": 281,
        "id": 46031001
      }
    },
    {
      "type": "Feature",
      "geometry": {
        "type": "Point",
        "coordinates": [
          1.838333,
          44.9125
        ]
      },
      "properties": {
        "name": "BRETENOUX",
        "altitude": 136,
        "id": 46038002
      }
    },
    {
      "type": "Feature",
      "geometry": {
        "type": "Point",
        "coordinates": [
          2,
          44.965333
        ]
      },
      "properties": {
        "name": "COMIAC",
        "altitude": 562,
        "id": 46071001
      }
    },
    {
      "type": "Feature",
      "geometry": {
        "type": "Point",
        "coordinates": [
          2.004667,
          44.575333
        ]
      },
      "properties": {
        "name": "FAYCELLES",
        "altitude": 342,
        "id": 46100001
      }
    },
    {
      "type": "Feature",
      "geometry": {
        "type": "Point",
        "coordinates": [
          1.396667,
          44.745
        ]
      },
      "properties": {
        "name": "GOURDON",
        "altitude": 260,
        "id": 46127001
      }
    },
    {
      "type": "Feature",
      "geometry": {
        "type": "Point",
        "coordinates": [
          1.7255,
          44.760167
        ]
      },
      "properties": {
        "name": "GRAMAT - PARC",
        "altitude": 312,
        "id": 46128002
      }
    },
    {
      "type": "Feature",
      "geometry": {
        "type": "Point",
        "coordinates": [
          1.925167,
          44.7305
        ]
      },
      "properties": {
        "name": "LACAPELLE",
        "altitude": 396,
        "id": 46143001
      }
    },
    {
      "type": "Feature",
      "geometry": {
        "type": "Point",
        "coordinates": [
          2.067833,
          44.8
        ]
      },
      "properties": {
        "name": "LATRONQUIERE",
        "altitude": 658,
        "id": 46160001
      }
    },
    {
      "type": "Feature",
      "geometry": {
        "type": "Point",
        "coordinates": [
          1.775,
          44.398167
        ]
      },
      "properties": {
        "name": "LIMOGNE",
        "altitude": 303,
        "id": 46173006
      }
    },
    {
      "type": "Feature",
      "geometry": {
        "type": "Point",
        "coordinates": [
          1.847,
          44.6485
        ]
      },
      "properties": {
        "name": "LIVERNON",
        "altitude": 308,
        "id": 46176001
      }
    },
    {
      "type": "Feature",
      "geometry": {
        "type": "Point",
        "coordinates": [
          1.6895,
          44.6785
        ]
      },
      "properties": {
        "name": "LUNEGARDE",
        "altitude": 383,
        "id": 46181001
      }
    },
    {
      "type": "Feature",
      "geometry": {
        "type": "Point",
        "coordinates": [
          1.435,
          44.373667
        ]
      },
      "properties": {
        "name": "LE MONTAT",
        "altitude": 260,
        "id": 46197002
      }
    },
    {
      "type": "Feature",
      "geometry": {
        "type": "Point",
        "coordinates": [
          1.213833,
          44.3125
        ]
      },
      "properties": {
        "name": "MONTCUQ - ROUIL",
        "altitude": 193,
        "id": 46201001
      }
    },
    {
      "type": "Feature",
      "geometry": {
        "type": "Point",
        "coordinates": [
          1.454667,
          44.293833
        ]
      },
      "properties": {
        "name": "SAINT-PAUL-FLAUGNAC",
        "altitude": 266,
        "id": 46287001
      }
    },
    {
      "type": "Feature",
      "geometry": {
        "type": "Point",
        "coordinates": [
          1.701333,
          44.969667
        ]
      },
      "properties": {
        "name": "VAYRAC - BROUSS",
        "altitude": 152,
        "id": 46330002
      }
    },
    {
      "type": "Feature",
      "geometry": {
        "type": "Point",
        "coordinates": [
          2.073833,
          44.6625
        ]
      },
      "properties": {
        "name": "VIAZAC - LABOUD",
        "altitude": 394,
        "id": 46332001
      }
    },
    {
      "type": "Feature",
      "geometry": {
        "type": "Point",
        "coordinates": [
          0.334667,
          44.283167
        ]
      },
      "properties": {
        "name": "AIGUILLON",
        "altitude": 32,
        "id": 47004001
      }
    },
    {
      "type": "Feature",
      "geometry": {
        "type": "Point",
        "coordinates": [
          0.413167,
          44.331833
        ]
      },
      "properties": {
        "name": "BOURRAN-INRAE",
        "altitude": 55,
        "id": 47038002
      }
    },
    {
      "type": "Feature",
      "geometry": {
        "type": "Point",
        "coordinates": [
          0.2065,
          44.685667
        ]
      },
      "properties": {
        "name": "DURAS",
        "altitude": 112,
        "id": 47086001
      }
    },
    {
      "type": "Feature",
      "geometry": {
        "type": "Point",
        "coordinates": [
          0.594667,
          44.172167
        ]
      },
      "properties": {
        "name": "AGEN-LA GARENNE",
        "altitude": 58,
        "id": 47091001
      }
    },
    {
      "type": "Feature",
      "geometry": {
        "type": "Point",
        "coordinates": [
          0.186333,
          44.235833
        ]
      },
      "properties": {
        "name": "FARGUES-SUR-OURBISE",
        "altitude": 124,
        "id": 47093002
      }
    },
    {
      "type": "Feature",
      "geometry": {
        "type": "Point",
        "coordinates": [
          0.900333,
          44.585667
        ]
      },
      "properties": {
        "name": "LACAPELLE-BIRON",
        "altitude": 235,
        "id": 47123002
      }
    },
    {
      "type": "Feature",
      "geometry": {
        "type": "Point",
        "coordinates": [
          0.775167,
          44.265667
        ]
      },
      "properties": {
        "name": "LAROQUE-TIMBAUT",
        "altitude": 186,
        "id": 47138001
      }
    },
    {
      "type": "Feature",
      "geometry": {
        "type": "Point",
        "coordinates": [
          0.160333,
          44.5615
        ]
      },
      "properties": {
        "name": "MAUVEZIN-SUR-GUPIE",
        "altitude": 95,
        "id": 47163001
      }
    },
    {
      "type": "Feature",
      "geometry": {
        "type": "Point",
        "coordinates": [
          0.734167,
          44.532
        ]
      },
      "properties": {
        "name": "MONFLANQUIN",
        "altitude": 118,
        "id": 47175001
      }
    },
    {
      "type": "Feature",
      "geometry": {
        "type": "Point",
        "coordinates": [
          0.570667,
          44.310833
        ]
      },
      "properties": {
        "name": "PRAYSSAS",
        "altitude": 196,
        "id": 47213001
      }
    },
    {
      "type": "Feature",
      "geometry": {
        "type": "Point",
        "coordinates": [
          0.193333,
          44.091667
        ]
      },
      "properties": {
        "name": "REAUP",
        "altitude": 158,
        "id": 47221001
      }
    },
    {
      "type": "Feature",
      "geometry": {
        "type": "Point",
        "coordinates": [
          0.042833,
          44.345333
        ]
      },
      "properties": {
        "name": "SAINT-MARTIN-CURTO",
        "altitude": 144,
        "id": 47254001
      }
    },
    {
      "type": "Feature",
      "geometry": {
        "type": "Point",
        "coordinates": [
          0.764,
          44.3975
        ]
      },
      "properties": {
        "name": "VILLENEUVE-SUR-LOT",
        "altitude": 59,
        "id": 47323004
      }
    },
    {
      "type": "Feature",
      "geometry": {
        "type": "Point",
        "coordinates": [
          0.261167,
          44.205
        ]
      },
      "properties": {
        "name": "XAINTRAILLES",
        "altitude": 190,
        "id": 47327001
      }
    },
    {
      "type": "Feature",
      "geometry": {
        "type": "Point",
        "coordinates": [
          3.852,
          44.494
        ]
      },
      "properties": {
        "name": "ALTIER",
        "altitude": 900,
        "id": 48004001
      }
    },
    {
      "type": "Feature",
      "geometry": {
        "type": "Point",
        "coordinates": [
          3.279833,
          44.727167
        ]
      },
      "properties": {
        "name": "AUMONT AUBRAC",
        "altitude": 1018,
        "id": 48009001
      }
    },
    {
      "type": "Feature",
      "geometry": {
        "type": "Point",
        "coordinates": [
          3.630667,
          44.1965
        ]
      },
      "properties": {
        "name": "BASSURELS",
        "altitude": 1042,
        "id": 48020003
      }
    },
    {
      "type": "Feature",
      "geometry": {
        "type": "Point",
        "coordinates": [
          3.737667,
          44.504667
        ]
      },
      "properties": {
        "name": "LE BLEYMARD BOURG",
        "altitude": 1199,
        "id": 48027002
      }
    },
    {
      "type": "Feature",
      "geometry": {
        "type": "Point",
        "coordinates": [
          3.748167,
          44.4515
        ]
      },
      "properties": {
        "name": "LE BLEYMARD_SAPC",
        "altitude": 1418,
        "id": 48027003
      }
    },
    {
      "type": "Feature",
      "geometry": {
        "type": "Point",
        "coordinates": [
          3.238167,
          44.633333
        ]
      },
      "properties": {
        "name": "LE BUISSON",
        "altitude": 1088,
        "id": 48032003
      }
    },
    {
      "type": "Feature",
      "geometry": {
        "type": "Point",
        "coordinates": [
          3.746833,
          44.270333
        ]
      },
      "properties": {
        "name": "CASSAGNAS",
        "altitude": 801,
        "id": 48036001
      }
    },
    {
      "type": "Feature",
      "geometry": {
        "type": "Point",
        "coordinates": [
          3.679833,
          44.638167
        ]
      },
      "properties": {
        "name": "CHATEAUNEUF-DE-RANDON",
        "altitude": 1247,
        "id": 48043001
      }
    },
    {
      "type": "Feature",
      "geometry": {
        "type": "Point",
        "coordinates": [
          3.779667,
          44.6595
        ]
      },
      "properties": {
        "name": "CHAUDEYRAC",
        "altitude": 1225,
        "id": 48045004
      }
    },
    {
      "type": "Feature",
      "geometry": {
        "type": "Point",
        "coordinates": [
          3.931833,
          44.259167
        ]
      },
      "properties": {
        "name": "LE COLLET-SAUVEPLANE",
        "altitude": 490,
        "id": 48051002
      }
    },
    {
      "type": "Feature",
      "geometry": {
        "type": "Point",
        "coordinates": [
          3.211833,
          44.763167
        ]
      },
      "properties": {
        "name": "FAU DE PEYRE",
        "altitude": 1163,
        "id": 48060001
      }
    },
    {
      "type": "Feature",
      "geometry": {
        "type": "Point",
        "coordinates": [
          3.596333,
          44.309
        ]
      },
      "properties": {
        "name": "FLORAC",
        "altitude": 618,
        "id": 48061002
      }
    },
    {
      "type": "Feature",
      "geometry": {
        "type": "Point",
        "coordinates": [
          3.499,
          44.195333
        ]
      },
      "properties": {
        "name": "GATUZIERES_SAPC",
        "altitude": 965,
        "id": 48069001
      }
    },
    {
      "type": "Feature",
      "geometry": {
        "type": "Point",
        "coordinates": [
          3.633833,
          44.780667
        ]
      },
      "properties": {
        "name": "GRANDRIEU",
        "altitude": 1163,
        "id": 48070004
      }
    },
    {
      "type": "Feature",
      "geometry": {
        "type": "Point",
        "coordinates": [
          3.165667,
          44.295667
        ]
      },
      "properties": {
        "name": "LE MASSEGROS",
        "altitude": 890,
        "id": 48094001
      }
    },
    {
      "type": "Feature",
      "geometry": {
        "type": "Point",
        "coordinates": [
          3.489833,
          44.516833
        ]
      },
      "properties": {
        "name": "MENDE-VILLE",
        "altitude": 710,
        "id": 48095004
      }
    },
    {
      "type": "Feature",
      "geometry": {
        "type": "Point",
        "coordinates": [
          3.4545,
          44.533667
        ]
      },
      "properties": {
        "name": "MENDE",
        "altitude": 932,
        "id": 48095005
      }
    },
    {
      "type": "Feature",
      "geometry": {
        "type": "Point",
        "coordinates": [
          3.3125,
          44.545833
        ]
      },
      "properties": {
        "name": "MONTRODAT",
        "altitude": 746,
        "id": 48103001
      }
    },
    {
      "type": "Feature",
      "geometry": {
        "type": "Point",
        "coordinates": [
          3.589333,
          44.728667
        ]
      },
      "properties": {
        "name": "LA PANOUSE_SAPC",
        "altitude": 1260,
        "id": 48108001
      }
    },
    {
      "type": "Feature",
      "geometry": {
        "type": "Point",
        "coordinates": [
          3.38,
          44.947667
        ]
      },
      "properties": {
        "name": "PAULHAC EN MARGERIDE_SAPC",
        "altitude": 1170,
        "id": 48110001
      }
    },
    {
      "type": "Feature",
      "geometry": {
        "type": "Point",
        "coordinates": [
          3.738333,
          44.365667
        ]
      },
      "properties": {
        "name": "LE PONT-DE-MONTVERT",
        "altitude": 875,
        "id": 48116001
      }
    },
    {
      "type": "Feature",
      "geometry": {
        "type": "Point",
        "coordinates": [
          3.5845,
          44.206833
        ]
      },
      "properties": {
        "name": "ROUSSES_SAPC",
        "altitude": 812,
        "id": 48130002
      }
    },
    {
      "type": "Feature",
      "geometry": {
        "type": "Point",
        "coordinates": [
          3.438167,
          44.408667
        ]
      },
      "properties": {
        "name": "STE ENIMIE-SAUVETERRE",
        "altitude": 1018,
        "id": 48146001
      }
    },
    {
      "type": "Feature",
      "geometry": {
        "type": "Point",
        "coordinates": [
          3.854167,
          44.165833
        ]
      },
      "properties": {
        "name": "ST-ETIENNE-VALLEE-FRANCAISE",
        "altitude": 518,
        "id": 48148004
      }
    },
    {
      "type": "Feature",
      "geometry": {
        "type": "Point",
        "coordinates": [
          3.160667,
          44.478
        ]
      },
      "properties": {
        "name": "ST GERMAIN DU TEIL",
        "altitude": 775,
        "id": 48156002
      }
    },
    {
      "type": "Feature",
      "geometry": {
        "type": "Point",
        "coordinates": [
          3.3035,
          44.2465
        ]
      },
      "properties": {
        "name": "ST PIERRE-DES-TRIPIERS",
        "altitude": 929,
        "id": 48176002
      }
    },
    {
      "type": "Feature",
      "geometry": {
        "type": "Point",
        "coordinates": [
          3.650667,
          44.315667
        ]
      },
      "properties": {
        "name": "LA SALLE PRUNET",
        "altitude": 903,
        "id": 48186001
      }
    },
    {
      "type": "Feature",
      "geometry": {
        "type": "Point",
        "coordinates": [
          3.155167,
          44.532667
        ]
      },
      "properties": {
        "name": "LES SALCES-FROMENTAL",
        "altitude": 1075,
        "id": 48187003
      }
    },
    {
      "type": "Feature",
      "geometry": {
        "type": "Point",
        "coordinates": [
          3.928333,
          44.441667
        ]
      },
      "properties": {
        "name": "VILLEFORT",
        "altitude": 620,
        "id": 48198001
      }
    },
    {
      "type": "Feature",
      "geometry": {
        "type": "Point",
        "coordinates": [
          -0.5605,
          47.4535
        ]
      },
      "properties": {
        "name": "ANGERS VILLE",
        "altitude": 35,
        "id": 49007011
      }
    },
    {
      "type": "Feature",
      "geometry": {
        "type": "Point",
        "coordinates": [
          -0.970333,
          47.561667
        ]
      },
      "properties": {
        "name": "ANGRIE",
        "altitude": 65,
        "id": 49008001
      }
    },
    {
      "type": "Feature",
      "geometry": {
        "type": "Point",
        "coordinates": [
          -0.614333,
          47.479
        ]
      },
      "properties": {
        "name": "BEAUCOUZE",
        "altitude": 50,
        "id": 49020001
      }
    },
    {
      "type": "Feature",
      "geometry": {
        "type": "Point",
        "coordinates": [
          -0.598333,
          47.308
        ]
      },
      "properties": {
        "name": "BEAULIEU-S-LAY",
        "altitude": 78,
        "id": 49022001
      }
    },
    {
      "type": "Feature",
      "geometry": {
        "type": "Point",
        "coordinates": [
          -0.937667,
          47.152167
        ]
      },
      "properties": {
        "name": "BEGROLLES",
        "altitude": 100,
        "id": 49027001
      }
    },
    {
      "type": "Feature",
      "geometry": {
        "type": "Point",
        "coordinates": [
          -0.8805,
          47.0795
        ]
      },
      "properties": {
        "name": "CHOLET",
        "altitude": 134,
        "id": 49099003
      }
    },
    {
      "type": "Feature",
      "geometry": {
        "type": "Point",
        "coordinates": [
          -0.167833,
          47.493167
        ]
      },
      "properties": {
        "name": "FONTAINE-GUERIN",
        "altitude": 41,
        "id": 49138001
      }
    },
    {
      "type": "Feature",
      "geometry": {
        "type": "Point",
        "coordinates": [
          -0.735167,
          47.6135
        ]
      },
      "properties": {
        "name": "LE LION D'ANG.",
        "altitude": 52,
        "id": 49176001
      }
    },
    {
      "type": "Feature",
      "geometry": {
        "type": "Point",
        "coordinates": [
          -0.317,
          47.561833
        ]
      },
      "properties": {
        "name": "MARCE",
        "altitude": 53,
        "id": 49188001
      }
    },
    {
      "type": "Feature",
      "geometry": {
        "type": "Point",
        "coordinates": [
          -0.435833,
          47.2525
        ]
      },
      "properties": {
        "name": "MARTIGNE-BRIAND",
        "altitude": 73,
        "id": 49191001
      }
    },
    {
      "type": "Feature",
      "geometry": {
        "type": "Point",
        "coordinates": [
          -0.1415,
          47.13
        ]
      },
      "properties": {
        "name": "MONT-BELLAY-INRAE",
        "altitude": 58,
        "id": 49215002
      }
    },
    {
      "type": "Feature",
      "geometry": {
        "type": "Point",
        "coordinates": [
          -1.188333,
          47.74
        ]
      },
      "properties": {
        "name": "POUANCE_SAPC",
        "altitude": 96,
        "id": 49248003
      }
    },
    {
      "type": "Feature",
      "geometry": {
        "type": "Point",
        "coordinates": [
          -1.011833,
          47.355333
        ]
      },
      "properties": {
        "name": "ST FLORENT VIEI",
        "altitude": 21,
        "id": 49276001
      }
    },
    {
      "type": "Feature",
      "geometry": {
        "type": "Point",
        "coordinates": [
          -0.7395,
          47.150667
        ]
      },
      "properties": {
        "name": "ST GEORGES GARD",
        "altitude": 203,
        "id": 49281001
      }
    },
    {
      "type": "Feature",
      "geometry": {
        "type": "Point",
        "coordinates": [
          -0.319167,
          47.425667
        ]
      },
      "properties": {
        "name": "ST MATHURIN S L",
        "altitude": 20,
        "id": 49307001
      }
    },
    {
      "type": "Feature",
      "geometry": {
        "type": "Point",
        "coordinates": [
          -0.074333,
          47.252167
        ]
      },
      "properties": {
        "name": "SAUMUR",
        "altitude": 69,
        "id": 49328001
      }
    },
    {
      "type": "Feature",
      "geometry": {
        "type": "Point",
        "coordinates": [
          -0.873333,
          47.679167
        ]
      },
      "properties": {
        "name": "SEGRE_SAPC",
        "altitude": 25,
        "id": 49331003
      }
    },
    {
      "type": "Feature",
      "geometry": {
        "type": "Point",
        "coordinates": [
          0.018833,
          47.406833
        ]
      },
      "properties": {
        "name": "VERNANTES",
        "altitude": 41,
        "id": 49368001
      }
    },
    {
      "type": "Feature",
      "geometry": {
        "type": "Point",
        "coordinates": [
          -0.517167,
          47.148
        ]
      },
      "properties": {
        "name": "VIHIERS",
        "altitude": 124,
        "id": 49373001
      }
    },
    {
      "type": "Feature",
      "geometry": {
        "type": "Point",
        "coordinates": [
          -1.939833,
          49.725167
        ]
      },
      "properties": {
        "name": "PTE DE LA HAGUE",
        "altitude": 6,
        "id": 50020001
      }
    },
    {
      "type": "Feature",
      "geometry": {
        "type": "Point",
        "coordinates": [
          -1.805,
          49.373333
        ]
      },
      "properties": {
        "name": "BARNEVILLE CART",
        "altitude": 62,
        "id": 50031001
      }
    },
    {
      "type": "Feature",
      "geometry": {
        "type": "Point",
        "coordinates": [
          -1.650333,
          49.462
        ]
      },
      "properties": {
        "name": "BRICQUEBEC",
        "altitude": 38,
        "id": 50082001
      }
    },
    {
      "type": "Feature",
      "geometry": {
        "type": "Point",
        "coordinates": [
          -1.298167,
          49.036333
        ]
      },
      "properties": {
        "name": "CERISY LA SALLE",
        "altitude": 134,
        "id": 50111001
      }
    },
    {
      "type": "Feature",
      "geometry": {
        "type": "Point",
        "coordinates": [
          -1.633333,
          49.66
        ]
      },
      "properties": {
        "name": "CHERBOURG-HOMET",
        "altitude": 19,
        "id": 50129001
      }
    },
    {
      "type": "Feature",
      "geometry": {
        "type": "Point",
        "coordinates": [
          -1.0405,
          49.050833
        ]
      },
      "properties": {
        "name": "CONDE SUR VIRE_SAPC",
        "altitude": 28,
        "id": 50139001
      }
    },
    {
      "type": "Feature",
      "geometry": {
        "type": "Point",
        "coordinates": [
          -1.103667,
          48.785333
        ]
      },
      "properties": {
        "name": "COULOUVRAY-BOISBENATRE",
        "altitude": 268,
        "id": 50144001
      }
    },
    {
      "type": "Feature",
      "geometry": {
        "type": "Point",
        "coordinates": [
          -1.457833,
          49.044
        ]
      },
      "properties": {
        "name": "COUTANCES",
        "altitude": 80,
        "id": 50147001
      }
    },
    {
      "type": "Feature",
      "geometry": {
        "type": "Point",
        "coordinates": [
          -1.388667,
          48.8345
        ]
      },
      "properties": {
        "name": "EQUILLY",
        "altitude": 101,
        "id": 50174001
      }
    },
    {
      "type": "Feature",
      "geometry": {
        "type": "Point",
        "coordinates": [
          -1.265333,
          49.697
        ]
      },
      "properties": {
        "name": "GATTEVILLE LE P",
        "altitude": 4,
        "id": 50196001
      }
    },
    {
      "type": "Feature",
      "geometry": {
        "type": "Point",
        "coordinates": [
          -1.4635,
          49.652667
        ]
      },
      "properties": {
        "name": "GONNEVILLE",
        "altitude": 134,
        "id": 50209001
      }
    },
    {
      "type": "Feature",
      "geometry": {
        "type": "Point",
        "coordinates": [
          -1.606833,
          49.1075
        ]
      },
      "properties": {
        "name": "GOUVILLE",
        "altitude": 7,
        "id": 50215002
      }
    },
    {
      "type": "Feature",
      "geometry": {
        "type": "Point",
        "coordinates": [
          -1.613667,
          48.8345
        ]
      },
      "properties": {
        "name": "GRANVILLE",
        "altitude": 37,
        "id": 50218001
      }
    },
    {
      "type": "Feature",
      "geometry": {
        "type": "Point",
        "coordinates": [
          -1.573,
          48.862
        ]
      },
      "properties": {
        "name": "LONGUEVILLE",
        "altitude": 5,
        "id": 50277001
      }
    },
    {
      "type": "Feature",
      "geometry": {
        "type": "Point",
        "coordinates": [
          -1.299167,
          49.2595
        ]
      },
      "properties": {
        "name": "MEAUTIS",
        "altitude": 15,
        "id": 50298001
      }
    },
    {
      "type": "Feature",
      "geometry": {
        "type": "Point",
        "coordinates": [
          -1.505167,
          48.585667
        ]
      },
      "properties": {
        "name": "PONTORSON",
        "altitude": 33,
        "id": 50410003
      }
    },
    {
      "type": "Feature",
      "geometry": {
        "type": "Point",
        "coordinates": [
          -0.886667,
          48.673333
        ]
      },
      "properties": {
        "name": "ST-CLEMENT",
        "altitude": 269,
        "id": 50456001
      }
    },
    {
      "type": "Feature",
      "geometry": {
        "type": "Point",
        "coordinates": [
          -1.096667,
          48.563667
        ]
      },
      "properties": {
        "name": "ST-HILAIRE-DU-H",
        "altitude": 95,
        "id": 50484002
      }
    },
    {
      "type": "Feature",
      "geometry": {
        "type": "Point",
        "coordinates": [
          -1.168333,
          49.4045
        ]
      },
      "properties": {
        "name": "STE MARIE DU MO",
        "altitude": 5,
        "id": 50509002
      }
    },
    {
      "type": "Feature",
      "geometry": {
        "type": "Point",
        "coordinates": [
          -0.842333,
          48.7635
        ]
      },
      "properties": {
        "name": "CHAULIEU_SAPC",
        "altitude": 278,
        "id": 50514001
      }
    },
    {
      "type": "Feature",
      "geometry": {
        "type": "Point",
        "coordinates": [
          -1.248667,
          48.6825
        ]
      },
      "properties": {
        "name": "ST OVIN",
        "altitude": 155,
        "id": 50531001
      }
    },
    {
      "type": "Feature",
      "geometry": {
        "type": "Point",
        "coordinates": [
          -1.274667,
          49.572667
        ]
      },
      "properties": {
        "name": "ST VAAST LA HOUGUE",
        "altitude": 17,
        "id": 50562001
      }
    },
    {
      "type": "Feature",
      "geometry": {
        "type": "Point",
        "coordinates": [
          4.849833,
          49.064333
        ]
      },
      "properties": {
        "name": "ARGERS",
        "altitude": 152,
        "id": 51015001
      }
    },
    {
      "type": "Feature",
      "geometry": {
        "type": "Point",
        "coordinates": [
          3.981667,
          49.017833
        ]
      },
      "properties": {
        "name": "CHOUILLY",
        "altitude": 172,
        "id": 51153001
      }
    },
    {
      "type": "Feature",
      "geometry": {
        "type": "Point",
        "coordinates": [
          3.966167,
          49.069333
        ]
      },
      "properties": {
        "name": "DIZY",
        "altitude": 92,
        "id": 51210001
      }
    },
    {
      "type": "Feature",
      "geometry": {
        "type": "Point",
        "coordinates": [
          3.579667,
          48.742
        ]
      },
      "properties": {
        "name": "ESTERNAY",
        "altitude": 185,
        "id": 51237002
      }
    },
    {
      "type": "Feature",
      "geometry": {
        "type": "Point",
        "coordinates": [
          4.3085,
          48.939833
        ]
      },
      "properties": {
        "name": "FAGNIERES-INRAE",
        "altitude": 105,
        "id": 51242001
      }
    },
    {
      "type": "Feature",
      "geometry": {
        "type": "Point",
        "coordinates": [
          4.618,
          48.701167
        ]
      },
      "properties": {
        "name": "FRIGNICOURT",
        "altitude": 113,
        "id": 51262001
      }
    },
    {
      "type": "Feature",
      "geometry": {
        "type": "Point",
        "coordinates": [
          3.716833,
          49.016667
        ]
      },
      "properties": {
        "name": "IGNY-COMBLIZY",
        "altitude": 225,
        "id": 51298001
      }
    },
    {
      "type": "Feature",
      "geometry": {
        "type": "Point",
        "coordinates": [
          4.3585,
          49.1075
        ]
      },
      "properties": {
        "name": "MOURMELON-GRAND",
        "altitude": 115,
        "id": 51388003
      }
    },
    {
      "type": "Feature",
      "geometry": {
        "type": "Point",
        "coordinates": [
          4.155333,
          49.209833
        ]
      },
      "properties": {
        "name": "REIMS-PRUNAY",
        "altitude": 95,
        "id": 51449002
      }
    },
    {
      "type": "Feature",
      "geometry": {
        "type": "Point",
        "coordinates": [
          4.2075,
          48.734167
        ]
      },
      "properties": {
        "name": "SOMMESOUS",
        "altitude": 167,
        "id": 51545001
      }
    },
    {
      "type": "Feature",
      "geometry": {
        "type": "Point",
        "coordinates": [
          4.775833,
          49.085
        ]
      },
      "properties": {
        "name": "VALMY",
        "altitude": 161,
        "id": 51588001
      }
    },
    {
      "type": "Feature",
      "geometry": {
        "type": "Point",
        "coordinates": [
          4.771833,
          48.849667
        ]
      },
      "properties": {
        "name": "VANAULT",
        "altitude": 140,
        "id": 51590002
      }
    },
    {
      "type": "Feature",
      "geometry": {
        "type": "Point",
        "coordinates": [
          4.164667,
          48.777167
        ]
      },
      "properties": {
        "name": "VATRY-AERO",
        "altitude": 179,
        "id": 51595002
      }
    },
    {
      "type": "Feature",
      "geometry": {
        "type": "Point",
        "coordinates": [
          5.0535,
          47.783
        ]
      },
      "properties": {
        "name": "AUBERIVE_SAPC",
        "altitude": 349,
        "id": 52023002
      }
    },
    {
      "type": "Feature",
      "geometry": {
        "type": "Point",
        "coordinates": [
          5.067,
          48.384167
        ]
      },
      "properties": {
        "name": "BLECOURT",
        "altitude": 348,
        "id": 52055001
      }
    },
    {
      "type": "Feature",
      "geometry": {
        "type": "Point",
        "coordinates": [
          5.349667,
          48.162333
        ]
      },
      "properties": {
        "name": "BOURDONS_SAPC",
        "altitude": 304,
        "id": 52061002
      }
    },
    {
      "type": "Feature",
      "geometry": {
        "type": "Point",
        "coordinates": [
          5.602167,
          48.094333
        ]
      },
      "properties": {
        "name": "BREUVANNES_SAPC",
        "altitude": 323,
        "id": 52074002
      }
    },
    {
      "type": "Feature",
      "geometry": {
        "type": "Point",
        "coordinates": [
          5.3605,
          48.328833
        ]
      },
      "properties": {
        "name": "BUSSON_SAPC",
        "altitude": 387,
        "id": 52084002
      }
    },
    {
      "type": "Feature",
      "geometry": {
        "type": "Point",
        "coordinates": [
          4.908,
          48.047
        ]
      },
      "properties": {
        "name": "CHATEAUVILLAIN",
        "altitude": 227,
        "id": 52114001
      }
    },
    {
      "type": "Feature",
      "geometry": {
        "type": "Point",
        "coordinates": [
          5.113833,
          48.522833
        ]
      },
      "properties": {
        "name": "CHEVILLON_SAPC",
        "altitude": 170,
        "id": 52123003
      }
    },
    {
      "type": "Feature",
      "geometry": {
        "type": "Point",
        "coordinates": [
          5.394667,
          48.456167
        ]
      },
      "properties": {
        "name": "CIRFONTAINES_SAPC",
        "altitude": 379,
        "id": 52131002
      }
    },
    {
      "type": "Feature",
      "geometry": {
        "type": "Point",
        "coordinates": [
          5.460167,
          47.692
        ]
      },
      "properties": {
        "name": "COUBLANC",
        "altitude": 258,
        "id": 52145001
      }
    },
    {
      "type": "Feature",
      "geometry": {
        "type": "Point",
        "coordinates": [
          5.615333,
          47.784333
        ]
      },
      "properties": {
        "name": "FAYL-BILLOT_SAPC",
        "altitude": 347,
        "id": 52197003
      }
    },
    {
      "type": "Feature",
      "geometry": {
        "type": "Point",
        "coordinates": [
          5.455333,
          48.022167
        ]
      },
      "properties": {
        "name": "IS-EN-BASSIGNY",
        "altitude": 403,
        "id": 52248002
      }
    },
    {
      "type": "Feature",
      "geometry": {
        "type": "Point",
        "coordinates": [
          5.3375,
          47.843667
        ]
      },
      "properties": {
        "name": "LANGRES",
        "altitude": 466,
        "id": 52269001
      }
    },
    {
      "type": "Feature",
      "geometry": {
        "type": "Point",
        "coordinates": [
          4.909833,
          48.560333
        ]
      },
      "properties": {
        "name": "LOUVEMONT - MAN",
        "altitude": 146,
        "id": 52294001
      }
    },
    {
      "type": "Feature",
      "geometry": {
        "type": "Point",
        "coordinates": [
          5.586833,
          48.0215
        ]
      },
      "properties": {
        "name": "VAL-DE-MEUSE",
        "altitude": 380,
        "id": 52332001
      }
    },
    {
      "type": "Feature",
      "geometry": {
        "type": "Point",
        "coordinates": [
          5.435833,
          47.918
        ]
      },
      "properties": {
        "name": "NEUILLY-L'EVEQUE_SAPC",
        "altitude": 353,
        "id": 52348003
      }
    },
    {
      "type": "Feature",
      "geometry": {
        "type": "Point",
        "coordinates": [
          5.272833,
          48.433833
        ]
      },
      "properties": {
        "name": "SAILLY",
        "altitude": 270,
        "id": 52443001
      }
    },
    {
      "type": "Feature",
      "geometry": {
        "type": "Point",
        "coordinates": [
          5.2615,
          47.882333
        ]
      },
      "properties": {
        "name": "ST-CIERGUES",
        "altitude": 359,
        "id": 52447001
      }
    },
    {
      "type": "Feature",
      "geometry": {
        "type": "Point",
        "coordinates": [
          4.903667,
          48.631333
        ]
      },
      "properties": {
        "name": "ST-DIZIER",
        "altitude": 139,
        "id": 52448001
      }
    },
    {
      "type": "Feature",
      "geometry": {
        "type": "Point",
        "coordinates": [
          5.092167,
          47.895
        ]
      },
      "properties": {
        "name": "SAINT-LOUP-SUR-AUJON_SAPC",
        "altitude": 310,
        "id": 52450002
      }
    },
    {
      "type": "Feature",
      "geometry": {
        "type": "Point",
        "coordinates": [
          5.046,
          48.092167
        ]
      },
      "properties": {
        "name": "CHAUMONT-SEMOUTIERS",
        "altitude": 294,
        "id": 52469001
      }
    },
    {
      "type": "Feature",
      "geometry": {
        "type": "Point",
        "coordinates": [
          5.313833,
          47.7385
        ]
      },
      "properties": {
        "name": "VILLEGUSIEN",
        "altitude": 296,
        "id": 52529001
      }
    },
    {
      "type": "Feature",
      "geometry": {
        "type": "Point",
        "coordinates": [
          -0.927,
          47.964333
        ]
      },
      "properties": {
        "name": "COSSE-LE-VIVIEN",
        "altitude": 95,
        "id": 53077001
      }
    },
    {
      "type": "Feature",
      "geometry": {
        "type": "Point",
        "coordinates": [
          -0.645333,
          47.788167
        ]
      },
      "properties": {
        "name": "COUDRAY",
        "altitude": 55,
        "id": 53078001
      }
    },
    {
      "type": "Feature",
      "geometry": {
        "type": "Point",
        "coordinates": [
          -0.222333,
          48.318667
        ]
      },
      "properties": {
        "name": "COURCITE_SAPC",
        "altitude": 172,
        "id": 53083001
      }
    },
    {
      "type": "Feature",
      "geometry": {
        "type": "Point",
        "coordinates": [
          -0.9625,
          48.295667
        ]
      },
      "properties": {
        "name": "ERNEE",
        "altitude": 168,
        "id": 53096004
      }
    },
    {
      "type": "Feature",
      "geometry": {
        "type": "Point",
        "coordinates": [
          -0.388,
          48.168
        ]
      },
      "properties": {
        "name": "EVRON",
        "altitude": 107,
        "id": 53097001
      }
    },
    {
      "type": "Feature",
      "geometry": {
        "type": "Point",
        "coordinates": [
          -0.542333,
          47.891
        ]
      },
      "properties": {
        "name": "GREZ-EN-BOUERE",
        "altitude": 93,
        "id": 53110002
      }
    },
    {
      "type": "Feature",
      "geometry": {
        "type": "Point",
        "coordinates": [
          -0.440833,
          48.405667
        ]
      },
      "properties": {
        "name": "LE HORPS",
        "altitude": 268,
        "id": 53116003
      }
    },
    {
      "type": "Feature",
      "geometry": {
        "type": "Point",
        "coordinates": [
          -0.7465,
          48.030667
        ]
      },
      "properties": {
        "name": "LAVAL-ETRONNIER",
        "altitude": 100,
        "id": 53130008
      }
    },
    {
      "type": "Feature",
      "geometry": {
        "type": "Point",
        "coordinates": [
          -0.640167,
          48.311167
        ]
      },
      "properties": {
        "name": "MAYENNE",
        "altitude": 138,
        "id": 53147001
      }
    },
    {
      "type": "Feature",
      "geometry": {
        "type": "Point",
        "coordinates": [
          -0.538667,
          48.209833
        ]
      },
      "properties": {
        "name": "MONTOURTIER_SAPC",
        "altitude": 107,
        "id": 53159002
      }
    },
    {
      "type": "Feature",
      "geometry": {
        "type": "Point",
        "coordinates": [
          -0.183167,
          48.452
        ]
      },
      "properties": {
        "name": "PRE-EN-PAIL_SAPC",
        "altitude": 277,
        "id": 53185001
      }
    },
    {
      "type": "Feature",
      "geometry": {
        "type": "Point",
        "coordinates": [
          6.896167,
          48.498
        ]
      },
      "properties": {
        "name": "BADONVILLER",
        "altitude": 336,
        "id": 54040001
      }
    },
    {
      "type": "Feature",
      "geometry": {
        "type": "Point",
        "coordinates": [
          6.340167,
          48.750667
        ]
      },
      "properties": {
        "name": "CHAMPENOUX-ARBO-INRAE",
        "altitude": 255,
        "id": 54113002
      }
    },
    {
      "type": "Feature",
      "geometry": {
        "type": "Point",
        "coordinates": [
          5.929333,
          49.1535
        ]
      },
      "properties": {
        "name": "DONCOURT-LES-CONFLANS",
        "altitude": 235,
        "id": 54171001
      }
    },
    {
      "type": "Feature",
      "geometry": {
        "type": "Point",
        "coordinates": [
          5.909833,
          49.42
        ]
      },
      "properties": {
        "name": "ERROUVILLE_SAPC",
        "altitude": 373,
        "id": 54181001
      }
    },
    {
      "type": "Feature",
      "geometry": {
        "type": "Point",
        "coordinates": [
          5.809167,
          48.919333
        ]
      },
      "properties": {
        "name": "ESSEY-ET-MAIZE.",
        "altitude": 218,
        "id": 54182001
      }
    },
    {
      "type": "Feature",
      "geometry": {
        "type": "Point",
        "coordinates": [
          5.612833,
          49.431667
        ]
      },
      "properties": {
        "name": "LONGUYON",
        "altitude": 257,
        "id": 54322001
      }
    },
    {
      "type": "Feature",
      "geometry": {
        "type": "Point",
        "coordinates": [
          5.959833,
          48.581
        ]
      },
      "properties": {
        "name": "NANCY-OCHEY",
        "altitude": 336,
        "id": 54405001
      }
    },
    {
      "type": "Feature",
      "geometry": {
        "type": "Point",
        "coordinates": [
          6.067667,
          48.475
        ]
      },
      "properties": {
        "name": "OGNEVILLE",
        "altitude": 300,
        "id": 54407001
      }
    },
    {
      "type": "Feature",
      "geometry": {
        "type": "Point",
        "coordinates": [
          6.031167,
          48.983833
        ]
      },
      "properties": {
        "name": "PAGNY-SUR-MOSELLE",
        "altitude": 179,
        "id": 54415001
      }
    },
    {
      "type": "Feature",
      "geometry": {
        "type": "Point",
        "coordinates": [
          6.845667,
          48.514833
        ]
      },
      "properties": {
        "name": "ST MAURICE",
        "altitude": 305,
        "id": 54481001
      }
    },
    {
      "type": "Feature",
      "geometry": {
        "type": "Point",
        "coordinates": [
          6.2215,
          48.687833
        ]
      },
      "properties": {
        "name": "NANCY-ESSEY",
        "altitude": 212,
        "id": 54526001
      }
    },
    {
      "type": "Feature",
      "geometry": {
        "type": "Point",
        "coordinates": [
          5.578167,
          49.482167
        ]
      },
      "properties": {
        "name": "VILLETTE",
        "altitude": 345,
        "id": 54582001
      }
    },
    {
      "type": "Feature",
      "geometry": {
        "type": "Point",
        "coordinates": [
          5.0935,
          49.133833
        ]
      },
      "properties": {
        "name": "AUBREVILLE_SAPC",
        "altitude": 202,
        "id": 55014001
      }
    },
    {
      "type": "Feature",
      "geometry": {
        "type": "Point",
        "coordinates": [
          5.1885,
          48.795667
        ]
      },
      "properties": {
        "name": "BEHONNE_SAPC",
        "altitude": 301,
        "id": 55041001
      }
    },
    {
      "type": "Feature",
      "geometry": {
        "type": "Point",
        "coordinates": [
          5.601167,
          49.092833
        ]
      },
      "properties": {
        "name": "BONZEE_SAPC",
        "altitude": 235,
        "id": 55060002
      }
    },
    {
      "type": "Feature",
      "geometry": {
        "type": "Point",
        "coordinates": [
          5.415,
          48.648667
        ]
      },
      "properties": {
        "name": "BOVIOLLES",
        "altitude": 272,
        "id": 55067001
      }
    },
    {
      "type": "Feature",
      "geometry": {
        "type": "Point",
        "coordinates": [
          5.379167,
          49.208333
        ]
      },
      "properties": {
        "name": "BRAS-SUR-MEUSE",
        "altitude": 194,
        "id": 55073001
      }
    },
    {
      "type": "Feature",
      "geometry": {
        "type": "Point",
        "coordinates": [
          5.264667,
          48.931333
        ]
      },
      "properties": {
        "name": "CHAUMONT_SAPC",
        "altitude": 294,
        "id": 55108004
      }
    },
    {
      "type": "Feature",
      "geometry": {
        "type": "Point",
        "coordinates": [
          5.182167,
          48.867167
        ]
      },
      "properties": {
        "name": "CONDE_SAPC",
        "altitude": 265,
        "id": 55123002
      }
    },
    {
      "type": "Feature",
      "geometry": {
        "type": "Point",
        "coordinates": [
          5.358333,
          48.936833
        ]
      },
      "properties": {
        "name": "COUROUVRE",
        "altitude": 324,
        "id": 55129001
      }
    },
    {
      "type": "Feature",
      "geometry": {
        "type": "Point",
        "coordinates": [
          5.403833,
          48.7495
        ]
      },
      "properties": {
        "name": "ERNEVILLE AUX BOIS_SAPC",
        "altitude": 313,
        "id": 55179001
      }
    },
    {
      "type": "Feature",
      "geometry": {
        "type": "Point",
        "coordinates": [
          5.5055,
          48.563
        ]
      },
      "properties": {
        "name": "HOUDELAINCOURT",
        "altitude": 390,
        "id": 55248001
      }
    },
    {
      "type": "Feature",
      "geometry": {
        "type": "Point",
        "coordinates": [
          5.668833,
          48.538167
        ]
      },
      "properties": {
        "name": "MAXEY-SUR-VAISE",
        "altitude": 256,
        "id": 55328001
      }
    },
    {
      "type": "Feature",
      "geometry": {
        "type": "Point",
        "coordinates": [
          5.209167,
          49.460167
        ]
      },
      "properties": {
        "name": "MOUZAY",
        "altitude": 166,
        "id": 55364001
      }
    },
    {
      "type": "Feature",
      "geometry": {
        "type": "Point",
        "coordinates": [
          5.763833,
          48.934167
        ]
      },
      "properties": {
        "name": "NONSARD",
        "altitude": 230,
        "id": 55386002
      }
    },
    {
      "type": "Feature",
      "geometry": {
        "type": "Point",
        "coordinates": [
          5.6875,
          49.224667
        ]
      },
      "properties": {
        "name": "ROUVRES-EN-WOEVRE",
        "altitude": 226,
        "id": 55443001
      }
    },
    {
      "type": "Feature",
      "geometry": {
        "type": "Point",
        "coordinates": [
          5.155,
          49.276333
        ]
      },
      "properties": {
        "name": "SEPTSARGES",
        "altitude": 293,
        "id": 55484001
      }
    },
    {
      "type": "Feature",
      "geometry": {
        "type": "Point",
        "coordinates": [
          5.065167,
          48.983167
        ]
      },
      "properties": {
        "name": "TRIAUCOURT_SAPC",
        "altitude": 185,
        "id": 55517002
      }
    },
    {
      "type": "Feature",
      "geometry": {
        "type": "Point",
        "coordinates": [
          5.033167,
          48.808667
        ]
      },
      "properties": {
        "name": "VASSINCOURT",
        "altitude": 187,
        "id": 55531001
      }
    },
    {
      "type": "Feature",
      "geometry": {
        "type": "Point",
        "coordinates": [
          -2.382667,
          47.512667
        ]
      },
      "properties": {
        "name": "ARZAL",
        "altitude": 26,
        "id": 56004001
      }
    },
    {
      "type": "Feature",
      "geometry": {
        "type": "Point",
        "coordinates": [
          -2.971,
          47.659167
        ]
      },
      "properties": {
        "name": "AURAY",
        "altitude": 26,
        "id": 56007001
      }
    },
    {
      "type": "Feature",
      "geometry": {
        "type": "Point",
        "coordinates": [
          -3.218333,
          47.294333
        ]
      },
      "properties": {
        "name": "BELLE ILE-LE TALUT",
        "altitude": 37,
        "id": 56009001
      }
    },
    {
      "type": "Feature",
      "geometry": {
        "type": "Point",
        "coordinates": [
          -3.196833,
          47.325667
        ]
      },
      "properties": {
        "name": "BELLE-ILE_AERO",
        "altitude": 52,
        "id": 56009003
      }
    },
    {
      "type": "Feature",
      "geometry": {
        "type": "Point",
        "coordinates": [
          -2.728833,
          47.884333
        ]
      },
      "properties": {
        "name": "BIGNAN",
        "altitude": 112,
        "id": 56017003
      }
    },
    {
      "type": "Feature",
      "geometry": {
        "type": "Point",
        "coordinates": [
          -2.991667,
          47.823833
        ]
      },
      "properties": {
        "name": "CAMORS",
        "altitude": 112,
        "id": 56031001
      }
    },
    {
      "type": "Feature",
      "geometry": {
        "type": "Point",
        "coordinates": [
          -3.502333,
          47.652333
        ]
      },
      "properties": {
        "name": "ILE DE GROIX",
        "altitude": 41,
        "id": 56069001
      }
    },
    {
      "type": "Feature",
      "geometry": {
        "type": "Point",
        "coordinates": [
          -2.727,
          47.722
        ]
      },
      "properties": {
        "name": "VANNES-MEUCON",
        "altitude": 132,
        "id": 56137001
      }
    },
    {
      "type": "Feature",
      "geometry": {
        "type": "Point",
        "coordinates": [
          -2.8165,
          48.005333
        ]
      },
      "properties": {
        "name": "NAIZIN-INRAE",
        "altitude": 132,
        "id": 56144001
      }
    },
    {
      "type": "Feature",
      "geometry": {
        "type": "Point",
        "coordinates": [
          -2.916667,
          48.055667
        ]
      },
      "properties": {
        "name": "PONTIVY AERODROME",
        "altitude": 125,
        "id": 56151001
      }
    },
    {
      "type": "Feature",
      "geometry": {
        "type": "Point",
        "coordinates": [
          -2.387167,
          47.7655
        ]
      },
      "properties": {
        "name": "PLEUCADEUC",
        "altitude": 65,
        "id": 56159001
      }
    },
    {
      "type": "Feature",
      "geometry": {
        "type": "Point",
        "coordinates": [
          -3.308833,
          48.090667
        ]
      },
      "properties": {
        "name": "PLOERDUT",
        "altitude": 179,
        "id": 56163001
      }
    },
    {
      "type": "Feature",
      "geometry": {
        "type": "Point",
        "coordinates": [
          -2.3975,
          47.950833
        ]
      },
      "properties": {
        "name": "PLOERMEL",
        "altitude": 65,
        "id": 56165003
      }
    },
    {
      "type": "Feature",
      "geometry": {
        "type": "Point",
        "coordinates": [
          -3.3445,
          47.916167
        ]
      },
      "properties": {
        "name": "PLOUAY-SA",
        "altitude": 75,
        "id": 56166005
      }
    },
    {
      "type": "Feature",
      "geometry": {
        "type": "Point",
        "coordinates": [
          -3.435667,
          47.762833
        ]
      },
      "properties": {
        "name": "LORIENT-LANN BIHOUE",
        "altitude": 45,
        "id": 56185001
      }
    },
    {
      "type": "Feature",
      "geometry": {
        "type": "Point",
        "coordinates": [
          -3.099,
          47.479833
        ]
      },
      "properties": {
        "name": "QUIBERON-AERODROME",
        "altitude": 9,
        "id": 56186003
      }
    },
    {
      "type": "Feature",
      "geometry": {
        "type": "Point",
        "coordinates": [
          -2.796,
          47.510667
        ]
      },
      "properties": {
        "name": "SARZEAU SA",
        "altitude": 35,
        "id": 56240003
      }
    },
    {
      "type": "Feature",
      "geometry": {
        "type": "Point",
        "coordinates": [
          -2.714167,
          47.6045
        ]
      },
      "properties": {
        "name": "VANNES-SENE",
        "altitude": 3,
        "id": 56243001
      }
    },
    {
      "type": "Feature",
      "geometry": {
        "type": "Point",
        "coordinates": [
          6.057,
          49.218833
        ]
      },
      "properties": {
        "name": "MALANCOURT",
        "altitude": 346,
        "id": 57019001
      }
    },
    {
      "type": "Feature",
      "geometry": {
        "type": "Point",
        "coordinates": [
          6.125333,
          49.0695
        ]
      },
      "properties": {
        "name": "METZ-FRESCATY",
        "altitude": 192,
        "id": 57039001
      }
    },
    {
      "type": "Feature",
      "geometry": {
        "type": "Point",
        "coordinates": [
          7.079833,
          48.7195
        ]
      },
      "properties": {
        "name": "BUHL-LORRAINE",
        "altitude": 258,
        "id": 57119001
      }
    },
    {
      "type": "Feature",
      "geometry": {
        "type": "Point",
        "coordinates": [
          7.305833,
          48.766667
        ]
      },
      "properties": {
        "name": "PHALSBOURG_SAPC",
        "altitude": 377,
        "id": 57168001
      }
    },
    {
      "type": "Feature",
      "geometry": {
        "type": "Point",
        "coordinates": [
          6.243167,
          48.979333
        ]
      },
      "properties": {
        "name": "AEROPORT METZ-NANCY-LORRAINE",
        "altitude": 260,
        "id": 57251001
      }
    },
    {
      "type": "Feature",
      "geometry": {
        "type": "Point",
        "coordinates": [
          6.9285,
          48.688
        ]
      },
      "properties": {
        "name": "GONDREXANGE",
        "altitude": 266,
        "id": 57253001
      }
    },
    {
      "type": "Feature",
      "geometry": {
        "type": "Point",
        "coordinates": [
          6.433333,
          49.255667
        ]
      },
      "properties": {
        "name": "HESTROFF_SAPC",
        "altitude": 221,
        "id": 57322001
      }
    },
    {
      "type": "Feature",
      "geometry": {
        "type": "Point",
        "coordinates": [
          6.9035,
          48.978833
        ]
      },
      "properties": {
        "name": "KAPPELKINGER_SAPC",
        "altitude": 224,
        "id": 57357002
      }
    },
    {
      "type": "Feature",
      "geometry": {
        "type": "Point",
        "coordinates": [
          6.508,
          48.965833
        ]
      },
      "properties": {
        "name": "LESSE_SAPC",
        "altitude": 233,
        "id": 57395001
      }
    },
    {
      "type": "Feature",
      "geometry": {
        "type": "Point",
        "coordinates": [
          6.283167,
          49.306333
        ]
      },
      "properties": {
        "name": "METZERVISSE",
        "altitude": 226,
        "id": 57465001
      }
    },
    {
      "type": "Feature",
      "geometry": {
        "type": "Point",
        "coordinates": [
          6.934833,
          48.859167
        ]
      },
      "properties": {
        "name": "MITTERSHEIM",
        "altitude": 233,
        "id": 57469002
      }
    },
    {
      "type": "Feature",
      "geometry": {
        "type": "Point",
        "coordinates": [
          7.4525,
          48.9845
        ]
      },
      "properties": {
        "name": "MOUTERHOUSE",
        "altitude": 265,
        "id": 57489001
      }
    },
    {
      "type": "Feature",
      "geometry": {
        "type": "Point",
        "coordinates": [
          7.031,
          48.667833
        ]
      },
      "properties": {
        "name": "NITTING_SAPC",
        "altitude": 266,
        "id": 57509002
      }
    },
    {
      "type": "Feature",
      "geometry": {
        "type": "Point",
        "coordinates": [
          6.690833,
          48.724333
        ]
      },
      "properties": {
        "name": "OMMERAY_SAPC",
        "altitude": 219,
        "id": 57524001
      }
    },
    {
      "type": "Feature",
      "geometry": {
        "type": "Point",
        "coordinates": [
          6.645667,
          49.159667
        ]
      },
      "properties": {
        "name": "PORCELETTE",
        "altitude": 250,
        "id": 57550001
      }
    },
    {
      "type": "Feature",
      "geometry": {
        "type": "Point",
        "coordinates": [
          6.259,
          49.481667
        ]
      },
      "properties": {
        "name": "PUTTELANGE-LES-THIONVILLE",
        "altitude": 190,
        "id": 57557001
      }
    },
    {
      "type": "Feature",
      "geometry": {
        "type": "Point",
        "coordinates": [
          6.693167,
          48.909833
        ]
      },
      "properties": {
        "name": "RODALBE",
        "altitude": 258,
        "id": 57587003
      }
    },
    {
      "type": "Feature",
      "geometry": {
        "type": "Point",
        "coordinates": [
          7.09,
          48.568167
        ]
      },
      "properties": {
        "name": "TURQUESTEIN-BLANCRUPT_SAPC",
        "altitude": 352,
        "id": 57623003
      }
    },
    {
      "type": "Feature",
      "geometry": {
        "type": "Point",
        "coordinates": [
          6.831,
          49.127667
        ]
      },
      "properties": {
        "name": "SEINGBOUSE",
        "altitude": 347,
        "id": 57644001
      }
    },
    {
      "type": "Feature",
      "geometry": {
        "type": "Point",
        "coordinates": [
          6.262,
          49.356833
        ]
      },
      "properties": {
        "name": "VALMESTROFF",
        "altitude": 203,
        "id": 57689001
      }
    },
    {
      "type": "Feature",
      "geometry": {
        "type": "Point",
        "coordinates": [
          6.443,
          49.1655
        ]
      },
      "properties": {
        "name": "BOULAY",
        "altitude": 214,
        "id": 57730001
      }
    },
    {
      "type": "Feature",
      "geometry": {
        "type": "Point",
        "coordinates": [
          7.381833,
          49.124
        ]
      },
      "properties": {
        "name": "VOLMUNSTER",
        "altitude": 358,
        "id": 57732001
      }
    },
    {
      "type": "Feature",
      "geometry": {
        "type": "Point",
        "coordinates": [
          6.505833,
          49.417
        ]
      },
      "properties": {
        "name": "WALDWISSE",
        "altitude": 291,
        "id": 57740001
      }
    },
    {
      "type": "Feature",
      "geometry": {
        "type": "Point",
        "coordinates": [
          3.905,
          46.820667
        ]
      },
      "properties": {
        "name": "AVREE",
        "altitude": 302,
        "id": 58019001
      }
    },
    {
      "type": "Feature",
      "geometry": {
        "type": "Point",
        "coordinates": [
          3.790333,
          47.359667
        ]
      },
      "properties": {
        "name": "BAZOCHES_SAPC",
        "altitude": 351,
        "id": 58023001
      }
    },
    {
      "type": "Feature",
      "geometry": {
        "type": "Point",
        "coordinates": [
          3.168167,
          47.233833
        ]
      },
      "properties": {
        "name": "CHASNAY",
        "altitude": 213,
        "id": 58061001
      }
    },
    {
      "type": "Feature",
      "geometry": {
        "type": "Point",
        "coordinates": [
          3.934333,
          47.070333
        ]
      },
      "properties": {
        "name": "CHATEAU CHINON",
        "altitude": 598,
        "id": 58062001
      }
    },
    {
      "type": "Feature",
      "geometry": {
        "type": "Point",
        "coordinates": [
          3.509,
          47.441
        ]
      },
      "properties": {
        "name": "CLAMECY",
        "altitude": 215,
        "id": 58079004
      }
    },
    {
      "type": "Feature",
      "geometry": {
        "type": "Point",
        "coordinates": [
          3.3555,
          46.720333
        ]
      },
      "properties": {
        "name": "DORNES",
        "altitude": 220,
        "id": 58104001
      }
    },
    {
      "type": "Feature",
      "geometry": {
        "type": "Point",
        "coordinates": [
          4.046833,
          47.312833
        ]
      },
      "properties": {
        "name": "DUN_SAPC",
        "altitude": 598,
        "id": 58106005
      }
    },
    {
      "type": "Feature",
      "geometry": {
        "type": "Point",
        "coordinates": [
          3.570333,
          47.212833
        ]
      },
      "properties": {
        "name": "GUIPY_SAPC",
        "altitude": 274,
        "id": 58132001
      }
    },
    {
      "type": "Feature",
      "geometry": {
        "type": "Point",
        "coordinates": [
          3.858333,
          47.267167
        ]
      },
      "properties": {
        "name": "LORMES_SAPC",
        "altitude": 485,
        "id": 58145002
      }
    },
    {
      "type": "Feature",
      "geometry": {
        "type": "Point",
        "coordinates": [
          3.288833,
          46.8465
        ]
      },
      "properties": {
        "name": "LUTHENAY UXELOU",
        "altitude": 230,
        "id": 58148001
      }
    },
    {
      "type": "Feature",
      "geometry": {
        "type": "Point",
        "coordinates": [
          3.9625,
          46.807
        ]
      },
      "properties": {
        "name": "LUZY",
        "altitude": 300,
        "id": 58149001
      }
    },
    {
      "type": "Feature",
      "geometry": {
        "type": "Point",
        "coordinates": [
          3.1145,
          46.999333
        ]
      },
      "properties": {
        "name": "NEVERS-MARZY",
        "altitude": 175,
        "id": 58160001
      }
    },
    {
      "type": "Feature",
      "geometry": {
        "type": "Point",
        "coordinates": [
          3.855667,
          47.161333
        ]
      },
      "properties": {
        "name": "MONTIGNY EN MORVAN_SAPC",
        "altitude": 285,
        "id": 58177001
      }
    },
    {
      "type": "Feature",
      "geometry": {
        "type": "Point",
        "coordinates": [
          3.910833,
          46.981333
        ]
      },
      "properties": {
        "name": "ONLAY",
        "altitude": 375,
        "id": 58199001
      }
    },
    {
      "type": "Feature",
      "geometry": {
        "type": "Point",
        "coordinates": [
          3.3695,
          47.170333
        ]
      },
      "properties": {
        "name": "PREMERY",
        "altitude": 260,
        "id": 58218006
      }
    },
    {
      "type": "Feature",
      "geometry": {
        "type": "Point",
        "coordinates": [
          3.113667,
          46.798833
        ]
      },
      "properties": {
        "name": "ST PIERRE LE MOUTIER",
        "altitude": 218,
        "id": 58264001
      }
    },
    {
      "type": "Feature",
      "geometry": {
        "type": "Point",
        "coordinates": [
          3.386,
          47.368333
        ]
      },
      "properties": {
        "name": "VARZY_SAPC",
        "altitude": 226,
        "id": 58304005
      }
    },
    {
      "type": "Feature",
      "geometry": {
        "type": "Point",
        "coordinates": [
          3.067167,
          50.3895
        ]
      },
      "properties": {
        "name": "DOUAI",
        "altitude": 26,
        "id": 59178001
      }
    },
    {
      "type": "Feature",
      "geometry": {
        "type": "Point",
        "coordinates": [
          2.3395,
          51.055833
        ]
      },
      "properties": {
        "name": "DUNKERQUE",
        "altitude": 11,
        "id": 59183001
      }
    },
    {
      "type": "Feature",
      "geometry": {
        "type": "Point",
        "coordinates": [
          3.0975,
          50.57
        ]
      },
      "properties": {
        "name": "LILLE-LESQUIN",
        "altitude": 47,
        "id": 59343001
      }
    },
    {
      "type": "Feature",
      "geometry": {
        "type": "Point",
        "coordinates": [
          3.9665,
          50.271667
        ]
      },
      "properties": {
        "name": "MAUBEUGE",
        "altitude": 142,
        "id": 59392001
      }
    },
    {
      "type": "Feature",
      "geometry": {
        "type": "Point",
        "coordinates": [
          3.180333,
          50.7075
        ]
      },
      "properties": {
        "name": "ROUBAIX",
        "altitude": 30,
        "id": 59512001
      }
    },
    {
      "type": "Feature",
      "geometry": {
        "type": "Point",
        "coordinates": [
          3.925167,
          50.1455
        ]
      },
      "properties": {
        "name": "ST-HILAIRE-SUR-HELPE",
        "altitude": 185,
        "id": 59534001
      }
    },
    {
      "type": "Feature",
      "geometry": {
        "type": "Point",
        "coordinates": [
          2.568833,
          50.829833
        ]
      },
      "properties": {
        "name": "STEENVOORDE",
        "altitude": 42,
        "id": 59580003
      }
    },
    {
      "type": "Feature",
      "geometry": {
        "type": "Point",
        "coordinates": [
          3.463667,
          50.098
        ]
      },
      "properties": {
        "name": "TROISVILLES",
        "altitude": 125,
        "id": 59604001
      }
    },
    {
      "type": "Feature",
      "geometry": {
        "type": "Point",
        "coordinates": [
          3.461,
          50.328333
        ]
      },
      "properties": {
        "name": "VALENCIENNES",
        "altitude": 50,
        "id": 59606004
      }
    },
    {
      "type": "Feature",
      "geometry": {
        "type": "Point",
        "coordinates": [
          2.213333,
          50.833833
        ]
      },
      "properties": {
        "name": "WATTEN",
        "altitude": 7,
        "id": 59647001
      }
    },
    {
      "type": "Feature",
      "geometry": {
        "type": "Point",
        "coordinates": [
          2.579667,
          49.423667
        ]
      },
      "properties": {
        "name": "BAILLEUL-LE-SOC",
        "altitude": 131,
        "id": 60040001
      }
    },
    {
      "type": "Feature",
      "geometry": {
        "type": "Point",
        "coordinates": [
          2.432833,
          49.3645
        ]
      },
      "properties": {
        "name": "BREUIL-LE-VERT",
        "altitude": 57,
        "id": 60107001
      }
    },
    {
      "type": "Feature",
      "geometry": {
        "type": "Point",
        "coordinates": [
          2.918333,
          49.284833
        ]
      },
      "properties": {
        "name": "FRESNOY-LA-RIVIERE",
        "altitude": 61,
        "id": 60260001
      }
    },
    {
      "type": "Feature",
      "geometry": {
        "type": "Point",
        "coordinates": [
          2.554167,
          49.586167
        ]
      },
      "properties": {
        "name": "GODENVILLERS",
        "altitude": 92,
        "id": 60276001
      }
    },
    {
      "type": "Feature",
      "geometry": {
        "type": "Point",
        "coordinates": [
          1.8795,
          49.3065
        ]
      },
      "properties": {
        "name": "JAMERICOURT",
        "altitude": 113,
        "id": 60322001
      }
    },
    {
      "type": "Feature",
      "geometry": {
        "type": "Point",
        "coordinates": [
          1.895,
          49.193333
        ]
      },
      "properties": {
        "name": "LIERVILLE",
        "altitude": 105,
        "id": 60363001
      }
    },
    {
      "type": "Feature",
      "geometry": {
        "type": "Point",
        "coordinates": [
          2.803667,
          49.4315
        ]
      },
      "properties": {
        "name": "MARGNY-LES-COMPIEGNE",
        "altitude": 92,
        "id": 60382001
      }
    },
    {
      "type": "Feature",
      "geometry": {
        "type": "Point",
        "coordinates": [
          3.087667,
          49.495
        ]
      },
      "properties": {
        "name": "NAMPCEL",
        "altitude": 152,
        "id": 60445001
      }
    },
    {
      "type": "Feature",
      "geometry": {
        "type": "Point",
        "coordinates": [
          2.737167,
          49.106
        ]
      },
      "properties": {
        "name": "PLESSIS-BELLEVILLE",
        "altitude": 116,
        "id": 60500004
      }
    },
    {
      "type": "Feature",
      "geometry": {
        "type": "Point",
        "coordinates": [
          2.731167,
          49.109
        ]
      },
      "properties": {
        "name": "PLESSIS-BELLEVILLE AERO",
        "altitude": 118,
        "id": 60500005
      }
    },
    {
      "type": "Feature",
      "geometry": {
        "type": "Point",
        "coordinates": [
          2.191167,
          49.5815
        ]
      },
      "properties": {
        "name": "PUITS-LA-VALLEE",
        "altitude": 168,
        "id": 60518001
      }
    },
    {
      "type": "Feature",
      "geometry": {
        "type": "Point",
        "coordinates": [
          2.370833,
          49.650333
        ]
      },
      "properties": {
        "name": "ROUVROY-LES-MERLES",
        "altitude": 94,
        "id": 60555002
      }
    },
    {
      "type": "Feature",
      "geometry": {
        "type": "Point",
        "coordinates": [
          1.790833,
          49.623333
        ]
      },
      "properties": {
        "name": "SAINT-ARNOULT",
        "altitude": 206,
        "id": 60566001
      }
    },
    {
      "type": "Feature",
      "geometry": {
        "type": "Point",
        "coordinates": [
          1.852333,
          49.545167
        ]
      },
      "properties": {
        "name": "SONGEONS",
        "altitude": 113,
        "id": 60623001
      }
    },
    {
      "type": "Feature",
      "geometry": {
        "type": "Point",
        "coordinates": [
          2.127167,
          49.4465
        ]
      },
      "properties": {
        "name": "BEAUVAIS-TILLE",
        "altitude": 89,
        "id": 60639001
      }
    },
    {
      "type": "Feature",
      "geometry": {
        "type": "Point",
        "coordinates": [
          2.048333,
          49.303167
        ]
      },
      "properties": {
        "name": "VALDAMPIERRE",
        "altitude": 171,
        "id": 60652001
      }
    },
    {
      "type": "Feature",
      "geometry": {
        "type": "Point",
        "coordinates": [
          0.110167,
          48.4455
        ]
      },
      "properties": {
        "name": "ALENCON",
        "altitude": 143,
        "id": 61001001
      }
    },
    {
      "type": "Feature",
      "geometry": {
        "type": "Point",
        "coordinates": [
          0.0115,
          48.718167
        ]
      },
      "properties": {
        "name": "ARGENTAN",
        "altitude": 170,
        "id": 61006005
      }
    },
    {
      "type": "Feature",
      "geometry": {
        "type": "Point",
        "coordinates": [
          -0.459167,
          48.6445
        ]
      },
      "properties": {
        "name": "COULONCHE  -LA-",
        "altitude": 309,
        "id": 61124001
      }
    },
    {
      "type": "Feature",
      "geometry": {
        "type": "Point",
        "coordinates": [
          -0.5895,
          48.75
        ]
      },
      "properties": {
        "name": "FLERS",
        "altitude": 195,
        "id": 61169003
      }
    },
    {
      "type": "Feature",
      "geometry": {
        "type": "Point",
        "coordinates": [
          -0.263667,
          48.722333
        ]
      },
      "properties": {
        "name": "FRESNAYE-AU-SAUVAGE_SAPC",
        "altitude": 229,
        "id": 61179001
      }
    },
    {
      "type": "Feature",
      "geometry": {
        "type": "Point",
        "coordinates": [
          0.662333,
          48.7585
        ]
      },
      "properties": {
        "name": "L AIGLE",
        "altitude": 232,
        "id": 61214002
      }
    },
    {
      "type": "Feature",
      "geometry": {
        "type": "Point",
        "coordinates": [
          0.299,
          48.711167
        ]
      },
      "properties": {
        "name": "LE MERLERAULT_SAPC",
        "altitude": 236,
        "id": 61275001
      }
    },
    {
      "type": "Feature",
      "geometry": {
        "type": "Point",
        "coordinates": [
          0.180833,
          48.725
        ]
      },
      "properties": {
        "name": "PIN AU HARAS-INRAE",
        "altitude": 202,
        "id": 61328001
      }
    },
    {
      "type": "Feature",
      "geometry": {
        "type": "Point",
        "coordinates": [
          0.777667,
          48.434
        ]
      },
      "properties": {
        "name": "REMALARD",
        "altitude": 158,
        "id": 61345003
      }
    },
    {
      "type": "Feature",
      "geometry": {
        "type": "Point",
        "coordinates": [
          -0.6235,
          48.644667
        ]
      },
      "properties": {
        "name": "ST BOMER-LES-FORGES",
        "altitude": 226,
        "id": 61369001
      }
    },
    {
      "type": "Feature",
      "geometry": {
        "type": "Point",
        "coordinates": [
          -0.7295,
          48.7235
        ]
      },
      "properties": {
        "name": "ST CORNIER-DES-LANDES",
        "altitude": 306,
        "id": 61377001
      }
    },
    {
      "type": "Feature",
      "geometry": {
        "type": "Point",
        "coordinates": [
          -0.7025,
          48.504333
        ]
      },
      "properties": {
        "name": "ST-FRAIMBAULT",
        "altitude": 158,
        "id": 61387001
      }
    },
    {
      "type": "Feature",
      "geometry": {
        "type": "Point",
        "coordinates": [
          0.5295,
          48.555833
        ]
      },
      "properties": {
        "name": "ST-HILAIRE",
        "altitude": 242,
        "id": 61404001
      }
    },
    {
      "type": "Feature",
      "geometry": {
        "type": "Point",
        "coordinates": [
          0.55,
          48.373833
        ]
      },
      "properties": {
        "name": "BELLEME_SAPC",
        "altitude": 168,
        "id": 61426001
      }
    },
    {
      "type": "Feature",
      "geometry": {
        "type": "Point",
        "coordinates": [
          0.1725,
          48.592
        ]
      },
      "properties": {
        "name": "SEES",
        "altitude": 195,
        "id": 61464001
      }
    },
    {
      "type": "Feature",
      "geometry": {
        "type": "Point",
        "coordinates": [
          -0.079667,
          48.674833
        ]
      },
      "properties": {
        "name": "TANQUES",
        "altitude": 171,
        "id": 61479001
      }
    },
    {
      "type": "Feature",
      "geometry": {
        "type": "Point",
        "coordinates": [
          -0.414833,
          48.541167
        ]
      },
      "properties": {
        "name": "BAGNOLES-DE-L_ORNE",
        "altitude": 151,
        "id": 61483002
      }
    },
    {
      "type": "Feature",
      "geometry": {
        "type": "Point",
        "coordinates": [
          0.245,
          48.913
        ]
      },
      "properties": {
        "name": "TICHEVILLE_SAPC",
        "altitude": 225,
        "id": 61485002
      }
    },
    {
      "type": "Feature",
      "geometry": {
        "type": "Point",
        "coordinates": [
          0.667167,
          48.585
        ]
      },
      "properties": {
        "name": "TOUROUVRE_SAPC",
        "altitude": 217,
        "id": 61491002
      }
    },
    {
      "type": "Feature",
      "geometry": {
        "type": "Point",
        "coordinates": [
          1.765833,
          50.485333
        ]
      },
      "properties": {
        "name": "ATTIN",
        "altitude": 21,
        "id": 62044001
      }
    },
    {
      "type": "Feature",
      "geometry": {
        "type": "Point",
        "coordinates": [
          1.582833,
          50.869667
        ]
      },
      "properties": {
        "name": "CAP-GRIS-NEZ",
        "altitude": 48,
        "id": 62054001
      }
    },
    {
      "type": "Feature",
      "geometry": {
        "type": "Point",
        "coordinates": [
          1.906667,
          50.750833
        ]
      },
      "properties": {
        "name": "BAINGHEN_SAPC",
        "altitude": 117,
        "id": 62076002
      }
    },
    {
      "type": "Feature",
      "geometry": {
        "type": "Point",
        "coordinates": [
          1.599667,
          50.7325
        ]
      },
      "properties": {
        "name": "BOULOGNE-SEM",
        "altitude": 73,
        "id": 62160001
      }
    },
    {
      "type": "Feature",
      "geometry": {
        "type": "Point",
        "coordinates": [
          3.163833,
          50.2255
        ]
      },
      "properties": {
        "name": "CAMBRAI-EPINOY",
        "altitude": 76,
        "id": 62298001
      }
    },
    {
      "type": "Feature",
      "geometry": {
        "type": "Point",
        "coordinates": [
          2.3255,
          50.502667
        ]
      },
      "properties": {
        "name": "FIEFS",
        "altitude": 180,
        "id": 62333001
      }
    },
    {
      "type": "Feature",
      "geometry": {
        "type": "Point",
        "coordinates": [
          2.223333,
          50.3915
        ]
      },
      "properties": {
        "name": "HUMIERES_SAPC",
        "altitude": 127,
        "id": 62468001
      }
    },
    {
      "type": "Feature",
      "geometry": {
        "type": "Point",
        "coordinates": [
          2.4965,
          50.5795
        ]
      },
      "properties": {
        "name": "LILLERS",
        "altitude": 19,
        "id": 62516002
      }
    },
    {
      "type": "Feature",
      "geometry": {
        "type": "Point",
        "coordinates": [
          1.956167,
          50.959833
        ]
      },
      "properties": {
        "name": "CALAIS-MARCK",
        "altitude": 2,
        "id": 62548002
      }
    },
    {
      "type": "Feature",
      "geometry": {
        "type": "Point",
        "coordinates": [
          2.061833,
          50.6725
        ]
      },
      "properties": {
        "name": "NIELLES-LES-BLEQUIN_SAPC",
        "altitude": 145,
        "id": 62613001
      }
    },
    {
      "type": "Feature",
      "geometry": {
        "type": "Point",
        "coordinates": [
          2.113667,
          50.549167
        ]
      },
      "properties": {
        "name": "RADINGHEM",
        "altitude": 115,
        "id": 62685001
      }
    },
    {
      "type": "Feature",
      "geometry": {
        "type": "Point",
        "coordinates": [
          2.522167,
          50.222167
        ]
      },
      "properties": {
        "name": "SAULTY",
        "altitude": 174,
        "id": 62784001
      }
    },
    {
      "type": "Feature",
      "geometry": {
        "type": "Point",
        "coordinates": [
          1.622833,
          50.5145
        ]
      },
      "properties": {
        "name": "LE-TOUQUET",
        "altitude": 5,
        "id": 62826001
      }
    },
    {
      "type": "Feature",
      "geometry": {
        "type": "Point",
        "coordinates": [
          2.87,
          50.255833
        ]
      },
      "properties": {
        "name": "ARRAS",
        "altitude": 74,
        "id": 62873001
      }
    },
    {
      "type": "Feature",
      "geometry": {
        "type": "Point",
        "coordinates": [
          3.742667,
          45.516833
        ]
      },
      "properties": {
        "name": "AMBERT",
        "altitude": 555,
        "id": 63003004
      }
    },
    {
      "type": "Feature",
      "geometry": {
        "type": "Point",
        "coordinates": [
          3.016,
          45.320167
        ]
      },
      "properties": {
        "name": "ANZAT-LE-LUGUET_SAPC",
        "altitude": 1270,
        "id": 63006002
      }
    },
    {
      "type": "Feature",
      "geometry": {
        "type": "Point",
        "coordinates": [
          2.865833,
          45.501667
        ]
      },
      "properties": {
        "name": "SUPERBESSE",
        "altitude": 1287,
        "id": 63038002
      }
    },
    {
      "type": "Feature",
      "geometry": {
        "type": "Point",
        "coordinates": [
          2.897,
          45.572667
        ]
      },
      "properties": {
        "name": "CHAMBON-SUR-LAC",
        "altitude": 897,
        "id": 63077001
      }
    },
    {
      "type": "Feature",
      "geometry": {
        "type": "Point",
        "coordinates": [
          3.214333,
          45.860667
        ]
      },
      "properties": {
        "name": "CHAPPES",
        "altitude": 315,
        "id": 63089001
      }
    },
    {
      "type": "Feature",
      "geometry": {
        "type": "Point",
        "coordinates": [
          2.7745,
          45.533
        ]
      },
      "properties": {
        "name": "CHASTREIX",
        "altitude": 1385,
        "id": 63098001
      }
    },
    {
      "type": "Feature",
      "geometry": {
        "type": "Point",
        "coordinates": [
          3.149333,
          45.786833
        ]
      },
      "properties": {
        "name": "CLERMONT-FD",
        "altitude": 331,
        "id": 63113001
      }
    },
    {
      "type": "Feature",
      "geometry": {
        "type": "Point",
        "coordinates": [
          3.572333,
          45.754
        ]
      },
      "properties": {
        "name": "COURPIERE",
        "altitude": 455,
        "id": 63125002
      }
    },
    {
      "type": "Feature",
      "geometry": {
        "type": "Point",
        "coordinates": [
          2.595,
          45.472
        ]
      },
      "properties": {
        "name": "CROS",
        "altitude": 790,
        "id": 63129001
      }
    },
    {
      "type": "Feature",
      "geometry": {
        "type": "Point",
        "coordinates": [
          3.557667,
          45.6345
        ]
      },
      "properties": {
        "name": "CUNLHAT",
        "altitude": 700,
        "id": 63132002
      }
    },
    {
      "type": "Feature",
      "geometry": {
        "type": "Point",
        "coordinates": [
          3.429167,
          45.696667
        ]
      },
      "properties": {
        "name": "FAYET-LE-CHATEA",
        "altitude": 585,
        "id": 63157001
      }
    },
    {
      "type": "Feature",
      "geometry": {
        "type": "Point",
        "coordinates": [
          2.799333,
          45.7535
        ]
      },
      "properties": {
        "name": "GELLES",
        "altitude": 784,
        "id": 63163001
      }
    },
    {
      "type": "Feature",
      "geometry": {
        "type": "Point",
        "coordinates": [
          3.262333,
          45.535333
        ]
      },
      "properties": {
        "name": "ISSOIRE",
        "altitude": 372,
        "id": 63178001
      }
    },
    {
      "type": "Feature",
      "geometry": {
        "type": "Point",
        "coordinates": [
          2.744667,
          45.636
        ]
      },
      "properties": {
        "name": "LAQUEUILLE-INRAE",
        "altitude": 1095,
        "id": 63189005
      }
    },
    {
      "type": "Feature",
      "geometry": {
        "type": "Point",
        "coordinates": [
          3.164333,
          45.543667
        ]
      },
      "properties": {
        "name": "MEILHAUD",
        "altitude": 448,
        "id": 63222001
      }
    },
    {
      "type": "Feature",
      "geometry": {
        "type": "Point",
        "coordinates": [
          2.91,
          46.105167
        ]
      },
      "properties": {
        "name": "MENAT",
        "altitude": 410,
        "id": 63223001
      }
    },
    {
      "type": "Feature",
      "geometry": {
        "type": "Point",
        "coordinates": [
          2.8125,
          45.551833
        ]
      },
      "properties": {
        "name": "LE MONT-DORE_SAPC",
        "altitude": 1220,
        "id": 63236003
      }
    },
    {
      "type": "Feature",
      "geometry": {
        "type": "Point",
        "coordinates": [
          2.991667,
          45.7995
        ]
      },
      "properties": {
        "name": "FONTAINE-DU-BER_SAPC",
        "altitude": 971,
        "id": 63263005
      }
    },
    {
      "type": "Feature",
      "geometry": {
        "type": "Point",
        "coordinates": [
          2.687833,
          46.104833
        ]
      },
      "properties": {
        "name": "PIONSAT",
        "altitude": 524,
        "id": 63281001
      }
    },
    {
      "type": "Feature",
      "geometry": {
        "type": "Point",
        "coordinates": [
          3.133,
          45.620167
        ]
      },
      "properties": {
        "name": "PLAUZAT_SAPC",
        "altitude": 495,
        "id": 63282001
      }
    },
    {
      "type": "Feature",
      "geometry": {
        "type": "Point",
        "coordinates": [
          3.354167,
          46.012167
        ]
      },
      "properties": {
        "name": "RANDAN",
        "altitude": 394,
        "id": 63295001
      }
    },
    {
      "type": "Feature",
      "geometry": {
        "type": "Point",
        "coordinates": [
          3.6925,
          45.737
        ]
      },
      "properties": {
        "name": "LA RENAUDIE",
        "altitude": 805,
        "id": 63298001
      }
    },
    {
      "type": "Feature",
      "geometry": {
        "type": "Point",
        "coordinates": [
          3.886167,
          45.575833
        ]
      },
      "properties": {
        "name": "ST-ANTHEME",
        "altitude": 1263,
        "id": 63319002
      }
    },
    {
      "type": "Feature",
      "geometry": {
        "type": "Point",
        "coordinates": [
          2.5265,
          45.872833
        ]
      },
      "properties": {
        "name": "SAINT AVIT_SAPC",
        "altitude": 724,
        "id": 63320001
      }
    },
    {
      "type": "Feature",
      "geometry": {
        "type": "Point",
        "coordinates": [
          3.019333,
          45.723
        ]
      },
      "properties": {
        "name": "ST-GENES-CHPLLE-INRAE",
        "altitude": 893,
        "id": 63345002
      }
    },
    {
      "type": "Feature",
      "geometry": {
        "type": "Point",
        "coordinates": [
          3.532667,
          45.461
        ]
      },
      "properties": {
        "name": "ST-GERMAIN-L HE",
        "altitude": 1070,
        "id": 63353003
      }
    },
    {
      "type": "Feature",
      "geometry": {
        "type": "Point",
        "coordinates": [
          2.803833,
          46.032667
        ]
      },
      "properties": {
        "name": "ST-GERVAIS-D AU",
        "altitude": 705,
        "id": 63354004
      }
    },
    {
      "type": "Feature",
      "geometry": {
        "type": "Point",
        "coordinates": [
          3.008833,
          46.041167
        ]
      },
      "properties": {
        "name": "ST-PARDOUX",
        "altitude": 602,
        "id": 63382001
      }
    },
    {
      "type": "Feature",
      "geometry": {
        "type": "Point",
        "coordinates": [
          3.599167,
          45.890333
        ]
      },
      "properties": {
        "name": "ST-REMY-SUR-DUR",
        "altitude": 665,
        "id": 63393001
      }
    },
    {
      "type": "Feature",
      "geometry": {
        "type": "Point",
        "coordinates": [
          2.598333,
          45.6465
        ]
      },
      "properties": {
        "name": "ST-SULPICE",
        "altitude": 851,
        "id": 63399002
      }
    },
    {
      "type": "Feature",
      "geometry": {
        "type": "Point",
        "coordinates": [
          3.045167,
          45.839667
        ]
      },
      "properties": {
        "name": "SAYAT_SAPC",
        "altitude": 547,
        "id": 63417001
      }
    },
    {
      "type": "Feature",
      "geometry": {
        "type": "Point",
        "coordinates": [
          2.595667,
          45.544667
        ]
      },
      "properties": {
        "name": "TAUVES",
        "altitude": 851,
        "id": 63426001
      }
    },
    {
      "type": "Feature",
      "geometry": {
        "type": "Point",
        "coordinates": [
          2.888333,
          45.669
        ]
      },
      "properties": {
        "name": "VERNINES",
        "altitude": 1045,
        "id": 63451001
      }
    },
    {
      "type": "Feature",
      "geometry": {
        "type": "Point",
        "coordinates": [
          -0.611,
          42.944333
        ]
      },
      "properties": {
        "name": "ACCOUS",
        "altitude": 495,
        "id": 64006001
      }
    },
    {
      "type": "Feature",
      "geometry": {
        "type": "Point",
        "coordinates": [
          -1.0205,
          43.335
        ]
      },
      "properties": {
        "name": "AICIRITS",
        "altitude": 75,
        "id": 64010002
      }
    },
    {
      "type": "Feature",
      "geometry": {
        "type": "Point",
        "coordinates": [
          -1.534333,
          43.469333
        ]
      },
      "properties": {
        "name": "BIARRITZ-PAYS-BASQUE",
        "altitude": 71,
        "id": 64024001
      }
    },
    {
      "type": "Feature",
      "geometry": {
        "type": "Point",
        "coordinates": [
          -0.2725,
          43.127167
        ]
      },
      "properties": {
        "name": "ASSON",
        "altitude": 337,
        "id": 64068001
      }
    },
    {
      "type": "Feature",
      "geometry": {
        "type": "Point",
        "coordinates": [
          -1.372667,
          43.1285
        ]
      },
      "properties": {
        "name": "BANCA",
        "altitude": 253,
        "id": 64092002
      }
    },
    {
      "type": "Feature",
      "geometry": {
        "type": "Point",
        "coordinates": [
          -0.22,
          43.193333
        ]
      },
      "properties": {
        "name": "BENEJACQ",
        "altitude": 255,
        "id": 64109001
      }
    },
    {
      "type": "Feature",
      "geometry": {
        "type": "Point",
        "coordinates": [
          -1.142167,
          43.481167
        ]
      },
      "properties": {
        "name": "BIDACHE",
        "altitude": 45,
        "id": 64123001
      }
    },
    {
      "type": "Feature",
      "geometry": {
        "type": "Point",
        "coordinates": [
          -1.2095,
          43.1715
        ]
      },
      "properties": {
        "name": "BUSTINCE - ST JEAN",
        "altitude": 189,
        "id": 64155001
      }
    },
    {
      "type": "Feature",
      "geometry": {
        "type": "Point",
        "coordinates": [
          -1.382333,
          43.361833
        ]
      },
      "properties": {
        "name": "CAMBO-LES-BAINS",
        "altitude": 71,
        "id": 64160001
      }
    },
    {
      "type": "Feature",
      "geometry": {
        "type": "Point",
        "coordinates": [
          -1.6865,
          43.3945
        ]
      },
      "properties": {
        "name": "SOCOA",
        "altitude": 21,
        "id": 64189001
      }
    },
    {
      "type": "Feature",
      "geometry": {
        "type": "Point",
        "coordinates": [
          -0.272167,
          43.551
        ]
      },
      "properties": {
        "name": "GARLIN",
        "altitude": 209,
        "id": 64233001
      }
    },
    {
      "type": "Feature",
      "geometry": {
        "type": "Point",
        "coordinates": [
          -0.083833,
          43.238333
        ]
      },
      "properties": {
        "name": "GER",
        "altitude": 410,
        "id": 64238001
      }
    },
    {
      "type": "Feature",
      "geometry": {
        "type": "Point",
        "coordinates": [
          -0.643,
          43.3905
        ]
      },
      "properties": {
        "name": "LAGOR",
        "altitude": 125,
        "id": 64301002
      }
    },
    {
      "type": "Feature",
      "geometry": {
        "type": "Point",
        "coordinates": [
          -0.752667,
          43.114667
        ]
      },
      "properties": {
        "name": "LANNE-EN-BARETOUS_SAPC",
        "altitude": 350,
        "id": 64310001
      }
    },
    {
      "type": "Feature",
      "geometry": {
        "type": "Point",
        "coordinates": [
          -0.96,
          43.02
        ]
      },
      "properties": {
        "name": "LARRAU",
        "altitude": 616,
        "id": 64316001
      }
    },
    {
      "type": "Feature",
      "geometry": {
        "type": "Point",
        "coordinates": [
          -1.033833,
          43.0335
        ]
      },
      "properties": {
        "name": "IRATY ORGAMBIDE",
        "altitude": 1427,
        "id": 64316003
      }
    },
    {
      "type": "Feature",
      "geometry": {
        "type": "Point",
        "coordinates": [
          -0.428667,
          42.983667
        ]
      },
      "properties": {
        "name": "LARUNS-HOURAT",
        "altitude": 522,
        "id": 64320003
      }
    },
    {
      "type": "Feature",
      "geometry": {
        "type": "Point",
        "coordinates": [
          -0.4855,
          43.2045
        ]
      },
      "properties": {
        "name": "LASSEUBE_SAPC",
        "altitude": 247,
        "id": 64324002
      }
    },
    {
      "type": "Feature",
      "geometry": {
        "type": "Point",
        "coordinates": [
          -0.721333,
          42.961667
        ]
      },
      "properties": {
        "name": "SOUM COUY-NIVOSE",
        "altitude": 2142,
        "id": 64330400
      }
    },
    {
      "type": "Feature",
      "geometry": {
        "type": "Point",
        "coordinates": [
          -0.109167,
          43.4515
        ]
      },
      "properties": {
        "name": "LEMBEYE",
        "altitude": 310,
        "id": 64331002
      }
    },
    {
      "type": "Feature",
      "geometry": {
        "type": "Point",
        "coordinates": [
          -0.885667,
          43.047833
        ]
      },
      "properties": {
        "name": "LICQ-ATHEREY",
        "altitude": 288,
        "id": 64342001
      }
    },
    {
      "type": "Feature",
      "geometry": {
        "type": "Point",
        "coordinates": [
          -1.135167,
          43.126
        ]
      },
      "properties": {
        "name": "MENDIVE_SAPC",
        "altitude": 292,
        "id": 64379001
      }
    },
    {
      "type": "Feature",
      "geometry": {
        "type": "Point",
        "coordinates": [
          -0.7535,
          43.324333
        ]
      },
      "properties": {
        "name": "NAVARRENX",
        "altitude": 135,
        "id": 64416001
      }
    },
    {
      "type": "Feature",
      "geometry": {
        "type": "Point",
        "coordinates": [
          -0.5795,
          43.1595
        ]
      },
      "properties": {
        "name": "OLORON",
        "altitude": 295,
        "id": 64422007
      }
    },
    {
      "type": "Feature",
      "geometry": {
        "type": "Point",
        "coordinates": [
          -0.755,
          43.501333
        ]
      },
      "properties": {
        "name": "ORTHEZ",
        "altitude": 96,
        "id": 64430003
      }
    },
    {
      "type": "Feature",
      "geometry": {
        "type": "Point",
        "coordinates": [
          -0.5435,
          43.490833
        ]
      },
      "properties": {
        "name": "POMPS",
        "altitude": 130,
        "id": 64450001
      }
    },
    {
      "type": "Feature",
      "geometry": {
        "type": "Point",
        "coordinates": [
          -0.113833,
          43.203333
        ]
      },
      "properties": {
        "name": "PONTACQ_SAPC",
        "altitude": 343,
        "id": 64453002
      }
    },
    {
      "type": "Feature",
      "geometry": {
        "type": "Point",
        "coordinates": [
          -0.933667,
          43.380167
        ]
      },
      "properties": {
        "name": "ST-GLADIE",
        "altitude": 73,
        "id": 64480001
      }
    },
    {
      "type": "Feature",
      "geometry": {
        "type": "Point",
        "coordinates": [
          -0.876167,
          43.133833
        ]
      },
      "properties": {
        "name": "TROIS-VILLES",
        "altitude": 216,
        "id": 64537001
      }
    },
    {
      "type": "Feature",
      "geometry": {
        "type": "Point",
        "coordinates": [
          -1.4155,
          43.068667
        ]
      },
      "properties": {
        "name": "UREPEL_SAPC",
        "altitude": 410,
        "id": 64543001
      }
    },
    {
      "type": "Feature",
      "geometry": {
        "type": "Point",
        "coordinates": [
          -0.416333,
          43.385
        ]
      },
      "properties": {
        "name": "PAU-UZEIN",
        "altitude": 183,
        "id": 64549001
      }
    },
    {
      "type": "Feature",
      "geometry": {
        "type": "Point",
        "coordinates": [
          -0.072167,
          42.972833
        ]
      },
      "properties": {
        "name": "ADAST",
        "altitude": 446,
        "id": 65001001
      }
    },
    {
      "type": "Feature",
      "geometry": {
        "type": "Point",
        "coordinates": [
          -0.2785,
          42.9885
        ]
      },
      "properties": {
        "name": "ARBEOST_SAPC",
        "altitude": 1015,
        "id": 65018001
      }
    },
    {
      "type": "Feature",
      "geometry": {
        "type": "Point",
        "coordinates": [
          -0.0685,
          42.998333
        ]
      },
      "properties": {
        "name": "AYROS ARBOUIX",
        "altitude": 478,
        "id": 65055001
      }
    },
    {
      "type": "Feature",
      "geometry": {
        "type": "Point",
        "coordinates": [
          0.141333,
          42.937167
        ]
      },
      "properties": {
        "name": "PIC DU MIDI - OBSERVATOIRE",
        "altitude": 2880,
        "id": 65059001
      }
    },
    {
      "type": "Feature",
      "geometry": {
        "type": "Point",
        "coordinates": [
          0.170333,
          42.908667
        ]
      },
      "properties": {
        "name": "LA MONGIE_SAPC",
        "altitude": 1779,
        "id": 65059022
      }
    },
    {
      "type": "Feature",
      "geometry": {
        "type": "Point",
        "coordinates": [
          0.3665,
          43.127167
        ]
      },
      "properties": {
        "name": "CAMPISTROUS",
        "altitude": 593,
        "id": 65125001
      }
    },
    {
      "type": "Feature",
      "geometry": {
        "type": "Point",
        "coordinates": [
          0.5175,
          43.277833
        ]
      },
      "properties": {
        "name": "CASTELNAU MAGNOAC",
        "altitude": 298,
        "id": 65129003
      }
    },
    {
      "type": "Feature",
      "geometry": {
        "type": "Point",
        "coordinates": [
          -0.147,
          42.8525
        ]
      },
      "properties": {
        "name": "CAUTERETS_SAPC",
        "altitude": 1535,
        "id": 65138005
      }
    },
    {
      "type": "Feature",
      "geometry": {
        "type": "Point",
        "coordinates": [
          -0.010833,
          42.733833
        ]
      },
      "properties": {
        "name": "GAVARNIE_SAPC",
        "altitude": 1410,
        "id": 65188005
      }
    },
    {
      "type": "Feature",
      "geometry": {
        "type": "Point",
        "coordinates": [
          0.413167,
          43.113833
        ]
      },
      "properties": {
        "name": "LANNEMEZAN",
        "altitude": 638,
        "id": 65258001
      }
    },
    {
      "type": "Feature",
      "geometry": {
        "type": "Point",
        "coordinates": [
          0.298167,
          43.042833
        ]
      },
      "properties": {
        "name": "LOMNE_SAPC",
        "altitude": 447,
        "id": 65278001
      }
    },
    {
      "type": "Feature",
      "geometry": {
        "type": "Point",
        "coordinates": [
          0.439667,
          42.7965
        ]
      },
      "properties": {
        "name": "LOUDERVIELLE",
        "altitude": 1587,
        "id": 65283001
      }
    },
    {
      "type": "Feature",
      "geometry": {
        "type": "Point",
        "coordinates": [
          -0.002833,
          42.863833
        ]
      },
      "properties": {
        "name": "LUZ SAINT SAUVEUR",
        "altitude": 910,
        "id": 65295003
      }
    },
    {
      "type": "Feature",
      "geometry": {
        "type": "Point",
        "coordinates": [
          0.043167,
          43.470667
        ]
      },
      "properties": {
        "name": "MAUBOURGUET",
        "altitude": 177,
        "id": 65304001
      }
    },
    {
      "type": "Feature",
      "geometry": {
        "type": "Point",
        "coordinates": [
          0,
          43.188
        ]
      },
      "properties": {
        "name": "TARBES-LOURDES-PYRENEES",
        "altitude": 360,
        "id": 65344001
      }
    },
    {
      "type": "Feature",
      "geometry": {
        "type": "Point",
        "coordinates": [
          0.317667,
          42.813833
        ]
      },
      "properties": {
        "name": "ST LARY SOUL",
        "altitude": 826,
        "id": 65388001
      }
    },
    {
      "type": "Feature",
      "geometry": {
        "type": "Point",
        "coordinates": [
          -0.066,
          42.848167
        ]
      },
      "properties": {
        "name": "LAC D'ARDIDEN-NIVOSE",
        "altitude": 2445,
        "id": 65413400
      }
    },
    {
      "type": "Feature",
      "geometry": {
        "type": "Point",
        "coordinates": [
          0.242833,
          43.178833
        ]
      },
      "properties": {
        "name": "TOURNAY",
        "altitude": 267,
        "id": 65447001
      }
    },
    {
      "type": "Feature",
      "geometry": {
        "type": "Point",
        "coordinates": [
          0.045833,
          43.3755
        ]
      },
      "properties": {
        "name": "VIC EN BIGORRE",
        "altitude": 219,
        "id": 65460002
      }
    },
    {
      "type": "Feature",
      "geometry": {
        "type": "Point",
        "coordinates": [
          2.8435,
          42.5285
        ]
      },
      "properties": {
        "name": "LE BOULOU",
        "altitude": 77,
        "id": 66024001
      }
    },
    {
      "type": "Feature",
      "geometry": {
        "type": "Point",
        "coordinates": [
          2.679833,
          42.587333
        ]
      },
      "properties": {
        "name": "CAIXAS",
        "altitude": 347,
        "id": 66029003
      }
    },
    {
      "type": "Feature",
      "geometry": {
        "type": "Point",
        "coordinates": [
          2.983667,
          42.686833
        ]
      },
      "properties": {
        "name": "CANET-EN-ROUSSILLON",
        "altitude": 16,
        "id": 66037001
      }
    },
    {
      "type": "Feature",
      "geometry": {
        "type": "Point",
        "coordinates": [
          2.7475,
          42.496333
        ]
      },
      "properties": {
        "name": "CERET",
        "altitude": 146,
        "id": 66049001
      }
    },
    {
      "type": "Feature",
      "geometry": {
        "type": "Point",
        "coordinates": [
          2.095333,
          42.384667
        ]
      },
      "properties": {
        "name": "PUIGMAL-NIVOSE",
        "altitude": 2471,
        "id": 66067402
      }
    },
    {
      "type": "Feature",
      "geometry": {
        "type": "Point",
        "coordinates": [
          2.446333,
          42.630167
        ]
      },
      "properties": {
        "name": "EUS",
        "altitude": 321,
        "id": 66074002
      }
    },
    {
      "type": "Feature",
      "geometry": {
        "type": "Point",
        "coordinates": [
          2.111333,
          42.616
        ]
      },
      "properties": {
        "name": "FORMIGUERES",
        "altitude": 1495,
        "id": 66082004
      }
    },
    {
      "type": "Feature",
      "geometry": {
        "type": "Point",
        "coordinates": [
          2.614167,
          42.659833
        ]
      },
      "properties": {
        "name": "ILLE-SUR-TET",
        "altitude": 158,
        "id": 66088003
      }
    },
    {
      "type": "Feature",
      "geometry": {
        "type": "Point",
        "coordinates": [
          2.320333,
          42.675667
        ]
      },
      "properties": {
        "name": "MOSSET",
        "altitude": 750,
        "id": 66119002
      }
    },
    {
      "type": "Feature",
      "geometry": {
        "type": "Point",
        "coordinates": [
          2.872833,
          42.737167
        ]
      },
      "properties": {
        "name": "PERPIGNAN",
        "altitude": 42,
        "id": 66136001
      }
    },
    {
      "type": "Feature",
      "geometry": {
        "type": "Point",
        "coordinates": [
          2.8595,
          42.473333
        ]
      },
      "properties": {
        "name": "LE PERTHUS",
        "altitude": 295,
        "id": 66137003
      }
    },
    {
      "type": "Feature",
      "geometry": {
        "type": "Point",
        "coordinates": [
          3.133667,
          42.516167
        ]
      },
      "properties": {
        "name": "CAP BEAR",
        "altitude": 72,
        "id": 66148001
      }
    },
    {
      "type": "Feature",
      "geometry": {
        "type": "Point",
        "coordinates": [
          2.181,
          42.586667
        ]
      },
      "properties": {
        "name": "RAILLEU",
        "altitude": 1366,
        "id": 66157001
      }
    },
    {
      "type": "Feature",
      "geometry": {
        "type": "Point",
        "coordinates": [
          2.622,
          42.539167
        ]
      },
      "properties": {
        "name": "ST MARSAL",
        "altitude": 690,
        "id": 66183001
      }
    },
    {
      "type": "Feature",
      "geometry": {
        "type": "Point",
        "coordinates": [
          2.485333,
          42.8205
        ]
      },
      "properties": {
        "name": "ST PAUL DE FENOUILLET",
        "altitude": 300,
        "id": 66187006
      }
    },
    {
      "type": "Feature",
      "geometry": {
        "type": "Point",
        "coordinates": [
          2.557667,
          42.399833
        ]
      },
      "properties": {
        "name": "SERRALONGUE",
        "altitude": 700,
        "id": 66194002
      }
    },
    {
      "type": "Feature",
      "geometry": {
        "type": "Point",
        "coordinates": [
          1.973333,
          42.504
        ]
      },
      "properties": {
        "name": "TARGASONNE",
        "altitude": 1600,
        "id": 66202001
      }
    },
    {
      "type": "Feature",
      "geometry": {
        "type": "Point",
        "coordinates": [
          2.4105,
          42.580333
        ]
      },
      "properties": {
        "name": "TAURINYA",
        "altitude": 770,
        "id": 66204002
      }
    },
    {
      "type": "Feature",
      "geometry": {
        "type": "Point",
        "coordinates": [
          2.465,
          42.536667
        ]
      },
      "properties": {
        "name": "CANIGOU-NIVOSE",
        "altitude": 2160,
        "id": 66204400
      }
    },
    {
      "type": "Feature",
      "geometry": {
        "type": "Point",
        "coordinates": [
          2.5125,
          42.439833
        ]
      },
      "properties": {
        "name": "LE TECH LA LLAU_SAPC",
        "altitude": 927,
        "id": 66206004
      }
    },
    {
      "type": "Feature",
      "geometry": {
        "type": "Point",
        "coordinates": [
          2.978333,
          42.755
        ]
      },
      "properties": {
        "name": "TORREILLES",
        "altitude": 7,
        "id": 66212001
      }
    },
    {
      "type": "Feature",
      "geometry": {
        "type": "Point",
        "coordinates": [
          2.547833,
          42.6555
        ]
      },
      "properties": {
        "name": "VINCA",
        "altitude": 251,
        "id": 66230001
      }
    },
    {
      "type": "Feature",
      "geometry": {
        "type": "Point",
        "coordinates": [
          2.760833,
          42.5365
        ]
      },
      "properties": {
        "name": "VIVES",
        "altitude": 261,
        "id": 66233001
      }
    },
    {
      "type": "Feature",
      "geometry": {
        "type": "Point",
        "coordinates": [
          7.267167,
          48.406333
        ]
      },
      "properties": {
        "name": "BELMONT",
        "altitude": 1065,
        "id": 67027001
      }
    },
    {
      "type": "Feature",
      "geometry": {
        "type": "Point",
        "coordinates": [
          7.151667,
          48.884333
        ]
      },
      "properties": {
        "name": "BERG",
        "altitude": 350,
        "id": 67029001
      }
    },
    {
      "type": "Feature",
      "geometry": {
        "type": "Point",
        "coordinates": [
          7.707333,
          48.715667
        ]
      },
      "properties": {
        "name": "BRUMATH",
        "altitude": 142,
        "id": 67067001
      }
    },
    {
      "type": "Feature",
      "geometry": {
        "type": "Point",
        "coordinates": [
          7.661667,
          48.999333
        ]
      },
      "properties": {
        "name": "DAMBACH_SAPC",
        "altitude": 234,
        "id": 67083002
      }
    },
    {
      "type": "Feature",
      "geometry": {
        "type": "Point",
        "coordinates": [
          7.4945,
          48.3085
        ]
      },
      "properties": {
        "name": "EBERSHEIM",
        "altitude": 164,
        "id": 67115001
      }
    },
    {
      "type": "Feature",
      "geometry": {
        "type": "Point",
        "coordinates": [
          7.307,
          48.6425
        ]
      },
      "properties": {
        "name": "WANGENBOURG_SAPC",
        "altitude": 460,
        "id": 67122001
      }
    },
    {
      "type": "Feature",
      "geometry": {
        "type": "Point",
        "coordinates": [
          7.640333,
          48.5495
        ]
      },
      "properties": {
        "name": "STRASBOURG-ENTZHEIM",
        "altitude": 150,
        "id": 67124001
      }
    },
    {
      "type": "Feature",
      "geometry": {
        "type": "Point",
        "coordinates": [
          7.364167,
          48.873
        ]
      },
      "properties": {
        "name": "ERCKARTSWILLER_SAPC",
        "altitude": 245,
        "id": 67126002
      }
    },
    {
      "type": "Feature",
      "geometry": {
        "type": "Point",
        "coordinates": [
          7.148,
          48.507667
        ]
      },
      "properties": {
        "name": "GRANDFONTAINE_SAPC",
        "altitude": 736,
        "id": 67165006
      }
    },
    {
      "type": "Feature",
      "geometry": {
        "type": "Point",
        "coordinates": [
          7.801167,
          48.836333
        ]
      },
      "properties": {
        "name": "HAGUENAU",
        "altitude": 153,
        "id": 67180001
      }
    },
    {
      "type": "Feature",
      "geometry": {
        "type": "Point",
        "coordinates": [
          7.33,
          48.4015
        ]
      },
      "properties": {
        "name": "LE HOHWALD_SAPC",
        "altitude": 591,
        "id": 67210002
      }
    },
    {
      "type": "Feature",
      "geometry": {
        "type": "Point",
        "coordinates": [
          8.1455,
          48.964167
        ]
      },
      "properties": {
        "name": "SCHEIBENHARD",
        "altitude": 144,
        "id": 67443001
      }
    },
    {
      "type": "Feature",
      "geometry": {
        "type": "Point",
        "coordinates": [
          7.478333,
          48.272833
        ]
      },
      "properties": {
        "name": "SELESTAT SA",
        "altitude": 173,
        "id": 67462004
      }
    },
    {
      "type": "Feature",
      "geometry": {
        "type": "Point",
        "coordinates": [
          7.768833,
          48.581833
        ]
      },
      "properties": {
        "name": "STRASBOURG - BOTANIQUE",
        "altitude": 139,
        "id": 67482001
      }
    },
    {
      "type": "Feature",
      "geometry": {
        "type": "Point",
        "coordinates": [
          7.5815,
          48.883667
        ]
      },
      "properties": {
        "name": "UHRWILLER_SAPC",
        "altitude": 217,
        "id": 67498001
      }
    },
    {
      "type": "Feature",
      "geometry": {
        "type": "Point",
        "coordinates": [
          7.306167,
          48.343
        ]
      },
      "properties": {
        "name": "VILLE",
        "altitude": 264,
        "id": 67507003
      }
    },
    {
      "type": "Feature",
      "geometry": {
        "type": "Point",
        "coordinates": [
          7.61,
          48.7435
        ]
      },
      "properties": {
        "name": "WALTENHEIM-SUR-ZORN",
        "altitude": 252,
        "id": 67516001
      }
    },
    {
      "type": "Feature",
      "geometry": {
        "type": "Point",
        "coordinates": [
          7.345833,
          48.216333
        ]
      },
      "properties": {
        "name": "BERGHEIM-INRAE",
        "altitude": 309,
        "id": 68028001
      }
    },
    {
      "type": "Feature",
      "geometry": {
        "type": "Point",
        "coordinates": [
          7.212833,
          47.632
        ]
      },
      "properties": {
        "name": "CARSPACH",
        "altitude": 332,
        "id": 68062001
      }
    },
    {
      "type": "Feature",
      "geometry": {
        "type": "Point",
        "coordinates": [
          7.33,
          48.063333
        ]
      },
      "properties": {
        "name": "COLMAR-INRAE",
        "altitude": 202,
        "id": 68066001
      }
    },
    {
      "type": "Feature",
      "geometry": {
        "type": "Point",
        "coordinates": [
          7.056833,
          47.875333
        ]
      },
      "properties": {
        "name": "GEISHOUSE_SAPC",
        "altitude": 618,
        "id": 68102001
      }
    },
    {
      "type": "Feature",
      "geometry": {
        "type": "Point",
        "coordinates": [
          7.225833,
          47.903667
        ]
      },
      "properties": {
        "name": "GUEBWILLER",
        "altitude": 273,
        "id": 68112005
      }
    },
    {
      "type": "Feature",
      "geometry": {
        "type": "Point",
        "coordinates": [
          7.355667,
          47.438
        ]
      },
      "properties": {
        "name": "KIFFIS",
        "altitude": 576,
        "id": 68165001
      }
    },
    {
      "type": "Feature",
      "geometry": {
        "type": "Point",
        "coordinates": [
          6.955,
          47.944167
        ]
      },
      "properties": {
        "name": "KRUTH_SAPC",
        "altitude": 512,
        "id": 68171002
      }
    },
    {
      "type": "Feature",
      "geometry": {
        "type": "Point",
        "coordinates": [
          7.114,
          47.9415
        ]
      },
      "properties": {
        "name": "LINTHAL_SAPC",
        "altitude": 488,
        "id": 68188002
      }
    },
    {
      "type": "Feature",
      "geometry": {
        "type": "Point",
        "coordinates": [
          7.268167,
          47.438333
        ]
      },
      "properties": {
        "name": "LUCELLE_SAPC",
        "altitude": 690,
        "id": 68190001
      }
    },
    {
      "type": "Feature",
      "geometry": {
        "type": "Point",
        "coordinates": [
          7.407667,
          47.928667
        ]
      },
      "properties": {
        "name": "COLMAR-MEYENHEIM",
        "altitude": 207,
        "id": 68205001
      }
    },
    {
      "type": "Feature",
      "geometry": {
        "type": "Point",
        "coordinates": [
          7.288833,
          47.75
        ]
      },
      "properties": {
        "name": "MULHOUSE",
        "altitude": 245,
        "id": 68224006
      }
    },
    {
      "type": "Feature",
      "geometry": {
        "type": "Point",
        "coordinates": [
          7.117333,
          48.047167
        ]
      },
      "properties": {
        "name": "MUNSTER_SAPC",
        "altitude": 420,
        "id": 68226005
      }
    },
    {
      "type": "Feature",
      "geometry": {
        "type": "Point",
        "coordinates": [
          7.574667,
          48.026167
        ]
      },
      "properties": {
        "name": "NEUF-BRISACH",
        "altitude": 195,
        "id": 68231001
      }
    },
    {
      "type": "Feature",
      "geometry": {
        "type": "Point",
        "coordinates": [
          6.970333,
          47.909667
        ]
      },
      "properties": {
        "name": "ODEREN - VALLEE",
        "altitude": 457,
        "id": 68247001
      }
    },
    {
      "type": "Feature",
      "geometry": {
        "type": "Point",
        "coordinates": [
          7.031667,
          47.923
        ]
      },
      "properties": {
        "name": "MARKSTEIN CRETE",
        "altitude": 1184,
        "id": 68247003
      }
    },
    {
      "type": "Feature",
      "geometry": {
        "type": "Point",
        "coordinates": [
          7.103833,
          48.135833
        ]
      },
      "properties": {
        "name": "ORBEY LAC BLANC_SAPC",
        "altitude": 1080,
        "id": 68249002
      }
    },
    {
      "type": "Feature",
      "geometry": {
        "type": "Point",
        "coordinates": [
          7.291667,
          47.954
        ]
      },
      "properties": {
        "name": "ROUFFACH - CHS",
        "altitude": 208,
        "id": 68287001
      }
    },
    {
      "type": "Feature",
      "geometry": {
        "type": "Point",
        "coordinates": [
          7.51,
          47.614333
        ]
      },
      "properties": {
        "name": "BALE-MULHOUSE",
        "altitude": 263,
        "id": 68297001
      }
    },
    {
      "type": "Feature",
      "geometry": {
        "type": "Point",
        "coordinates": [
          6.873833,
          47.8155
        ]
      },
      "properties": {
        "name": "SEWEN - LAC ALFELD_SAPC",
        "altitude": 620,
        "id": 68307001
      }
    },
    {
      "type": "Feature",
      "geometry": {
        "type": "Point",
        "coordinates": [
          7.231,
          48.1015
        ]
      },
      "properties": {
        "name": "TROIS-EPIS_SAPC",
        "altitude": 656,
        "id": 68338001
      }
    },
    {
      "type": "Feature",
      "geometry": {
        "type": "Point",
        "coordinates": [
          4.508167,
          45.843333
        ]
      },
      "properties": {
        "name": "ANCY_SAPC",
        "altitude": 626,
        "id": 69008001
      }
    },
    {
      "type": "Feature",
      "geometry": {
        "type": "Point",
        "coordinates": [
          4.693167,
          45.713333
        ]
      },
      "properties": {
        "name": "BRINDAS",
        "altitude": 317,
        "id": 69028001
      }
    },
    {
      "type": "Feature",
      "geometry": {
        "type": "Point",
        "coordinates": [
          4.949167,
          45.721333
        ]
      },
      "properties": {
        "name": "LYON-BRON",
        "altitude": 202,
        "id": 69029001
      }
    },
    {
      "type": "Feature",
      "geometry": {
        "type": "Point",
        "coordinates": [
          4.325833,
          46.098667
        ]
      },
      "properties": {
        "name": "COURS LA VILLE_SAPC",
        "altitude": 578,
        "id": 69066003
      }
    },
    {
      "type": "Feature",
      "geometry": {
        "type": "Point",
        "coordinates": [
          4.650333,
          45.9765
        ]
      },
      "properties": {
        "name": "LIERGUES_SAPC",
        "altitude": 290,
        "id": 69114001
      }
    },
    {
      "type": "Feature",
      "geometry": {
        "type": "Point",
        "coordinates": [
          4.855167,
          45.772833
        ]
      },
      "properties": {
        "name": "LYON TETE D'OR",
        "altitude": 170,
        "id": 69123002
      }
    },
    {
      "type": "Feature",
      "geometry": {
        "type": "Point",
        "coordinates": [
          4.523167,
          46.219167
        ]
      },
      "properties": {
        "name": "MONSOLS",
        "altitude": 525,
        "id": 69135001
      }
    },
    {
      "type": "Feature",
      "geometry": {
        "type": "Point",
        "coordinates": [
          4.673833,
          45.6145
        ]
      },
      "properties": {
        "name": "MORNANT",
        "altitude": 343,
        "id": 69141001
      }
    },
    {
      "type": "Feature",
      "geometry": {
        "type": "Point",
        "coordinates": [
          4.384167,
          45.935333
        ]
      },
      "properties": {
        "name": "LES SAUVAGES",
        "altitude": 831,
        "id": 69174002
      }
    },
    {
      "type": "Feature",
      "geometry": {
        "type": "Point",
        "coordinates": [
          4.566333,
          46.164167
        ]
      },
      "properties": {
        "name": "ST-DIDIER-BEAUJ",
        "altitude": 345,
        "id": 69196001
      }
    },
    {
      "type": "Feature",
      "geometry": {
        "type": "Point",
        "coordinates": [
          4.4845,
          45.7
        ]
      },
      "properties": {
        "name": "ST-GENIS-L'ARGENTIERE",
        "altitude": 512,
        "id": 69203001
      }
    },
    {
      "type": "Feature",
      "geometry": {
        "type": "Point",
        "coordinates": [
          4.782333,
          45.694667
        ]
      },
      "properties": {
        "name": "ST-GENIS-LAVAL",
        "altitude": 290,
        "id": 69204002
      }
    },
    {
      "type": "Feature",
      "geometry": {
        "type": "Point",
        "coordinates": [
          4.710833,
          46.058167
        ]
      },
      "properties": {
        "name": "ST-GEORGES-REN",
        "altitude": 190,
        "id": 69206001
      }
    },
    {
      "type": "Feature",
      "geometry": {
        "type": "Point",
        "coordinates": [
          4.471333,
          45.638667
        ]
      },
      "properties": {
        "name": "ST-SYMPHORIEN-C",
        "altitude": 610,
        "id": 69238001
      }
    },
    {
      "type": "Feature",
      "geometry": {
        "type": "Point",
        "coordinates": [
          4.521167,
          45.916333
        ]
      },
      "properties": {
        "name": "SAINT-VERAND",
        "altitude": 390,
        "id": 69239002
      }
    },
    {
      "type": "Feature",
      "geometry": {
        "type": "Point",
        "coordinates": [
          4.6285,
          46.217
        ]
      },
      "properties": {
        "name": "VAUXRENARD",
        "altitude": 740,
        "id": 69258001
      }
    },
    {
      "type": "Feature",
      "geometry": {
        "type": "Point",
        "coordinates": [
          4.737667,
          45.987167
        ]
      },
      "properties": {
        "name": "VILLEFRANCHE",
        "altitude": 174,
        "id": 69264001
      }
    },
    {
      "type": "Feature",
      "geometry": {
        "type": "Point",
        "coordinates": [
          5.077833,
          45.7265
        ]
      },
      "properties": {
        "name": "LYON-ST EXUPERY",
        "altitude": 235,
        "id": 69299001
      }
    },
    {
      "type": "Feature",
      "geometry": {
        "type": "Point",
        "coordinates": [
          6.338333,
          47.915
        ]
      },
      "properties": {
        "name": "AILLEVILLERS",
        "altitude": 275,
        "id": 70006001
      }
    },
    {
      "type": "Feature",
      "geometry": {
        "type": "Point",
        "coordinates": [
          6.730833,
          47.784167
        ]
      },
      "properties": {
        "name": "BELFAHY_SAPC",
        "altitude": 847,
        "id": 70061002
      }
    },
    {
      "type": "Feature",
      "geometry": {
        "type": "Point",
        "coordinates": [
          5.8425,
          47.422667
        ]
      },
      "properties": {
        "name": "BUCEY-LES-GY",
        "altitude": 215,
        "id": 70104001
      }
    },
    {
      "type": "Feature",
      "geometry": {
        "type": "Point",
        "coordinates": [
          5.5955,
          47.507
        ]
      },
      "properties": {
        "name": "CHARGEY-LES-GRAY",
        "altitude": 244,
        "id": 70132001
      }
    },
    {
      "type": "Feature",
      "geometry": {
        "type": "Point",
        "coordinates": [
          5.8915,
          47.708667
        ]
      },
      "properties": {
        "name": "COMBEAUFONTAINE",
        "altitude": 252,
        "id": 70165001
      }
    },
    {
      "type": "Feature",
      "geometry": {
        "type": "Point",
        "coordinates": [
          6.208667,
          47.817
        ]
      },
      "properties": {
        "name": "CONFLANS-SUR-LA",
        "altitude": 230,
        "id": 70168001
      }
    },
    {
      "type": "Feature",
      "geometry": {
        "type": "Point",
        "coordinates": [
          6.585833,
          47.606667
        ]
      },
      "properties": {
        "name": "FAYMONT_SAPC",
        "altitude": 398,
        "id": 70229001
      }
    },
    {
      "type": "Feature",
      "geometry": {
        "type": "Point",
        "coordinates": [
          6.388833,
          47.8985
        ]
      },
      "properties": {
        "name": "FOUGEROLLES_SAPC",
        "altitude": 315,
        "id": 70245003
      }
    },
    {
      "type": "Feature",
      "geometry": {
        "type": "Point",
        "coordinates": [
          6.1965,
          47.639167
        ]
      },
      "properties": {
        "name": "FROTEY_SAPC",
        "altitude": 360,
        "id": 70261001
      }
    },
    {
      "type": "Feature",
      "geometry": {
        "type": "Point",
        "coordinates": [
          6.791333,
          47.830833
        ]
      },
      "properties": {
        "name": "BALLON DE SERVANCE",
        "altitude": 1213,
        "id": 70283006
      }
    },
    {
      "type": "Feature",
      "geometry": {
        "type": "Point",
        "coordinates": [
          6.746333,
          47.772833
        ]
      },
      "properties": {
        "name": "PLANCHER-LES-MI",
        "altitude": 529,
        "id": 70414001
      }
    },
    {
      "type": "Feature",
      "geometry": {
        "type": "Point",
        "coordinates": [
          6.062,
          47.438167
        ]
      },
      "properties": {
        "name": "RIOZ",
        "altitude": 275,
        "id": 70447002
      }
    },
    {
      "type": "Feature",
      "geometry": {
        "type": "Point",
        "coordinates": [
          6.363833,
          47.787
        ]
      },
      "properties": {
        "name": "LUXEUIL",
        "altitude": 271,
        "id": 70473001
      }
    },
    {
      "type": "Feature",
      "geometry": {
        "type": "Point",
        "coordinates": [
          5.990167,
          47.836
        ]
      },
      "properties": {
        "name": "VENISEY",
        "altitude": 243,
        "id": 70545001
      }
    },
    {
      "type": "Feature",
      "geometry": {
        "type": "Point",
        "coordinates": [
          6.163667,
          47.648833
        ]
      },
      "properties": {
        "name": "VESOUL VILLE",
        "altitude": 242,
        "id": 70550001
      }
    },
    {
      "type": "Feature",
      "geometry": {
        "type": "Point",
        "coordinates": [
          6.433,
          47.543667
        ]
      },
      "properties": {
        "name": "VILLERSEXEL SA",
        "altitude": 290,
        "id": 70561002
      }
    },
    {
      "type": "Feature",
      "geometry": {
        "type": "Point",
        "coordinates": [
          4.263167,
          46.972
        ]
      },
      "properties": {
        "name": "AUTUN",
        "altitude": 303,
        "id": 71014004
      }
    },
    {
      "type": "Feature",
      "geometry": {
        "type": "Point",
        "coordinates": [
          4.281833,
          46.285667
        ]
      },
      "properties": {
        "name": "BAUDEMONT_SAPC",
        "altitude": 396,
        "id": 71022003
      }
    },
    {
      "type": "Feature",
      "geometry": {
        "type": "Point",
        "coordinates": [
          5.206667,
          46.645833
        ]
      },
      "properties": {
        "name": "BRANGES_SAPC",
        "altitude": 197,
        "id": 71056003
      }
    },
    {
      "type": "Feature",
      "geometry": {
        "type": "Point",
        "coordinates": [
          4.825667,
          46.827
        ]
      },
      "properties": {
        "name": "CHALON-CHAMPFO",
        "altitude": 187,
        "id": 71081001
      }
    },
    {
      "type": "Feature",
      "geometry": {
        "type": "Point",
        "coordinates": [
          4.794333,
          46.2945
        ]
      },
      "properties": {
        "name": "MACON",
        "altitude": 219,
        "id": 71105001
      }
    },
    {
      "type": "Feature",
      "geometry": {
        "type": "Point",
        "coordinates": [
          4.2695,
          46.429
        ]
      },
      "properties": {
        "name": "CHAROLLES",
        "altitude": 309,
        "id": 71106001
      }
    },
    {
      "type": "Feature",
      "geometry": {
        "type": "Point",
        "coordinates": [
          4.496333,
          46.997667
        ]
      },
      "properties": {
        "name": "EPINAC",
        "altitude": 325,
        "id": 71190001
      }
    },
    {
      "type": "Feature",
      "geometry": {
        "type": "Point",
        "coordinates": [
          4.020833,
          46.598167
        ]
      },
      "properties": {
        "name": "GUEUGNON",
        "altitude": 305,
        "id": 71230002
      }
    },
    {
      "type": "Feature",
      "geometry": {
        "type": "Point",
        "coordinates": [
          4.651,
          46.402167
        ]
      },
      "properties": {
        "name": "JALOGNY_SAPC",
        "altitude": 246,
        "id": 71240001
      }
    },
    {
      "type": "Feature",
      "geometry": {
        "type": "Point",
        "coordinates": [
          4.823333,
          46.477333
        ]
      },
      "properties": {
        "name": "LUGNY",
        "altitude": 247,
        "id": 71267001
      }
    },
    {
      "type": "Feature",
      "geometry": {
        "type": "Point",
        "coordinates": [
          4.480333,
          46.304
        ]
      },
      "properties": {
        "name": "MATOUR_SAPC",
        "altitude": 415,
        "id": 71289001
      }
    },
    {
      "type": "Feature",
      "geometry": {
        "type": "Point",
        "coordinates": [
          4.477,
          46.627667
        ]
      },
      "properties": {
        "name": "MT-ST-VINCENT",
        "altitude": 601,
        "id": 71320001
      }
    },
    {
      "type": "Feature",
      "geometry": {
        "type": "Point",
        "coordinates": [
          4.228,
          46.554667
        ]
      },
      "properties": {
        "name": "PALINGES",
        "altitude": 281,
        "id": 71340002
      }
    },
    {
      "type": "Feature",
      "geometry": {
        "type": "Point",
        "coordinates": [
          4.594833,
          46.881833
        ]
      },
      "properties": {
        "name": "ST-MAURICE-LES-COUCHES_SAPC",
        "altitude": 300,
        "id": 71464001
      }
    },
    {
      "type": "Feature",
      "geometry": {
        "type": "Point",
        "coordinates": [
          4.336167,
          46.852167
        ]
      },
      "properties": {
        "name": "ST-SYMPHORIEN DE MARMAGNE",
        "altitude": 349,
        "id": 71482001
      }
    },
    {
      "type": "Feature",
      "geometry": {
        "type": "Point",
        "coordinates": [
          4.0165,
          46.408333
        ]
      },
      "properties": {
        "name": "ST YAN",
        "altitude": 242,
        "id": 71491001
      }
    },
    {
      "type": "Feature",
      "geometry": {
        "type": "Point",
        "coordinates": [
          5.181167,
          46.714167
        ]
      },
      "properties": {
        "name": "SIMARD",
        "altitude": 211,
        "id": 71523001
      }
    },
    {
      "type": "Feature",
      "geometry": {
        "type": "Point",
        "coordinates": [
          5.337333,
          46.837667
        ]
      },
      "properties": {
        "name": "TORPES_SAPC",
        "altitude": 190,
        "id": 71541001
      }
    },
    {
      "type": "Feature",
      "geometry": {
        "type": "Point",
        "coordinates": [
          5.255333,
          46.529333
        ]
      },
      "properties": {
        "name": "VARENNES-ST-SA",
        "altitude": 207,
        "id": 71558001
      }
    },
    {
      "type": "Feature",
      "geometry": {
        "type": "Point",
        "coordinates": [
          3.721667,
          46.691667
        ]
      },
      "properties": {
        "name": "VITRY/LOIRE",
        "altitude": 258,
        "id": 71589001
      }
    },
    {
      "type": "Feature",
      "geometry": {
        "type": "Point",
        "coordinates": [
          0.491833,
          47.984333
        ]
      },
      "properties": {
        "name": "BOULOIRE",
        "altitude": 134,
        "id": 72042001
      }
    },
    {
      "type": "Feature",
      "geometry": {
        "type": "Point",
        "coordinates": [
          0.353667,
          48.315333
        ]
      },
      "properties": {
        "name": "COMMERVEIL_SAPC",
        "altitude": 105,
        "id": 72086001
      }
    },
    {
      "type": "Feature",
      "geometry": {
        "type": "Point",
        "coordinates": [
          0.710167,
          48.179667
        ]
      },
      "properties": {
        "name": "CORMES",
        "altitude": 122,
        "id": 72093001
      }
    },
    {
      "type": "Feature",
      "geometry": {
        "type": "Point",
        "coordinates": [
          0.212167,
          48.433333
        ]
      },
      "properties": {
        "name": "LA FRESNAYE",
        "altitude": 146,
        "id": 72137006
      }
    },
    {
      "type": "Feature",
      "geometry": {
        "type": "Point",
        "coordinates": [
          0.591,
          48.076333
        ]
      },
      "properties": {
        "name": "LE LUART",
        "altitude": 112,
        "id": 72172003
      }
    },
    {
      "type": "Feature",
      "geometry": {
        "type": "Point",
        "coordinates": [
          0.088167,
          47.713
        ]
      },
      "properties": {
        "name": "LUCHE-PRINGE",
        "altitude": 92,
        "id": 72175002
      }
    },
    {
      "type": "Feature",
      "geometry": {
        "type": "Point",
        "coordinates": [
          0.194167,
          47.945833
        ]
      },
      "properties": {
        "name": "LE MANS",
        "altitude": 51,
        "id": 72181001
      }
    },
    {
      "type": "Feature",
      "geometry": {
        "type": "Point",
        "coordinates": [
          0.340833,
          48.243333
        ]
      },
      "properties": {
        "name": "MAROLLES LES BR",
        "altitude": 65,
        "id": 72189001
      }
    },
    {
      "type": "Feature",
      "geometry": {
        "type": "Point",
        "coordinates": [
          -0.103333,
          47.906833
        ]
      },
      "properties": {
        "name": "PIRMIL",
        "altitude": 66,
        "id": 72237001
      }
    },
    {
      "type": "Feature",
      "geometry": {
        "type": "Point",
        "coordinates": [
          -0.225667,
          48.139333
        ]
      },
      "properties": {
        "name": "ROUESSE-VASSE",
        "altitude": 206,
        "id": 72255001
      }
    },
    {
      "type": "Feature",
      "geometry": {
        "type": "Point",
        "coordinates": [
          -0.302667,
          47.840167
        ]
      },
      "properties": {
        "name": "SABLE SUR SARTH",
        "altitude": 41,
        "id": 72264001
      }
    },
    {
      "type": "Feature",
      "geometry": {
        "type": "Point",
        "coordinates": [
          0.345,
          48.078833
        ]
      },
      "properties": {
        "name": "SAINT CORNEILLE",
        "altitude": 62,
        "id": 72275003
      }
    },
    {
      "type": "Feature",
      "geometry": {
        "type": "Point",
        "coordinates": [
          0.093,
          48.301333
        ]
      },
      "properties": {
        "name": "SAINT GERMAIN_SAPC",
        "altitude": 85,
        "id": 72284001
      }
    },
    {
      "type": "Feature",
      "geometry": {
        "type": "Point",
        "coordinates": [
          0.017333,
          47.964667
        ]
      },
      "properties": {
        "name": "SOULIGNE FLACE",
        "altitude": 64,
        "id": 72339001
      }
    },
    {
      "type": "Feature",
      "geometry": {
        "type": "Point",
        "coordinates": [
          -0.05,
          48.1035
        ]
      },
      "properties": {
        "name": "TENNIE",
        "altitude": 103,
        "id": 72351002
      }
    },
    {
      "type": "Feature",
      "geometry": {
        "type": "Point",
        "coordinates": [
          0.0225,
          47.659333
        ]
      },
      "properties": {
        "name": "THOREE LES PINS",
        "altitude": 78,
        "id": 72357001
      }
    },
    {
      "type": "Feature",
      "geometry": {
        "type": "Point",
        "coordinates": [
          0.5595,
          47.885333
        ]
      },
      "properties": {
        "name": "TRESSON_SAPC",
        "altitude": 154,
        "id": 72361001
      }
    },
    {
      "type": "Feature",
      "geometry": {
        "type": "Point",
        "coordinates": [
          -0.1085,
          47.745833
        ]
      },
      "properties": {
        "name": "VILLAINES-SOUS-MALICORNE",
        "altitude": 87,
        "id": 72377002
      }
    },
    {
      "type": "Feature",
      "geometry": {
        "type": "Point",
        "coordinates": [
          6.336333,
          45.210667
        ]
      },
      "properties": {
        "name": "ALBIEZ-MONTROND",
        "altitude": 1633,
        "id": 73013002
      }
    },
    {
      "type": "Feature",
      "geometry": {
        "type": "Point",
        "coordinates": [
          6.716833,
          45.214
        ]
      },
      "properties": {
        "name": "AVRIEUX",
        "altitude": 1104,
        "id": 73026001
      }
    },
    {
      "type": "Feature",
      "geometry": {
        "type": "Point",
        "coordinates": [
          6.568667,
          45.691
        ]
      },
      "properties": {
        "name": "BEAUFORT-SUR-DORON",
        "altitude": 1036,
        "id": 73034002
      }
    },
    {
      "type": "Feature",
      "geometry": {
        "type": "Point",
        "coordinates": [
          7.002333,
          45.322833
        ]
      },
      "properties": {
        "name": "BESSANS-CLIM",
        "altitude": 1731,
        "id": 73040005
      }
    },
    {
      "type": "Feature",
      "geometry": {
        "type": "Point",
        "coordinates": [
          7.051167,
          45.351667
        ]
      },
      "properties": {
        "name": "BONNEVAL-NIVOSE",
        "altitude": 2741,
        "id": 73040402
      }
    },
    {
      "type": "Feature",
      "geometry": {
        "type": "Point",
        "coordinates": [
          5.8215,
          45.6605
        ]
      },
      "properties": {
        "name": "MONT DU CHAT",
        "altitude": 1496,
        "id": 73051001
      }
    },
    {
      "type": "Feature",
      "geometry": {
        "type": "Point",
        "coordinates": [
          6.207667,
          45.486667
        ]
      },
      "properties": {
        "name": "BOURGET EN HUILE_SAPC",
        "altitude": 820,
        "id": 73052002
      }
    },
    {
      "type": "Feature",
      "geometry": {
        "type": "Point",
        "coordinates": [
          6.763333,
          45.612667
        ]
      },
      "properties": {
        "name": "BOURG ST MAURICE",
        "altitude": 865,
        "id": 73054001
      }
    },
    {
      "type": "Feature",
      "geometry": {
        "type": "Point",
        "coordinates": [
          6.6495,
          45.44
        ]
      },
      "properties": {
        "name": "BOZEL",
        "altitude": 865,
        "id": 73055001
      }
    },
    {
      "type": "Feature",
      "geometry": {
        "type": "Point",
        "coordinates": [
          5.970333,
          45.565167
        ]
      },
      "properties": {
        "name": "CHALLES LES EAUX",
        "altitude": 298,
        "id": 73064001
      }
    },
    {
      "type": "Feature",
      "geometry": {
        "type": "Point",
        "coordinates": [
          6.771167,
          45.489
        ]
      },
      "properties": {
        "name": "BELLECOTE-NIVOSE",
        "altitude": 2992,
        "id": 73071403
      }
    },
    {
      "type": "Feature",
      "geometry": {
        "type": "Point",
        "coordinates": [
          6.6475,
          45.614667
        ]
      },
      "properties": {
        "name": "GRANDE PAREI-NIVOSE",
        "altitude": 2260,
        "id": 73093001
      }
    },
    {
      "type": "Feature",
      "geometry": {
        "type": "Point",
        "coordinates": [
          5.983667,
          45.647167
        ]
      },
      "properties": {
        "name": "FECLAZ_SAPC",
        "altitude": 1328,
        "id": 73098003
      }
    },
    {
      "type": "Feature",
      "geometry": {
        "type": "Point",
        "coordinates": [
          5.9005,
          45.444167
        ]
      },
      "properties": {
        "name": "ENTREMONT LE VIEUX_SAPC",
        "altitude": 1059,
        "id": 73107001
      }
    },
    {
      "type": "Feature",
      "geometry": {
        "type": "Point",
        "coordinates": [
          6.535333,
          45.755
        ]
      },
      "properties": {
        "name": "COL-DES-SAISIES",
        "altitude": 1614,
        "id": 73132003
      }
    },
    {
      "type": "Feature",
      "geometry": {
        "type": "Point",
        "coordinates": [
          6.176833,
          45.658833
        ]
      },
      "properties": {
        "name": "JARSY_SAPC",
        "altitude": 832,
        "id": 73139001
      }
    },
    {
      "type": "Feature",
      "geometry": {
        "type": "Point",
        "coordinates": [
          6.211833,
          45.663833
        ]
      },
      "properties": {
        "name": "ALLANT-NIVOSE",
        "altitude": 1684,
        "id": 73139401
      }
    },
    {
      "type": "Feature",
      "geometry": {
        "type": "Point",
        "coordinates": [
          6.899167,
          45.269333
        ]
      },
      "properties": {
        "name": "MONT CENIS",
        "altitude": 2032,
        "id": 73144001
      }
    },
    {
      "type": "Feature",
      "geometry": {
        "type": "Point",
        "coordinates": [
          6.108333,
          45.715167
        ]
      },
      "properties": {
        "name": "LESCHERAINES",
        "altitude": 591,
        "id": 73146001
      }
    },
    {
      "type": "Feature",
      "geometry": {
        "type": "Point",
        "coordinates": [
          6.675167,
          45.500333
        ]
      },
      "properties": {
        "name": "LA PLAGNE_SAPC",
        "altitude": 2120,
        "id": 73150004
      }
    },
    {
      "type": "Feature",
      "geometry": {
        "type": "Point",
        "coordinates": [
          6.321,
          45.393
        ]
      },
      "properties": {
        "name": "MONTGELLAFREY",
        "altitude": 1057,
        "id": 73167001
      }
    },
    {
      "type": "Feature",
      "geometry": {
        "type": "Point",
        "coordinates": [
          6.049167,
          45.493833
        ]
      },
      "properties": {
        "name": "MONTMELIAN",
        "altitude": 264,
        "id": 73171002
      }
    },
    {
      "type": "Feature",
      "geometry": {
        "type": "Point",
        "coordinates": [
          6.501,
          45.549167
        ]
      },
      "properties": {
        "name": "LA LECHERE_SAPC",
        "altitude": 1195,
        "id": 73187006
      }
    },
    {
      "type": "Feature",
      "geometry": {
        "type": "Point",
        "coordinates": [
          5.776833,
          45.597333
        ]
      },
      "properties": {
        "name": "NOVALAISE",
        "altitude": 460,
        "id": 73191001
      }
    },
    {
      "type": "Feature",
      "geometry": {
        "type": "Point",
        "coordinates": [
          6.271333,
          45.477167
        ]
      },
      "properties": {
        "name": "ST-ALBAN DES HURTIERES",
        "altitude": 610,
        "id": 73220001
      }
    },
    {
      "type": "Feature",
      "geometry": {
        "type": "Point",
        "coordinates": [
          5.777333,
          45.452833
        ]
      },
      "properties": {
        "name": "ST-CHRISTOPHE LA-GROTTE",
        "altitude": 420,
        "id": 73229001
      }
    },
    {
      "type": "Feature",
      "geometry": {
        "type": "Point",
        "coordinates": [
          6.278833,
          45.206833
        ]
      },
      "properties": {
        "name": "ST JEAN D'ARVES_SAPC",
        "altitude": 1573,
        "id": 73242003
      }
    },
    {
      "type": "Feature",
      "geometry": {
        "type": "Point",
        "coordinates": [
          6.482833,
          45.427667
        ]
      },
      "properties": {
        "name": "ST-JEAN DE BELLEVILLE",
        "altitude": 1150,
        "id": 73244001
      }
    },
    {
      "type": "Feature",
      "geometry": {
        "type": "Point",
        "coordinates": [
          6.307167,
          45.3435
        ]
      },
      "properties": {
        "name": "STE MARIE CUINES",
        "altitude": 460,
        "id": 73255003
      }
    },
    {
      "type": "Feature",
      "geometry": {
        "type": "Point",
        "coordinates": [
          6.5105,
          45.368167
        ]
      },
      "properties": {
        "name": "ST-MARTIN DE BELLEVILLE",
        "altitude": 1443,
        "id": 73257001
      }
    },
    {
      "type": "Feature",
      "geometry": {
        "type": "Point",
        "coordinates": [
          6.508333,
          45.297333
        ]
      },
      "properties": {
        "name": "LA MASSE",
        "altitude": 2800,
        "id": 73257003
      }
    },
    {
      "type": "Feature",
      "geometry": {
        "type": "Point",
        "coordinates": [
          6.581,
          45.294
        ]
      },
      "properties": {
        "name": "VAL THORENS_SAPC",
        "altitude": 2277,
        "id": 73257005
      }
    },
    {
      "type": "Feature",
      "geometry": {
        "type": "Point",
        "coordinates": [
          6.446167,
          45.238833
        ]
      },
      "properties": {
        "name": "ST-MARTIN DE LA PORTE",
        "altitude": 763,
        "id": 73258001
      }
    },
    {
      "type": "Feature",
      "geometry": {
        "type": "Point",
        "coordinates": [
          6.490833,
          45.223667
        ]
      },
      "properties": {
        "name": "ST-MICHEL DE MAURIENNE LE THYL",
        "altitude": 1345,
        "id": 73261001
      }
    },
    {
      "type": "Feature",
      "geometry": {
        "type": "Point",
        "coordinates": [
          6.4645,
          45.218167
        ]
      },
      "properties": {
        "name": "ST MICHEL MAUR_SAPC",
        "altitude": 698,
        "id": 73261003
      }
    },
    {
      "type": "Feature",
      "geometry": {
        "type": "Point",
        "coordinates": [
          6.216333,
          45.224
        ]
      },
      "properties": {
        "name": "ST-SORLIN D'ARVES",
        "altitude": 1694,
        "id": 73280001
      }
    },
    {
      "type": "Feature",
      "geometry": {
        "type": "Point",
        "coordinates": [
          6.8145,
          45.274833
        ]
      },
      "properties": {
        "name": "TERMIGNON-CLIM",
        "altitude": 1280,
        "id": 73290002
      }
    },
    {
      "type": "Feature",
      "geometry": {
        "type": "Point",
        "coordinates": [
          6.907167,
          45.467
        ]
      },
      "properties": {
        "name": "TIGNES_SAPC",
        "altitude": 2084,
        "id": 73296005
      }
    },
    {
      "type": "Feature",
      "geometry": {
        "type": "Point",
        "coordinates": [
          6.955333,
          45.499667
        ]
      },
      "properties": {
        "name": "LE CHEVRIL-NIVOSE",
        "altitude": 2559,
        "id": 73296406
      }
    },
    {
      "type": "Feature",
      "geometry": {
        "type": "Point",
        "coordinates": [
          6.327667,
          45.627833
        ]
      },
      "properties": {
        "name": "ALBERTVILLE",
        "altitude": 314,
        "id": 73297003
      }
    },
    {
      "type": "Feature",
      "geometry": {
        "type": "Point",
        "coordinates": [
          6.421,
          45.759167
        ]
      },
      "properties": {
        "name": "UGINE",
        "altitude": 539,
        "id": 73303005
      }
    },
    {
      "type": "Feature",
      "geometry": {
        "type": "Point",
        "coordinates": [
          6.978167,
          45.444833
        ]
      },
      "properties": {
        "name": "VAL D'ISERE JOS",
        "altitude": 1850,
        "id": 73304005
      }
    },
    {
      "type": "Feature",
      "geometry": {
        "type": "Point",
        "coordinates": [
          6.469,
          45.085
        ]
      },
      "properties": {
        "name": "LES ROCHILLES-NIVOSE",
        "altitude": 2444,
        "id": 73306401
      }
    },
    {
      "type": "Feature",
      "geometry": {
        "type": "Point",
        "coordinates": [
          6.7035,
          45.190667
        ]
      },
      "properties": {
        "name": "LA NORMA_SAPC",
        "altitude": 1985,
        "id": 73322001
      }
    },
    {
      "type": "Feature",
      "geometry": {
        "type": "Point",
        "coordinates": [
          5.877833,
          45.641333
        ]
      },
      "properties": {
        "name": "CHAMBERY-AIX",
        "altitude": 235,
        "id": 73329001
      }
    },
    {
      "type": "Feature",
      "geometry": {
        "type": "Point",
        "coordinates": [
          6.644,
          46.024667
        ]
      },
      "properties": {
        "name": "LES CARROZ",
        "altitude": 1151,
        "id": 74014002
      }
    },
    {
      "type": "Feature",
      "geometry": {
        "type": "Point",
        "coordinates": [
          6.697167,
          46.002833
        ]
      },
      "properties": {
        "name": "FLAINE_SAPC",
        "altitude": 1611,
        "id": 74014004
      }
    },
    {
      "type": "Feature",
      "geometry": {
        "type": "Point",
        "coordinates": [
          6.431333,
          46.0795
        ]
      },
      "properties": {
        "name": "AYZE",
        "altitude": 449,
        "id": 74024001
      }
    },
    {
      "type": "Feature",
      "geometry": {
        "type": "Point",
        "coordinates": [
          5.944667,
          45.821667
        ]
      },
      "properties": {
        "name": "BLOYE",
        "altitude": 375,
        "id": 74035001
      }
    },
    {
      "type": "Feature",
      "geometry": {
        "type": "Point",
        "coordinates": [
          6.399833,
          46.0685
        ]
      },
      "properties": {
        "name": "BONNEVILLE",
        "altitude": 453,
        "id": 74042003
      }
    },
    {
      "type": "Feature",
      "geometry": {
        "type": "Point",
        "coordinates": [
          6.367667,
          45.7995
        ]
      },
      "properties": {
        "name": "LE BOUCHET_SAPC",
        "altitude": 925,
        "id": 74045001
      }
    },
    {
      "type": "Feature",
      "geometry": {
        "type": "Point",
        "coordinates": [
          6.043167,
          46.031833
        ]
      },
      "properties": {
        "name": "CERCIER",
        "altitude": 492,
        "id": 74051002
      }
    },
    {
      "type": "Feature",
      "geometry": {
        "type": "Point",
        "coordinates": [
          6.8775,
          45.9295
        ]
      },
      "properties": {
        "name": "CHAMONIX",
        "altitude": 1042,
        "id": 74056001
      }
    },
    {
      "type": "Feature",
      "geometry": {
        "type": "Point",
        "coordinates": [
          6.9485,
          46.003833
        ]
      },
      "properties": {
        "name": "LE TOUR",
        "altitude": 1500,
        "id": 74056005
      }
    },
    {
      "type": "Feature",
      "geometry": {
        "type": "Point",
        "coordinates": [
          6.8875,
          45.8785
        ]
      },
      "properties": {
        "name": "AIGUILLE DU MIDI",
        "altitude": 3845,
        "id": 74056006
      }
    },
    {
      "type": "Feature",
      "geometry": {
        "type": "Point",
        "coordinates": [
          6.896833,
          45.986333
        ]
      },
      "properties": {
        "name": "AIGUILLES ROUGES-NIVOSE",
        "altitude": 2365,
        "id": 74056405
      }
    },
    {
      "type": "Feature",
      "geometry": {
        "type": "Point",
        "coordinates": [
          6.958833,
          45.909667
        ]
      },
      "properties": {
        "name": "COUVERCLE-NIVOSE",
        "altitude": 2758,
        "id": 74056421
      }
    },
    {
      "type": "Feature",
      "geometry": {
        "type": "Point",
        "coordinates": [
          6.152167,
          45.782333
        ]
      },
      "properties": {
        "name": "CHAPELLE SAINT-MAURICE_SAPC",
        "altitude": 970,
        "id": 74060001
      }
    },
    {
      "type": "Feature",
      "geometry": {
        "type": "Point",
        "coordinates": [
          6.818833,
          46.255833
        ]
      },
      "properties": {
        "name": "CHATEL",
        "altitude": 1155,
        "id": 74063002
      }
    },
    {
      "type": "Feature",
      "geometry": {
        "type": "Point",
        "coordinates": [
          6.626667,
          45.892833
        ]
      },
      "properties": {
        "name": "COMBLOUX",
        "altitude": 1183,
        "id": 74083002
      }
    },
    {
      "type": "Feature",
      "geometry": {
        "type": "Point",
        "coordinates": [
          6.34,
          46.128667
        ]
      },
      "properties": {
        "name": "CONTAMINE-SUR- ARVE",
        "altitude": 452,
        "id": 74087001
      }
    },
    {
      "type": "Feature",
      "geometry": {
        "type": "Point",
        "coordinates": [
          6.107833,
          45.910833
        ]
      },
      "properties": {
        "name": "CRAN-GEVRIER",
        "altitude": 426,
        "id": 74093001
      }
    },
    {
      "type": "Feature",
      "geometry": {
        "type": "Point",
        "coordinates": [
          6.318333,
          46.302333
        ]
      },
      "properties": {
        "name": "DOUVAINE SA",
        "altitude": 470,
        "id": 74105002
      }
    },
    {
      "type": "Feature",
      "geometry": {
        "type": "Point",
        "coordinates": [
          6.264,
          46.047167
        ]
      },
      "properties": {
        "name": "COL D'EVIRES",
        "altitude": 789,
        "id": 74116004
      }
    },
    {
      "type": "Feature",
      "geometry": {
        "type": "Point",
        "coordinates": [
          6.5665,
          46.3965
        ]
      },
      "properties": {
        "name": "EVIAN",
        "altitude": 395,
        "id": 74119002
      }
    },
    {
      "type": "Feature",
      "geometry": {
        "type": "Point",
        "coordinates": [
          6.5825,
          46.382333
        ]
      },
      "properties": {
        "name": "EVIAN SA",
        "altitude": 725,
        "id": 74119003
      }
    },
    {
      "type": "Feature",
      "geometry": {
        "type": "Point",
        "coordinates": [
          6.210333,
          46.176
        ]
      },
      "properties": {
        "name": "GAILLARD",
        "altitude": 399,
        "id": 74133001
      }
    },
    {
      "type": "Feature",
      "geometry": {
        "type": "Point",
        "coordinates": [
          6.255333,
          45.762667
        ]
      },
      "properties": {
        "name": "GIEZ",
        "altitude": 478,
        "id": 74135001
      }
    },
    {
      "type": "Feature",
      "geometry": {
        "type": "Point",
        "coordinates": [
          6.471833,
          45.973333
        ]
      },
      "properties": {
        "name": "LE GRAND-BORNAND",
        "altitude": 1430,
        "id": 74136005
      }
    },
    {
      "type": "Feature",
      "geometry": {
        "type": "Point",
        "coordinates": [
          6.1745,
          46.012667
        ]
      },
      "properties": {
        "name": "GROISY_SAPC",
        "altitude": 670,
        "id": 74137001
      }
    },
    {
      "type": "Feature",
      "geometry": {
        "type": "Point",
        "coordinates": [
          6.800667,
          45.8925
        ]
      },
      "properties": {
        "name": "HOUCHES (LES)",
        "altitude": 1004,
        "id": 74143003
      }
    },
    {
      "type": "Feature",
      "geometry": {
        "type": "Point",
        "coordinates": [
          6.094,
          45.928167
        ]
      },
      "properties": {
        "name": "MEYTHET",
        "altitude": 455,
        "id": 74182001
      }
    },
    {
      "type": "Feature",
      "geometry": {
        "type": "Point",
        "coordinates": [
          6.692833,
          46.168333
        ]
      },
      "properties": {
        "name": "LE PLENEY",
        "altitude": 1515,
        "id": 74191003
      }
    },
    {
      "type": "Feature",
      "geometry": {
        "type": "Point",
        "coordinates": [
          6.79,
          46.368833
        ]
      },
      "properties": {
        "name": "NOVEL",
        "altitude": 949,
        "id": 74203001
      }
    },
    {
      "type": "Feature",
      "geometry": {
        "type": "Point",
        "coordinates": [
          6.2605,
          46.098
        ]
      },
      "properties": {
        "name": "PERS JUSSY",
        "altitude": 747,
        "id": 74211002
      }
    },
    {
      "type": "Feature",
      "geometry": {
        "type": "Point",
        "coordinates": [
          6.5355,
          46.011333
        ]
      },
      "properties": {
        "name": "REPOSOIR (LE)",
        "altitude": 975,
        "id": 74221001
      }
    },
    {
      "type": "Feature",
      "geometry": {
        "type": "Point",
        "coordinates": [
          6.669,
          45.855333
        ]
      },
      "properties": {
        "name": "MONT ARBOIS",
        "altitude": 1833,
        "id": 74236002
      }
    },
    {
      "type": "Feature",
      "geometry": {
        "type": "Point",
        "coordinates": [
          6.640333,
          45.931667
        ]
      },
      "properties": {
        "name": "SALLANCHES",
        "altitude": 542,
        "id": 74256001
      }
    },
    {
      "type": "Feature",
      "geometry": {
        "type": "Point",
        "coordinates": [
          6.726667,
          46.086667
        ]
      },
      "properties": {
        "name": "SAMOENS",
        "altitude": 785,
        "id": 74258002
      }
    },
    {
      "type": "Feature",
      "geometry": {
        "type": "Point",
        "coordinates": [
          6.767333,
          45.931167
        ]
      },
      "properties": {
        "name": "SERVOZ",
        "altitude": 815,
        "id": 74266001
      }
    },
    {
      "type": "Feature",
      "geometry": {
        "type": "Point",
        "coordinates": [
          6.455,
          46.366667
        ]
      },
      "properties": {
        "name": "THONON-INRAE",
        "altitude": 376,
        "id": 74281001
      }
    },
    {
      "type": "Feature",
      "geometry": {
        "type": "Point",
        "coordinates": [
          5.8445,
          46.013
        ]
      },
      "properties": {
        "name": "USINENS SA",
        "altitude": 452,
        "id": 74285002
      }
    },
    {
      "type": "Feature",
      "geometry": {
        "type": "Point",
        "coordinates": [
          6.669833,
          46.316333
        ]
      },
      "properties": {
        "name": "VACHERESSE",
        "altitude": 790,
        "id": 74286001
      }
    },
    {
      "type": "Feature",
      "geometry": {
        "type": "Point",
        "coordinates": [
          6.919167,
          46.0205
        ]
      },
      "properties": {
        "name": "VALLORCINE",
        "altitude": 1326,
        "id": 74290003
      }
    },
    {
      "type": "Feature",
      "geometry": {
        "type": "Point",
        "coordinates": [
          2.3385,
          48.844833
        ]
      },
      "properties": {
        "name": "LUXEMBOURG",
        "altitude": 50,
        "id": 75106001
      }
    },
    {
      "type": "Feature",
      "geometry": {
        "type": "Point",
        "coordinates": [
          2.2945,
          48.858333
        ]
      },
      "properties": {
        "name": "TOUR EIFFEL",
        "altitude": 330,
        "id": 75107005
      }
    },
    {
      "type": "Feature",
      "geometry": {
        "type": "Point",
        "coordinates": [
          2.352,
          48.882833
        ]
      },
      "properties": {
        "name": "LARIBOISIERE",
        "altitude": 55,
        "id": 75110001
      }
    },
    {
      "type": "Feature",
      "geometry": {
        "type": "Point",
        "coordinates": [
          2.337833,
          48.821667
        ]
      },
      "properties": {
        "name": "PARIS-MONTSOURIS",
        "altitude": 75,
        "id": 75114001
      }
    },
    {
      "type": "Feature",
      "geometry": {
        "type": "Point",
        "coordinates": [
          2.337833,
          48.821667
        ]
      },
      "properties": {
        "name": "PARIS-MONTSOURIS-DOUBLE",
        "altitude": 75,
        "id": 75114007
      }
    },
    {
      "type": "Feature",
      "geometry": {
        "type": "Point",
        "coordinates": [
          2.233667,
          48.854833
        ]
      },
      "properties": {
        "name": "LONGCHAMP",
        "altitude": 27,
        "id": 75116008
      }
    },
    {
      "type": "Feature",
      "geometry": {
        "type": "Point",
        "coordinates": [
          1.178333,
          49.3895
        ]
      },
      "properties": {
        "name": "ROUEN-BOOS",
        "altitude": 156,
        "id": 76116001
      }
    },
    {
      "type": "Feature",
      "geometry": {
        "type": "Point",
        "coordinates": [
          1.5025,
          49.733167
        ]
      },
      "properties": {
        "name": "BOUELLES",
        "altitude": 232,
        "id": 76130001
      }
    },
    {
      "type": "Feature",
      "geometry": {
        "type": "Point",
        "coordinates": [
          1.439833,
          49.538167
        ]
      },
      "properties": {
        "name": "LA CHAPELLE-SAINT-OUEN_SAPC",
        "altitude": 197,
        "id": 76171001
      }
    },
    {
      "type": "Feature",
      "geometry": {
        "type": "Point",
        "coordinates": [
          1.716,
          49.507833
        ]
      },
      "properties": {
        "name": "CUY SAINT FIACRE_SAPC",
        "altitude": 104,
        "id": 76208001
      }
    },
    {
      "type": "Feature",
      "geometry": {
        "type": "Point",
        "coordinates": [
          1.09,
          49.932833
        ]
      },
      "properties": {
        "name": "DIEPPE",
        "altitude": 40,
        "id": 76217001
      }
    },
    {
      "type": "Feature",
      "geometry": {
        "type": "Point",
        "coordinates": [
          0.816667,
          49.646667
        ]
      },
      "properties": {
        "name": "ECTOT LES BAONS",
        "altitude": 150,
        "id": 76228001
      }
    },
    {
      "type": "Feature",
      "geometry": {
        "type": "Point",
        "coordinates": [
          1.421,
          50.058
        ]
      },
      "properties": {
        "name": "EU",
        "altitude": 13,
        "id": 76255002
      }
    },
    {
      "type": "Feature",
      "geometry": {
        "type": "Point",
        "coordinates": [
          0.369167,
          49.767167
        ]
      },
      "properties": {
        "name": "FECAMP",
        "altitude": 104,
        "id": 76259001
      }
    },
    {
      "type": "Feature",
      "geometry": {
        "type": "Point",
        "coordinates": [
          1.5225,
          49.6025
        ]
      },
      "properties": {
        "name": "FORGES",
        "altitude": 160,
        "id": 76276001
      }
    },
    {
      "type": "Feature",
      "geometry": {
        "type": "Point",
        "coordinates": [
          0.368167,
          49.642333
        ]
      },
      "properties": {
        "name": "GODERVILLE",
        "altitude": 118,
        "id": 76302002
      }
    },
    {
      "type": "Feature",
      "geometry": {
        "type": "Point",
        "coordinates": [
          0.820833,
          49.435833
        ]
      },
      "properties": {
        "name": "JUMIEGES",
        "altitude": 30,
        "id": 76378001
      }
    },
    {
      "type": "Feature",
      "geometry": {
        "type": "Point",
        "coordinates": [
          0.770667,
          49.494
        ]
      },
      "properties": {
        "name": "NOTRE-DAME DE BLIQUETUIT",
        "altitude": 4,
        "id": 76473001
      }
    },
    {
      "type": "Feature",
      "geometry": {
        "type": "Point",
        "coordinates": [
          0.091667,
          49.533
        ]
      },
      "properties": {
        "name": "OCTEVILLE",
        "altitude": 90,
        "id": 76481001
      }
    },
    {
      "type": "Feature",
      "geometry": {
        "type": "Point",
        "coordinates": [
          1.077333,
          49.422667
        ]
      },
      "properties": {
        "name": "ROUEN - JARDIN",
        "altitude": 21,
        "id": 76540009
      }
    },
    {
      "type": "Feature",
      "geometry": {
        "type": "Point",
        "coordinates": [
          0.071167,
          49.509
        ]
      },
      "properties": {
        "name": "CAP-DE-LA-HEVE",
        "altitude": 100,
        "id": 76552001
      }
    },
    {
      "type": "Feature",
      "geometry": {
        "type": "Point",
        "coordinates": [
          1.167167,
          49.8395
        ]
      },
      "properties": {
        "name": "ST-GERMAIN-D'ETABLES",
        "altitude": 22,
        "id": 76582001
      }
    },
    {
      "type": "Feature",
      "geometry": {
        "type": "Point",
        "coordinates": [
          0.673667,
          49.705667
        ]
      },
      "properties": {
        "name": "SOMMESNIL",
        "altitude": 101,
        "id": 76679001
      }
    },
    {
      "type": "Feature",
      "geometry": {
        "type": "Point",
        "coordinates": [
          0.567667,
          49.8145
        ]
      },
      "properties": {
        "name": "VINNEMERVILLE",
        "altitude": 86,
        "id": 76746001
      }
    },
    {
      "type": "Feature",
      "geometry": {
        "type": "Point",
        "coordinates": [
          3.023333,
          48.351667
        ]
      },
      "properties": {
        "name": "LA BROSSE-MX",
        "altitude": 77,
        "id": 77054001
      }
    },
    {
      "type": "Feature",
      "geometry": {
        "type": "Point",
        "coordinates": [
          3.011833,
          48.964667
        ]
      },
      "properties": {
        "name": "CHANGIS",
        "altitude": 70,
        "id": 77084001
      }
    },
    {
      "type": "Feature",
      "geometry": {
        "type": "Point",
        "coordinates": [
          3.203333,
          48.726833
        ]
      },
      "properties": {
        "name": "CHEVRU",
        "altitude": 158,
        "id": 77113002
      }
    },
    {
      "type": "Feature",
      "geometry": {
        "type": "Point",
        "coordinates": [
          3.070333,
          49.092833
        ]
      },
      "properties": {
        "name": "CROUY-SUR-OURCQ",
        "altitude": 62,
        "id": 77148002
      }
    },
    {
      "type": "Feature",
      "geometry": {
        "type": "Point",
        "coordinates": [
          3.1265,
          48.474667
        ]
      },
      "properties": {
        "name": "DONNEMARIE",
        "altitude": 97,
        "id": 77159001
      }
    },
    {
      "type": "Feature",
      "geometry": {
        "type": "Point",
        "coordinates": [
          2.6785,
          48.406
        ]
      },
      "properties": {
        "name": "FONTAINEBLEAU_SAPC",
        "altitude": 84,
        "id": 77186002
      }
    },
    {
      "type": "Feature",
      "geometry": {
        "type": "Point",
        "coordinates": [
          3.007667,
          48.595333
        ]
      },
      "properties": {
        "name": "NANGIS",
        "altitude": 128,
        "id": 77211001
      }
    },
    {
      "type": "Feature",
      "geometry": {
        "type": "Point",
        "coordinates": [
          3.125167,
          48.6895
        ]
      },
      "properties": {
        "name": "JOUY-LE-CHATEL",
        "altitude": 135,
        "id": 77239001
      }
    },
    {
      "type": "Feature",
      "geometry": {
        "type": "Point",
        "coordinates": [
          2.6795,
          48.610333
        ]
      },
      "properties": {
        "name": "MELUN",
        "altitude": 91,
        "id": 77306001
      }
    },
    {
      "type": "Feature",
      "geometry": {
        "type": "Point",
        "coordinates": [
          3.0585,
          48.847
        ]
      },
      "properties": {
        "name": "MOUROUX_SAPC",
        "altitude": 148,
        "id": 77320002
      }
    },
    {
      "type": "Feature",
      "geometry": {
        "type": "Point",
        "coordinates": [
          2.715,
          48.27
        ]
      },
      "properties": {
        "name": "NEMOURS",
        "altitude": 73,
        "id": 77333003
      }
    },
    {
      "type": "Feature",
      "geometry": {
        "type": "Point",
        "coordinates": [
          3.210167,
          48.536167
        ]
      },
      "properties": {
        "name": "ST-LOUP-DE-NAUD",
        "altitude": 99,
        "id": 77418001
      }
    },
    {
      "type": "Feature",
      "geometry": {
        "type": "Point",
        "coordinates": [
          2.651,
          48.8635
        ]
      },
      "properties": {
        "name": "TORCY",
        "altitude": 43,
        "id": 77468001
      }
    },
    {
      "type": "Feature",
      "geometry": {
        "type": "Point",
        "coordinates": [
          2.934667,
          48.221833
        ]
      },
      "properties": {
        "name": "VAUX-SUR-LUNAIN",
        "altitude": 136,
        "id": 77489001
      }
    },
    {
      "type": "Feature",
      "geometry": {
        "type": "Point",
        "coordinates": [
          3.350333,
          48.612667
        ]
      },
      "properties": {
        "name": "VOULTON_SAPC",
        "altitude": 175,
        "id": 77530001
      }
    },
    {
      "type": "Feature",
      "geometry": {
        "type": "Point",
        "coordinates": [
          2.126,
          48.983167
        ]
      },
      "properties": {
        "name": "ACHERES",
        "altitude": 31,
        "id": 78005002
      }
    },
    {
      "type": "Feature",
      "geometry": {
        "type": "Point",
        "coordinates": [
          1.674167,
          48.963667
        ]
      },
      "properties": {
        "name": "MAGNANVILLE",
        "altitude": 123,
        "id": 78354001
      }
    },
    {
      "type": "Feature",
      "geometry": {
        "type": "Point",
        "coordinates": [
          1.854833,
          48.907667
        ]
      },
      "properties": {
        "name": "MAULE",
        "altitude": 33,
        "id": 78380001
      }
    },
    {
      "type": "Feature",
      "geometry": {
        "type": "Point",
        "coordinates": [
          2.115833,
          48.887833
        ]
      },
      "properties": {
        "name": "LE PECQ",
        "altitude": 27,
        "id": 78481001
      }
    },
    {
      "type": "Feature",
      "geometry": {
        "type": "Point",
        "coordinates": [
          1.867,
          48.693667
        ]
      },
      "properties": {
        "name": "LE PERRAY",
        "altitude": 174,
        "id": 78486002
      }
    },
    {
      "type": "Feature",
      "geometry": {
        "type": "Point",
        "coordinates": [
          1.673333,
          48.867833
        ]
      },
      "properties": {
        "name": "PRUNAY-LE-TEMPLE_SAPC",
        "altitude": 107,
        "id": 78505001
      }
    },
    {
      "type": "Feature",
      "geometry": {
        "type": "Point",
        "coordinates": [
          1.745833,
          48.706667
        ]
      },
      "properties": {
        "name": "ST-LEGER_SAPC",
        "altitude": 176,
        "id": 78562001
      }
    },
    {
      "type": "Feature",
      "geometry": {
        "type": "Point",
        "coordinates": [
          2.1135,
          48.750667
        ]
      },
      "properties": {
        "name": "TOUSSUS LE NOBLE",
        "altitude": 154,
        "id": 78620001
      }
    },
    {
      "type": "Feature",
      "geometry": {
        "type": "Point",
        "coordinates": [
          2.009833,
          48.774333
        ]
      },
      "properties": {
        "name": "TRAPPES",
        "altitude": 167,
        "id": 78621001
      }
    },
    {
      "type": "Feature",
      "geometry": {
        "type": "Point",
        "coordinates": [
          2.204,
          48.7725
        ]
      },
      "properties": {
        "name": "VILLACOUBLAY",
        "altitude": 174,
        "id": 78640001
      }
    },
    {
      "type": "Feature",
      "geometry": {
        "type": "Point",
        "coordinates": [
          2.09,
          48.803333
        ]
      },
      "properties": {
        "name": "VERSAILLES- INRAE",
        "altitude": 121,
        "id": 78646002
      }
    },
    {
      "type": "Feature",
      "geometry": {
        "type": "Point",
        "coordinates": [
          -0.584167,
          46.941167
        ]
      },
      "properties": {
        "name": "NUEIL-LES-AUBIERS",
        "altitude": 118,
        "id": 79017001
      }
    },
    {
      "type": "Feature",
      "geometry": {
        "type": "Point",
        "coordinates": [
          -0.515833,
          46.839833
        ]
      },
      "properties": {
        "name": "BRESSUIRE",
        "altitude": 191,
        "id": 79049004
      }
    },
    {
      "type": "Feature",
      "geometry": {
        "type": "Point",
        "coordinates": [
          -0.757833,
          46.928833
        ]
      },
      "properties": {
        "name": "MAULEON_SAPC",
        "altitude": 150,
        "id": 79079013
      }
    },
    {
      "type": "Feature",
      "geometry": {
        "type": "Point",
        "coordinates": [
          -0.253667,
          46.856333
        ]
      },
      "properties": {
        "name": "GLENAY_SAPC",
        "altitude": 121,
        "id": 79134001
      }
    },
    {
      "type": "Feature",
      "geometry": {
        "type": "Point",
        "coordinates": [
          -0.011667,
          46.259
        ]
      },
      "properties": {
        "name": "LEZAY",
        "altitude": 128,
        "id": 79148001
      }
    },
    {
      "type": "Feature",
      "geometry": {
        "type": "Point",
        "coordinates": [
          -0.151333,
          46.235
        ]
      },
      "properties": {
        "name": "MELLE",
        "altitude": 136,
        "id": 79174002
      }
    },
    {
      "type": "Feature",
      "geometry": {
        "type": "Point",
        "coordinates": [
          -0.064333,
          46.494
        ]
      },
      "properties": {
        "name": "MENIGOUTE_SAPC",
        "altitude": 138,
        "id": 79176001
      }
    },
    {
      "type": "Feature",
      "geometry": {
        "type": "Point",
        "coordinates": [
          -0.400167,
          46.315833
        ]
      },
      "properties": {
        "name": "NIORT",
        "altitude": 57,
        "id": 79191005
      }
    },
    {
      "type": "Feature",
      "geometry": {
        "type": "Point",
        "coordinates": [
          -0.261,
          46.636833
        ]
      },
      "properties": {
        "name": "PARTHENAY_SAPC",
        "altitude": 159,
        "id": 79202003
      }
    },
    {
      "type": "Feature",
      "geometry": {
        "type": "Point",
        "coordinates": [
          -0.401833,
          46.6605
        ]
      },
      "properties": {
        "name": "POUGNE-HERISSON_SAPC",
        "altitude": 196,
        "id": 79215001
      }
    },
    {
      "type": "Feature",
      "geometry": {
        "type": "Point",
        "coordinates": [
          -0.668667,
          46.231
        ]
      },
      "properties": {
        "name": "PRIN-DEYRANCON_SAPC",
        "altitude": 8,
        "id": 79220002
      }
    },
    {
      "type": "Feature",
      "geometry": {
        "type": "Point",
        "coordinates": [
          -0.210333,
          46.417
        ]
      },
      "properties": {
        "name": "SAINT-MAIXENT-L-ECOLE_SAPC",
        "altitude": 83,
        "id": 79270003
      }
    },
    {
      "type": "Feature",
      "geometry": {
        "type": "Point",
        "coordinates": [
          -0.571167,
          46.617167
        ]
      },
      "properties": {
        "name": "SCILLE",
        "altitude": 247,
        "id": 79309001
      }
    },
    {
      "type": "Feature",
      "geometry": {
        "type": "Point",
        "coordinates": [
          -0.4385,
          46.605333
        ]
      },
      "properties": {
        "name": "SECONDIGNY",
        "altitude": 198,
        "id": 79311002
      }
    },
    {
      "type": "Feature",
      "geometry": {
        "type": "Point",
        "coordinates": [
          -0.460333,
          46.459667
        ]
      },
      "properties": {
        "name": "SURIN_SAPC",
        "altitude": 100,
        "id": 79320002
      }
    },
    {
      "type": "Feature",
      "geometry": {
        "type": "Point",
        "coordinates": [
          -0.020333,
          46.725333
        ]
      },
      "properties": {
        "name": "THENEZAY STNA",
        "altitude": 132,
        "id": 79326004
      }
    },
    {
      "type": "Feature",
      "geometry": {
        "type": "Point",
        "coordinates": [
          -0.207,
          46.989167
        ]
      },
      "properties": {
        "name": "THOUARS-STNA",
        "altitude": 81,
        "id": 79329001
      }
    },
    {
      "type": "Feature",
      "geometry": {
        "type": "Point",
        "coordinates": [
          1.834,
          50.136
        ]
      },
      "properties": {
        "name": "ABBEVILLE",
        "altitude": 69,
        "id": 80001001
      }
    },
    {
      "type": "Feature",
      "geometry": {
        "type": "Point",
        "coordinates": [
          1.9295,
          49.883667
        ]
      },
      "properties": {
        "name": "AUMONT",
        "altitude": 119,
        "id": 80041001
      }
    },
    {
      "type": "Feature",
      "geometry": {
        "type": "Point",
        "coordinates": [
          2.1805,
          50.139333
        ]
      },
      "properties": {
        "name": "BERNAVILLE",
        "altitude": 146,
        "id": 80086002
      }
    },
    {
      "type": "Feature",
      "geometry": {
        "type": "Point",
        "coordinates": [
          1.521167,
          50.187167
        ]
      },
      "properties": {
        "name": "CAYEUX-SUR-MER",
        "altitude": 4,
        "id": 80182003
      }
    },
    {
      "type": "Feature",
      "geometry": {
        "type": "Point",
        "coordinates": [
          1.9205,
          50.301
        ]
      },
      "properties": {
        "name": "DOMPIERRE-SUR-AUTHIE",
        "altitude": 36,
        "id": 80248001
      }
    },
    {
      "type": "Feature",
      "geometry": {
        "type": "Point",
        "coordinates": [
          2.3485,
          50.147667
        ]
      },
      "properties": {
        "name": "DOULLENS",
        "altitude": 59,
        "id": 80253002
      }
    },
    {
      "type": "Feature",
      "geometry": {
        "type": "Point",
        "coordinates": [
          3.1215,
          50.001167
        ]
      },
      "properties": {
        "name": "EPEHY_SAPC",
        "altitude": 117,
        "id": 80271002
      }
    },
    {
      "type": "Feature",
      "geometry": {
        "type": "Point",
        "coordinates": [
          2.3825,
          49.872
        ]
      },
      "properties": {
        "name": "AMIENS-GLISY",
        "altitude": 60,
        "id": 80379002
      }
    },
    {
      "type": "Feature",
      "geometry": {
        "type": "Point",
        "coordinates": [
          2.703833,
          49.971833
        ]
      },
      "properties": {
        "name": "MEAULTE",
        "altitude": 107,
        "id": 80523001
      }
    },
    {
      "type": "Feature",
      "geometry": {
        "type": "Point",
        "coordinates": [
          3.031167,
          49.874833
        ]
      },
      "properties": {
        "name": "ESTREES-MONS-INRAE",
        "altitude": 87,
        "id": 80557001
      }
    },
    {
      "type": "Feature",
      "geometry": {
        "type": "Point",
        "coordinates": [
          1.77,
          49.956833
        ]
      },
      "properties": {
        "name": "OISEMONT_SAPC",
        "altitude": 121,
        "id": 80606002
      }
    },
    {
      "type": "Feature",
      "geometry": {
        "type": "Point",
        "coordinates": [
          2.5545,
          49.754333
        ]
      },
      "properties": {
        "name": "LE-PLESSIER-ROZAINVILLERS",
        "altitude": 105,
        "id": 80628001
      }
    },
    {
      "type": "Feature",
      "geometry": {
        "type": "Point",
        "coordinates": [
          1.98,
          49.778167
        ]
      },
      "properties": {
        "name": "POIX-DE-PICARDIE",
        "altitude": 109,
        "id": 80630001
      }
    },
    {
      "type": "Feature",
      "geometry": {
        "type": "Point",
        "coordinates": [
          2.698333,
          49.765167
        ]
      },
      "properties": {
        "name": "ROUVROY-EN-SANTERRE",
        "altitude": 95,
        "id": 80682001
      }
    },
    {
      "type": "Feature",
      "geometry": {
        "type": "Point",
        "coordinates": [
          1.582333,
          50.285667
        ]
      },
      "properties": {
        "name": "SAINT-QUENTIN EN TT",
        "altitude": 5,
        "id": 80713001
      }
    },
    {
      "type": "Feature",
      "geometry": {
        "type": "Point",
        "coordinates": [
          2.897667,
          49.877167
        ]
      },
      "properties": {
        "name": "VILLERS-CARBONNEL",
        "altitude": 81,
        "id": 80801001
      }
    },
    {
      "type": "Feature",
      "geometry": {
        "type": "Point",
        "coordinates": [
          2.561667,
          43.556833
        ]
      },
      "properties": {
        "name": "ANGLES",
        "altitude": 743,
        "id": 81014001
      }
    },
    {
      "type": "Feature",
      "geometry": {
        "type": "Point",
        "coordinates": [
          1.955833,
          44.074333
        ]
      },
      "properties": {
        "name": "CORDES",
        "altitude": 174,
        "id": 81069001
      }
    },
    {
      "type": "Feature",
      "geometry": {
        "type": "Point",
        "coordinates": [
          2.139667,
          43.491333
        ]
      },
      "properties": {
        "name": "DOURGNE",
        "altitude": 234,
        "id": 81081002
      }
    },
    {
      "type": "Feature",
      "geometry": {
        "type": "Point",
        "coordinates": [
          2.657833,
          43.478333
        ]
      },
      "properties": {
        "name": "LABASTIDE-ROUAIROUX",
        "altitude": 448,
        "id": 81115002
      }
    },
    {
      "type": "Feature",
      "geometry": {
        "type": "Point",
        "coordinates": [
          2.704,
          43.708167
        ]
      },
      "properties": {
        "name": "LACAUNE",
        "altitude": 811,
        "id": 81124001
      }
    },
    {
      "type": "Feature",
      "geometry": {
        "type": "Point",
        "coordinates": [
          1.866167,
          43.693667
        ]
      },
      "properties": {
        "name": "LAVAUR",
        "altitude": 131,
        "id": 81140002
      }
    },
    {
      "type": "Feature",
      "geometry": {
        "type": "Point",
        "coordinates": [
          2.3555,
          43.725
        ]
      },
      "properties": {
        "name": "MONTREDON-LABESSONNIE",
        "altitude": 566,
        "id": 81182004
      }
    },
    {
      "type": "Feature",
      "geometry": {
        "type": "Point",
        "coordinates": [
          1.680667,
          43.981
        ]
      },
      "properties": {
        "name": "PUYCELSI",
        "altitude": 260,
        "id": 81217002
      }
    },
    {
      "type": "Feature",
      "geometry": {
        "type": "Point",
        "coordinates": [
          2.116333,
          43.914667
        ]
      },
      "properties": {
        "name": "ALBI",
        "altitude": 172,
        "id": 81284001
      }
    },
    {
      "type": "Feature",
      "geometry": {
        "type": "Point",
        "coordinates": [
          2.279667,
          44.107167
        ]
      },
      "properties": {
        "name": "TANUS",
        "altitude": 537,
        "id": 81292001
      }
    },
    {
      "type": "Feature",
      "geometry": {
        "type": "Point",
        "coordinates": [
          1.129,
          44.086833
        ]
      },
      "properties": {
        "name": "CASTELSARRASIN",
        "altitude": 73,
        "id": 82033005
      }
    },
    {
      "type": "Feature",
      "geometry": {
        "type": "Point",
        "coordinates": [
          1.704167,
          44.220167
        ]
      },
      "properties": {
        "name": "CAYLUS",
        "altitude": 274,
        "id": 82038006
      }
    },
    {
      "type": "Feature",
      "geometry": {
        "type": "Point",
        "coordinates": [
          1.1155,
          44.271
        ]
      },
      "properties": {
        "name": "LAUZERTE",
        "altitude": 231,
        "id": 82094004
      }
    },
    {
      "type": "Feature",
      "geometry": {
        "type": "Point",
        "coordinates": [
          1.376667,
          44.028
        ]
      },
      "properties": {
        "name": "MONTAUBAN",
        "altitude": 106,
        "id": 82121002
      }
    },
    {
      "type": "Feature",
      "geometry": {
        "type": "Point",
        "coordinates": [
          1.466167,
          44.173167
        ]
      },
      "properties": {
        "name": "ST-VINCENT",
        "altitude": 191,
        "id": 82174001
      }
    },
    {
      "type": "Feature",
      "geometry": {
        "type": "Point",
        "coordinates": [
          1.175,
          43.824167
        ]
      },
      "properties": {
        "name": "SAVENES",
        "altitude": 156,
        "id": 82178002
      }
    },
    {
      "type": "Feature",
      "geometry": {
        "type": "Point",
        "coordinates": [
          1.068333,
          43.931833
        ]
      },
      "properties": {
        "name": "SERIGNAC",
        "altitude": 151,
        "id": 82180001
      }
    },
    {
      "type": "Feature",
      "geometry": {
        "type": "Point",
        "coordinates": [
          6.244833,
          43.7945
        ]
      },
      "properties": {
        "name": "AIGUINES_SAPC",
        "altitude": 563,
        "id": 83002004
      }
    },
    {
      "type": "Feature",
      "geometry": {
        "type": "Point",
        "coordinates": [
          6.470833,
          43.451
        ]
      },
      "properties": {
        "name": "LES ARCS_SAPC",
        "altitude": 55,
        "id": 83004004
      }
    },
    {
      "type": "Feature",
      "geometry": {
        "type": "Point",
        "coordinates": [
          6.1875,
          43.641
        ]
      },
      "properties": {
        "name": "AUPS",
        "altitude": 497,
        "id": 83007004
      }
    },
    {
      "type": "Feature",
      "geometry": {
        "type": "Point",
        "coordinates": [
          6.379333,
          43.195167
        ]
      },
      "properties": {
        "name": "BORMES LES MIMOSAS",
        "altitude": 88,
        "id": 83019002
      }
    },
    {
      "type": "Feature",
      "geometry": {
        "type": "Point",
        "coordinates": [
          6.386167,
          43.383167
        ]
      },
      "properties": {
        "name": "LE LUC",
        "altitude": 80,
        "id": 83031001
      }
    },
    {
      "type": "Feature",
      "geometry": {
        "type": "Point",
        "coordinates": [
          5.784667,
          43.252167
        ]
      },
      "properties": {
        "name": "LE CASTELLET-AERO",
        "altitude": 417,
        "id": 83035001
      }
    },
    {
      "type": "Feature",
      "geometry": {
        "type": "Point",
        "coordinates": [
          5.7725,
          43.1845
        ]
      },
      "properties": {
        "name": "LE CASTELLET_SAPC",
        "altitude": 66,
        "id": 83035002
      }
    },
    {
      "type": "Feature",
      "geometry": {
        "type": "Point",
        "coordinates": [
          6.510333,
          43.261667
        ]
      },
      "properties": {
        "name": "COGOLIN_SAPC",
        "altitude": 31,
        "id": 83042001
      }
    },
    {
      "type": "Feature",
      "geometry": {
        "type": "Point",
        "coordinates": [
          6.258,
          43.232167
        ]
      },
      "properties": {
        "name": "COLLOBRIERES_SAPC",
        "altitude": 128,
        "id": 83043005
      }
    },
    {
      "type": "Feature",
      "geometry": {
        "type": "Point",
        "coordinates": [
          6.471333,
          43.658833
        ]
      },
      "properties": {
        "name": "COMPS-SUR-ARTUBY",
        "altitude": 892,
        "id": 83044003
      }
    },
    {
      "type": "Feature",
      "geometry": {
        "type": "Point",
        "coordinates": [
          6.131333,
          43.247667
        ]
      },
      "properties": {
        "name": "CUERS",
        "altitude": 72,
        "id": 83049005
      }
    },
    {
      "type": "Feature",
      "geometry": {
        "type": "Point",
        "coordinates": [
          6.453333,
          43.526167
        ]
      },
      "properties": {
        "name": "DRAGUIGNAN_SAPC",
        "altitude": 173,
        "id": 83050007
      }
    },
    {
      "type": "Feature",
      "geometry": {
        "type": "Point",
        "coordinates": [
          6.252167,
          43.521333
        ]
      },
      "properties": {
        "name": "ENTRECASTEAUX",
        "altitude": 279,
        "id": 83051001
      }
    },
    {
      "type": "Feature",
      "geometry": {
        "type": "Point",
        "coordinates": [
          6.738,
          43.4235
        ]
      },
      "properties": {
        "name": "FREJUS",
        "altitude": 7,
        "id": 83061001
      }
    },
    {
      "type": "Feature",
      "geometry": {
        "type": "Point",
        "coordinates": [
          6.8155,
          43.502667
        ]
      },
      "properties": {
        "name": "FREJUS MONT VINAIGRE",
        "altitude": 560,
        "id": 83061007
      }
    },
    {
      "type": "Feature",
      "geometry": {
        "type": "Point",
        "coordinates": [
          6.147,
          43.1005
        ]
      },
      "properties": {
        "name": "HYERES",
        "altitude": 2,
        "id": 83069001
      }
    },
    {
      "type": "Feature",
      "geometry": {
        "type": "Point",
        "coordinates": [
          6.227167,
          43.000167
        ]
      },
      "properties": {
        "name": "PORQUEROLLES",
        "altitude": 143,
        "id": 83069002
      }
    },
    {
      "type": "Feature",
      "geometry": {
        "type": "Point",
        "coordinates": [
          6.469333,
          43.0325
        ]
      },
      "properties": {
        "name": "ILE DU LEVANT",
        "altitude": 118,
        "id": 83069003
      }
    },
    {
      "type": "Feature",
      "geometry": {
        "type": "Point",
        "coordinates": [
          6.598667,
          43.770667
        ]
      },
      "properties": {
        "name": "LA MARTRE",
        "altitude": 967,
        "id": 83074002
      }
    },
    {
      "type": "Feature",
      "geometry": {
        "type": "Point",
        "coordinates": [
          6.358333,
          43.316833
        ]
      },
      "properties": {
        "name": "LES MAYONS_SAPC",
        "altitude": 147,
        "id": 83075001
      }
    },
    {
      "type": "Feature",
      "geometry": {
        "type": "Point",
        "coordinates": [
          5.964833,
          43.258
        ]
      },
      "properties": {
        "name": "MEOUNES LES MONTRIEUX_SAPC",
        "altitude": 309,
        "id": 83077001
      }
    },
    {
      "type": "Feature",
      "geometry": {
        "type": "Point",
        "coordinates": [
          6.710167,
          43.694333
        ]
      },
      "properties": {
        "name": "MONS",
        "altitude": 878,
        "id": 83080001
      }
    },
    {
      "type": "Feature",
      "geometry": {
        "type": "Point",
        "coordinates": [
          6.127,
          43.469667
        ]
      },
      "properties": {
        "name": "MONTFORT-SUR-ARGENS_SAPC",
        "altitude": 141,
        "id": 83083001
      }
    },
    {
      "type": "Feature",
      "geometry": {
        "type": "Point",
        "coordinates": [
          5.728333,
          43.342667
        ]
      },
      "properties": {
        "name": "PLAN D'AUPS - STE BAUME_SAPC",
        "altitude": 605,
        "id": 83093005
      }
    },
    {
      "type": "Feature",
      "geometry": {
        "type": "Point",
        "coordinates": [
          6.6745,
          43.2005
        ]
      },
      "properties": {
        "name": "CAP CAMARAT",
        "altitude": 107,
        "id": 83101001
      }
    },
    {
      "type": "Feature",
      "geometry": {
        "type": "Point",
        "coordinates": [
          6.105167,
          43.668167
        ]
      },
      "properties": {
        "name": "REGUSSE",
        "altitude": 561,
        "id": 83102005
      }
    },
    {
      "type": "Feature",
      "geometry": {
        "type": "Point",
        "coordinates": [
          5.7525,
          43.618167
        ]
      },
      "properties": {
        "name": "RIANS",
        "altitude": 390,
        "id": 83104001
      }
    },
    {
      "type": "Feature",
      "geometry": {
        "type": "Point",
        "coordinates": [
          5.847833,
          43.4775
        ]
      },
      "properties": {
        "name": "ST MAXIMIN LA STE BAUME",
        "altitude": 294,
        "id": 83116022
      }
    },
    {
      "type": "Feature",
      "geometry": {
        "type": "Point",
        "coordinates": [
          6.852833,
          43.4145
        ]
      },
      "properties": {
        "name": "LE DRAMONT",
        "altitude": 124,
        "id": 83118002
      }
    },
    {
      "type": "Feature",
      "geometry": {
        "type": "Point",
        "coordinates": [
          6.622167,
          43.580167
        ]
      },
      "properties": {
        "name": "SEILLANS",
        "altitude": 278,
        "id": 83124002
      }
    },
    {
      "type": "Feature",
      "geometry": {
        "type": "Point",
        "coordinates": [
          5.9005,
          43.114
        ]
      },
      "properties": {
        "name": "TOULON",
        "altitude": 3,
        "id": 83137001
      }
    },
    {
      "type": "Feature",
      "geometry": {
        "type": "Point",
        "coordinates": [
          5.962833,
          43.593833
        ]
      },
      "properties": {
        "name": "VARAGES",
        "altitude": 348,
        "id": 83145001
      }
    },
    {
      "type": "Feature",
      "geometry": {
        "type": "Point",
        "coordinates": [
          6.525,
          43.386667
        ]
      },
      "properties": {
        "name": "VIDAUBAN",
        "altitude": 282,
        "id": 83148002
      }
    },
    {
      "type": "Feature",
      "geometry": {
        "type": "Point",
        "coordinates": [
          5.782667,
          43.734
        ]
      },
      "properties": {
        "name": "VINON SUR VERDON",
        "altitude": 271,
        "id": 83150002
      }
    },
    {
      "type": "Feature",
      "geometry": {
        "type": "Point",
        "coordinates": [
          5.940833,
          43.079333
        ]
      },
      "properties": {
        "name": "CAP CEPET",
        "altitude": 115,
        "id": 83153001
      }
    },
    {
      "type": "Feature",
      "geometry": {
        "type": "Point",
        "coordinates": [
          5.414,
          43.881
        ]
      },
      "properties": {
        "name": "APT-VITON",
        "altitude": 242,
        "id": 84003002
      }
    },
    {
      "type": "Feature",
      "geometry": {
        "type": "Point",
        "coordinates": [
          5.381833,
          43.892
        ]
      },
      "properties": {
        "name": "APT",
        "altitude": 222,
        "id": 84003003
      }
    },
    {
      "type": "Feature",
      "geometry": {
        "type": "Point",
        "coordinates": [
          4.9025,
          43.911333
        ]
      },
      "properties": {
        "name": "AVIGNON",
        "altitude": 34,
        "id": 84007005
      }
    },
    {
      "type": "Feature",
      "geometry": {
        "type": "Point",
        "coordinates": [
          5.615,
          43.787333
        ]
      },
      "properties": {
        "name": "LA BASTIDE DES JOURDANS",
        "altitude": 381,
        "id": 84009002
      }
    },
    {
      "type": "Feature",
      "geometry": {
        "type": "Point",
        "coordinates": [
          5.255833,
          44.180667
        ]
      },
      "properties": {
        "name": "BEAUMONT-MT  SEREIN",
        "altitude": 1445,
        "id": 84015002
      }
    },
    {
      "type": "Feature",
      "geometry": {
        "type": "Point",
        "coordinates": [
          5.164833,
          43.883667
        ]
      },
      "properties": {
        "name": "CABRIERES D'AVIGNON",
        "altitude": 142,
        "id": 84025001
      }
    },
    {
      "type": "Feature",
      "geometry": {
        "type": "Point",
        "coordinates": [
          5.353,
          43.718833
        ]
      },
      "properties": {
        "name": "CADENET",
        "altitude": 152,
        "id": 84026003
      }
    },
    {
      "type": "Feature",
      "geometry": {
        "type": "Point",
        "coordinates": [
          5.058333,
          44.083667
        ]
      },
      "properties": {
        "name": "CARPENTRAS",
        "altitude": 98,
        "id": 84031001
      }
    },
    {
      "type": "Feature",
      "geometry": {
        "type": "Point",
        "coordinates": [
          5.051167,
          43.9015
        ]
      },
      "properties": {
        "name": "ISLE SUR SORGUE",
        "altitude": 64,
        "id": 84054001
      }
    },
    {
      "type": "Feature",
      "geometry": {
        "type": "Point",
        "coordinates": [
          4.658167,
          44.3205
        ]
      },
      "properties": {
        "name": "LAPALUD",
        "altitude": 46,
        "id": 84064001
      }
    },
    {
      "type": "Feature",
      "geometry": {
        "type": "Point",
        "coordinates": [
          5.116333,
          44.168833
        ]
      },
      "properties": {
        "name": "MALAUCENE",
        "altitude": 348,
        "id": 84069001
      }
    },
    {
      "type": "Feature",
      "geometry": {
        "type": "Point",
        "coordinates": [
          5.192667,
          43.752167
        ]
      },
      "properties": {
        "name": "MERINDOL",
        "altitude": 150,
        "id": 84074004
      }
    },
    {
      "type": "Feature",
      "geometry": {
        "type": "Point",
        "coordinates": [
          5.2255,
          43.938167
        ]
      },
      "properties": {
        "name": "MURS",
        "altitude": 488,
        "id": 84085004
      }
    },
    {
      "type": "Feature",
      "geometry": {
        "type": "Point",
        "coordinates": [
          5.146,
          43.811
        ]
      },
      "properties": {
        "name": "OPPEDE CRETE DU PETIT  LUBERON",
        "altitude": 672,
        "id": 84086001
      }
    },
    {
      "type": "Feature",
      "geometry": {
        "type": "Point",
        "coordinates": [
          4.861,
          44.1445
        ]
      },
      "properties": {
        "name": "ORANGE",
        "altitude": 57,
        "id": 84087001
      }
    },
    {
      "type": "Feature",
      "geometry": {
        "type": "Point",
        "coordinates": [
          5.131333,
          44.2895
        ]
      },
      "properties": {
        "name": "PUYMERAS",
        "altitude": 392,
        "id": 84094001
      }
    },
    {
      "type": "Feature",
      "geometry": {
        "type": "Point",
        "coordinates": [
          5.492833,
          44.040667
        ]
      },
      "properties": {
        "name": "ST CHRISTOL",
        "altitude": 836,
        "id": 84107002
      }
    },
    {
      "type": "Feature",
      "geometry": {
        "type": "Point",
        "coordinates": [
          4.9055,
          44.336667
        ]
      },
      "properties": {
        "name": "VISAN",
        "altitude": 141,
        "id": 84150001
      }
    },
    {
      "type": "Feature",
      "geometry": {
        "type": "Point",
        "coordinates": [
          -0.775333,
          46.618833
        ]
      },
      "properties": {
        "name": "ANTIGNY",
        "altitude": 75,
        "id": 85005001
      }
    },
    {
      "type": "Feature",
      "geometry": {
        "type": "Point",
        "coordinates": [
          -1.048333,
          46.693333
        ]
      },
      "properties": {
        "name": "CHANTONNAY",
        "altitude": 93,
        "id": 85051001
      }
    },
    {
      "type": "Feature",
      "geometry": {
        "type": "Point",
        "coordinates": [
          -1.725833,
          46.477167
        ]
      },
      "properties": {
        "name": "CHATEAU-D'OLONNE",
        "altitude": 27,
        "id": 85060002
      }
    },
    {
      "type": "Feature",
      "geometry": {
        "type": "Point",
        "coordinates": [
          -0.779833,
          46.448167
        ]
      },
      "properties": {
        "name": "FONTENAY",
        "altitude": 20,
        "id": 85092004
      }
    },
    {
      "type": "Feature",
      "geometry": {
        "type": "Point",
        "coordinates": [
          -1.023833,
          46.925167
        ]
      },
      "properties": {
        "name": "LA-GAUBRETIERE_SAPC",
        "altitude": 190,
        "id": 85097001
      }
    },
    {
      "type": "Feature",
      "geometry": {
        "type": "Point",
        "coordinates": [
          -1.334833,
          46.350167
        ]
      },
      "properties": {
        "name": "GRUES",
        "altitude": 2,
        "id": 85104001
      }
    },
    {
      "type": "Feature",
      "geometry": {
        "type": "Point",
        "coordinates": [
          -1.018167,
          46.855833
        ]
      },
      "properties": {
        "name": "LES HERBIERS",
        "altitude": 103,
        "id": 85109001
      }
    },
    {
      "type": "Feature",
      "geometry": {
        "type": "Point",
        "coordinates": [
          -2.330167,
          46.693667
        ]
      },
      "properties": {
        "name": "L ILE D YEU",
        "altitude": 32,
        "id": 85113001
      }
    },
    {
      "type": "Feature",
      "geometry": {
        "type": "Point",
        "coordinates": [
          -2.388667,
          46.718167
        ]
      },
      "properties": {
        "name": "L'ILE D'YEU AERO",
        "altitude": 19,
        "id": 85113004
      }
    },
    {
      "type": "Feature",
      "geometry": {
        "type": "Point",
        "coordinates": [
          -1.633167,
          46.620833
        ]
      },
      "properties": {
        "name": "LA MOTHE ACHARD",
        "altitude": 58,
        "id": 85152001
      }
    },
    {
      "type": "Feature",
      "geometry": {
        "type": "Point",
        "coordinates": [
          -1.053333,
          46.768333
        ]
      },
      "properties": {
        "name": "MOUCHAMPS_SAPC",
        "altitude": 82,
        "id": 85153002
      }
    },
    {
      "type": "Feature",
      "geometry": {
        "type": "Point",
        "coordinates": [
          -2.257167,
          47.004667
        ]
      },
      "properties": {
        "name": "NOIRMOUTIER EN",
        "altitude": 3,
        "id": 85163001
      }
    },
    {
      "type": "Feature",
      "geometry": {
        "type": "Point",
        "coordinates": [
          -1.597667,
          46.808
        ]
      },
      "properties": {
        "name": "PALLUAU",
        "altitude": 51,
        "id": 85169002
      }
    },
    {
      "type": "Feature",
      "geometry": {
        "type": "Point",
        "coordinates": [
          -1.999833,
          46.8265
        ]
      },
      "properties": {
        "name": "LE PERRIER",
        "altitude": 2,
        "id": 85172001
      }
    },
    {
      "type": "Feature",
      "geometry": {
        "type": "Point",
        "coordinates": [
          -0.830833,
          46.766
        ]
      },
      "properties": {
        "name": "POUZAUGES SA",
        "altitude": 153,
        "id": 85182004
      }
    },
    {
      "type": "Feature",
      "geometry": {
        "type": "Point",
        "coordinates": [
          -1.482667,
          46.956667
        ]
      },
      "properties": {
        "name": "ROCHESERVIERE",
        "altitude": 43,
        "id": 85190001
      }
    },
    {
      "type": "Feature",
      "geometry": {
        "type": "Point",
        "coordinates": [
          -1.381833,
          46.705
        ]
      },
      "properties": {
        "name": "LA ROCHE SUR YON",
        "altitude": 88,
        "id": 85191003
      }
    },
    {
      "type": "Feature",
      "geometry": {
        "type": "Point",
        "coordinates": [
          -1.184167,
          46.848
        ]
      },
      "properties": {
        "name": "ST-FULGENT_SAPC",
        "altitude": 62,
        "id": 85215002
      }
    },
    {
      "type": "Feature",
      "geometry": {
        "type": "Point",
        "coordinates": [
          -1.121333,
          46.440167
        ]
      },
      "properties": {
        "name": "SAINTE GEMME LA PLAINE_SAPC",
        "altitude": 3,
        "id": 85216001
      }
    },
    {
      "type": "Feature",
      "geometry": {
        "type": "Point",
        "coordinates": [
          0.678833,
          46.685333
        ]
      },
      "properties": {
        "name": "ARCHIGNY",
        "altitude": 138,
        "id": 86009001
      }
    },
    {
      "type": "Feature",
      "geometry": {
        "type": "Point",
        "coordinates": [
          0.650833,
          46.121
        ]
      },
      "properties": {
        "name": "AVAILLES-LIMOUZ",
        "altitude": 156,
        "id": 86015001
      }
    },
    {
      "type": "Feature",
      "geometry": {
        "type": "Point",
        "coordinates": [
          0.054833,
          46.568333
        ]
      },
      "properties": {
        "name": "BENASSAY_SAPC",
        "altitude": 150,
        "id": 86021002
      }
    },
    {
      "type": "Feature",
      "geometry": {
        "type": "Point",
        "coordinates": [
          0.314333,
          46.593833
        ]
      },
      "properties": {
        "name": "POITIERS-BIARD",
        "altitude": 125,
        "id": 86027001
      }
    },
    {
      "type": "Feature",
      "geometry": {
        "type": "Point",
        "coordinates": [
          0.566167,
          46.682167
        ]
      },
      "properties": {
        "name": "BONNEUIL-MATOUR",
        "altitude": 57,
        "id": 86032001
      }
    },
    {
      "type": "Feature",
      "geometry": {
        "type": "Point",
        "coordinates": [
          0.190333,
          46.275667
        ]
      },
      "properties": {
        "name": "BRUX_SAPC",
        "altitude": 148,
        "id": 86039001
      }
    },
    {
      "type": "Feature",
      "geometry": {
        "type": "Point",
        "coordinates": [
          0.576667,
          46.814
        ]
      },
      "properties": {
        "name": "CHATELLERAULT",
        "altitude": 116,
        "id": 86066001
      }
    },
    {
      "type": "Feature",
      "geometry": {
        "type": "Point",
        "coordinates": [
          0.298667,
          46.160333
        ]
      },
      "properties": {
        "name": "CIVRAY",
        "altitude": 143,
        "id": 86078002
      }
    },
    {
      "type": "Feature",
      "geometry": {
        "type": "Point",
        "coordinates": [
          0.410333,
          46.321
        ]
      },
      "properties": {
        "name": "LA FERRIERE AIROUX_SAPC",
        "altitude": 122,
        "id": 86097001
      }
    },
    {
      "type": "Feature",
      "geometry": {
        "type": "Point",
        "coordinates": [
          0.097667,
          47.034833
        ]
      },
      "properties": {
        "name": "LOUDUN",
        "altitude": 96,
        "id": 86137003
      }
    },
    {
      "type": "Feature",
      "geometry": {
        "type": "Point",
        "coordinates": [
          0.119333,
          46.417667
        ]
      },
      "properties": {
        "name": "LUSIGNAN-INRAE",
        "altitude": 152,
        "id": 86139001
      }
    },
    {
      "type": "Feature",
      "geometry": {
        "type": "Point",
        "coordinates": [
          0.734833,
          46.400333
        ]
      },
      "properties": {
        "name": "LUSSAC-LES-CHAT",
        "altitude": 103,
        "id": 86140001
      }
    },
    {
      "type": "Feature",
      "geometry": {
        "type": "Point",
        "coordinates": [
          0.512833,
          46.169
        ]
      },
      "properties": {
        "name": "MAUPREVOIR",
        "altitude": 144,
        "id": 86152002
      }
    },
    {
      "type": "Feature",
      "geometry": {
        "type": "Point",
        "coordinates": [
          0.841167,
          46.411833
        ]
      },
      "properties": {
        "name": "MONTMORILLON",
        "altitude": 153,
        "id": 86165005
      }
    },
    {
      "type": "Feature",
      "geometry": {
        "type": "Point",
        "coordinates": [
          1.042,
          46.4635
        ]
      },
      "properties": {
        "name": "LA TRIMOUILLE",
        "altitude": 121,
        "id": 86273001
      }
    },
    {
      "type": "Feature",
      "geometry": {
        "type": "Point",
        "coordinates": [
          0.669667,
          46.242833
        ]
      },
      "properties": {
        "name": "LE-VIGEANT",
        "altitude": 117,
        "id": 86289001
      }
    },
    {
      "type": "Feature",
      "geometry": {
        "type": "Point",
        "coordinates": [
          1.863167,
          45.8015
        ]
      },
      "properties": {
        "name": "BEAUMONT DU LAC",
        "altitude": 670,
        "id": 87009003
      }
    },
    {
      "type": "Feature",
      "geometry": {
        "type": "Point",
        "coordinates": [
          1.052667,
          46.120333
        ]
      },
      "properties": {
        "name": "BELLAC",
        "altitude": 241,
        "id": 87011002
      }
    },
    {
      "type": "Feature",
      "geometry": {
        "type": "Point",
        "coordinates": [
          0.979,
          45.646167
        ]
      },
      "properties": {
        "name": "CHALUS_SAPC",
        "altitude": 403,
        "id": 87032004
      }
    },
    {
      "type": "Feature",
      "geometry": {
        "type": "Point",
        "coordinates": [
          1.265167,
          46.137333
        ]
      },
      "properties": {
        "name": "CHATEAUPONSAC",
        "altitude": 282,
        "id": 87041001
      }
    },
    {
      "type": "Feature",
      "geometry": {
        "type": "Point",
        "coordinates": [
          0.76,
          45.753833
        ]
      },
      "properties": {
        "name": "CHERONNAC_SAPC",
        "altitude": 295,
        "id": 87044001
      }
    },
    {
      "type": "Feature",
      "geometry": {
        "type": "Point",
        "coordinates": [
          1.080667,
          46.220667
        ]
      },
      "properties": {
        "name": "LE DORAT",
        "altitude": 222,
        "id": 87059001
      }
    },
    {
      "type": "Feature",
      "geometry": {
        "type": "Point",
        "coordinates": [
          1.701167,
          45.733833
        ]
      },
      "properties": {
        "name": "EYMOUTIERS",
        "altitude": 557,
        "id": 87064005
      }
    },
    {
      "type": "Feature",
      "geometry": {
        "type": "Point",
        "coordinates": [
          1.175,
          45.861167
        ]
      },
      "properties": {
        "name": "LIMOGES-BELLEGARDE",
        "altitude": 402,
        "id": 87085006
      }
    },
    {
      "type": "Feature",
      "geometry": {
        "type": "Point",
        "coordinates": [
          1.187,
          46.209667
        ]
      },
      "properties": {
        "name": "MAGNAC-LAVAL",
        "altitude": 246,
        "id": 87089003
      }
    },
    {
      "type": "Feature",
      "geometry": {
        "type": "Point",
        "coordinates": [
          1.180667,
          46.004667
        ]
      },
      "properties": {
        "name": "NANTIAT",
        "altitude": 335,
        "id": 87103002
      }
    },
    {
      "type": "Feature",
      "geometry": {
        "type": "Point",
        "coordinates": [
          1.189,
          45.680833
        ]
      },
      "properties": {
        "name": "NEXON",
        "altitude": 336,
        "id": 87106001
      }
    },
    {
      "type": "Feature",
      "geometry": {
        "type": "Point",
        "coordinates": [
          1.3425,
          45.877833
        ]
      },
      "properties": {
        "name": "LE PALAIS SUR VIENNE",
        "altitude": 286,
        "id": 87113001
      }
    },
    {
      "type": "Feature",
      "geometry": {
        "type": "Point",
        "coordinates": [
          1.4995,
          45.6125
        ]
      },
      "properties": {
        "name": "ST GERMAIN BELL",
        "altitude": 418,
        "id": 87146002
      }
    },
    {
      "type": "Feature",
      "geometry": {
        "type": "Point",
        "coordinates": [
          0.917,
          45.900833
        ]
      },
      "properties": {
        "name": "ST JUNIEN",
        "altitude": 271,
        "id": 87154003
      }
    },
    {
      "type": "Feature",
      "geometry": {
        "type": "Point",
        "coordinates": [
          1.459667,
          46.035333
        ]
      },
      "properties": {
        "name": "ST LEGER LA MONTAGNE_SAPC",
        "altitude": 664,
        "id": 87159002
      }
    },
    {
      "type": "Feature",
      "geometry": {
        "type": "Point",
        "coordinates": [
          1.33,
          45.988833
        ]
      },
      "properties": {
        "name": "ST SYLV CROUZIL",
        "altitude": 423,
        "id": 87183001
      }
    },
    {
      "type": "Feature",
      "geometry": {
        "type": "Point",
        "coordinates": [
          1.243833,
          45.513667
        ]
      },
      "properties": {
        "name": "ST YRIEIX LA PE",
        "altitude": 404,
        "id": 87187003
      }
    },
    {
      "type": "Feature",
      "geometry": {
        "type": "Point",
        "coordinates": [
          6.991833,
          48.345833
        ]
      },
      "properties": {
        "name": "BAN-DE-SAPT",
        "altitude": 590,
        "id": 88033002
      }
    },
    {
      "type": "Feature",
      "geometry": {
        "type": "Point",
        "coordinates": [
          6.9415,
          48.007667
        ]
      },
      "properties": {
        "name": "LA_BRESSE_SAPC",
        "altitude": 772,
        "id": 88075005
      }
    },
    {
      "type": "Feature",
      "geometry": {
        "type": "Point",
        "coordinates": [
          6.868,
          47.892167
        ]
      },
      "properties": {
        "name": "BUSSANG",
        "altitude": 615,
        "id": 88081004
      }
    },
    {
      "type": "Feature",
      "geometry": {
        "type": "Point",
        "coordinates": [
          5.834333,
          48.309
        ]
      },
      "properties": {
        "name": "CHATENOIS",
        "altitude": 330,
        "id": 88095003
      }
    },
    {
      "type": "Feature",
      "geometry": {
        "type": "Point",
        "coordinates": [
          6.451667,
          48.210833
        ]
      },
      "properties": {
        "name": "EPINAL",
        "altitude": 317,
        "id": 88136001
      }
    },
    {
      "type": "Feature",
      "geometry": {
        "type": "Point",
        "coordinates": [
          6.280167,
          48.160667
        ]
      },
      "properties": {
        "name": "DOMMARTIN-AUX-BOIS_SAPC",
        "altitude": 396,
        "id": 88147001
      }
    },
    {
      "type": "Feature",
      "geometry": {
        "type": "Point",
        "coordinates": [
          6.209167,
          47.981333
        ]
      },
      "properties": {
        "name": "FONTENOY_SAPC",
        "altitude": 314,
        "id": 88176003
      }
    },
    {
      "type": "Feature",
      "geometry": {
        "type": "Point",
        "coordinates": [
          6.834,
          48.072167
        ]
      },
      "properties": {
        "name": "GERARDMER",
        "altitude": 669,
        "id": 88196009
      }
    },
    {
      "type": "Feature",
      "geometry": {
        "type": "Point",
        "coordinates": [
          6.3235,
          48.138
        ]
      },
      "properties": {
        "name": "GIRANCOURT",
        "altitude": 355,
        "id": 88201003
      }
    },
    {
      "type": "Feature",
      "geometry": {
        "type": "Point",
        "coordinates": [
          5.8175,
          48.016667
        ]
      },
      "properties": {
        "name": "ISCHES_SAPC",
        "altitude": 342,
        "id": 88248001
      }
    },
    {
      "type": "Feature",
      "geometry": {
        "type": "Point",
        "coordinates": [
          5.961167,
          48.160833
        ]
      },
      "properties": {
        "name": "LIGNEVILLE",
        "altitude": 433,
        "id": 88271001
      }
    },
    {
      "type": "Feature",
      "geometry": {
        "type": "Point",
        "coordinates": [
          6.123333,
          48.301667
        ]
      },
      "properties": {
        "name": "MIRECOURT-INRAE",
        "altitude": 289,
        "id": 88304006
      }
    },
    {
      "type": "Feature",
      "geometry": {
        "type": "Point",
        "coordinates": [
          6.583667,
          48.275833
        ]
      },
      "properties": {
        "name": "PADOUX",
        "altitude": 342,
        "id": 88340001
      }
    },
    {
      "type": "Feature",
      "geometry": {
        "type": "Point",
        "coordinates": [
          6.596667,
          48.019667
        ]
      },
      "properties": {
        "name": "REMIREMONT",
        "altitude": 384,
        "id": 88383001
      }
    },
    {
      "type": "Feature",
      "geometry": {
        "type": "Point",
        "coordinates": [
          5.716667,
          48.359167
        ]
      },
      "properties": {
        "name": "ROLLAINVILLE",
        "altitude": 372,
        "id": 88393003
      }
    },
    {
      "type": "Feature",
      "geometry": {
        "type": "Point",
        "coordinates": [
          6.6255,
          48.168
        ]
      },
      "properties": {
        "name": "LE ROULIER_SAPC",
        "altitude": 449,
        "id": 88399001
      }
    },
    {
      "type": "Feature",
      "geometry": {
        "type": "Point",
        "coordinates": [
          6.608167,
          48.383
        ]
      },
      "properties": {
        "name": "ROVILLE",
        "altitude": 278,
        "id": 88402002
      }
    },
    {
      "type": "Feature",
      "geometry": {
        "type": "Point",
        "coordinates": [
          6.663,
          47.918167
        ]
      },
      "properties": {
        "name": "RUPT-SUR-MOSELLE",
        "altitude": 427,
        "id": 88408002
      }
    },
    {
      "type": "Feature",
      "geometry": {
        "type": "Point",
        "coordinates": [
          5.7745,
          48.188833
        ]
      },
      "properties": {
        "name": "ST OUEN-LES-PAREY_SAPC",
        "altitude": 329,
        "id": 88430001
      }
    },
    {
      "type": "Feature",
      "geometry": {
        "type": "Point",
        "coordinates": [
          6.750333,
          48.042333
        ]
      },
      "properties": {
        "name": "VAGNEY",
        "altitude": 805,
        "id": 88486003
      }
    },
    {
      "type": "Feature",
      "geometry": {
        "type": "Point",
        "coordinates": [
          6.462667,
          47.955167
        ]
      },
      "properties": {
        "name": "LE VAL-D'AJOL",
        "altitude": 544,
        "id": 88487003
      }
    },
    {
      "type": "Feature",
      "geometry": {
        "type": "Point",
        "coordinates": [
          3.353667,
          47.874
        ]
      },
      "properties": {
        "name": "AILLANT",
        "altitude": 124,
        "id": 89003001
      }
    },
    {
      "type": "Feature",
      "geometry": {
        "type": "Point",
        "coordinates": [
          3.583167,
          48.078167
        ]
      },
      "properties": {
        "name": "ARCES",
        "altitude": 266,
        "id": 89014001
      }
    },
    {
      "type": "Feature",
      "geometry": {
        "type": "Point",
        "coordinates": [
          3.791167,
          47.822
        ]
      },
      "properties": {
        "name": "CHABLIS_SAPC",
        "altitude": 141,
        "id": 89068001
      }
    },
    {
      "type": "Feature",
      "geometry": {
        "type": "Point",
        "coordinates": [
          3.080333,
          47.882667
        ]
      },
      "properties": {
        "name": "CHARNY",
        "altitude": 179,
        "id": 89086001
      }
    },
    {
      "type": "Feature",
      "geometry": {
        "type": "Point",
        "coordinates": [
          4.2245,
          47.852
        ]
      },
      "properties": {
        "name": "CRUZY_SAPC",
        "altitude": 291,
        "id": 89131001
      }
    },
    {
      "type": "Feature",
      "geometry": {
        "type": "Point",
        "coordinates": [
          3.1775,
          47.983833
        ]
      },
      "properties": {
        "name": "CUDOT_SAPC",
        "altitude": 170,
        "id": 89133001
      }
    },
    {
      "type": "Feature",
      "geometry": {
        "type": "Point",
        "coordinates": [
          3.259333,
          47.691
        ]
      },
      "properties": {
        "name": "FONTAINES",
        "altitude": 320,
        "id": 89173001
      }
    },
    {
      "type": "Feature",
      "geometry": {
        "type": "Point",
        "coordinates": [
          3.1895,
          47.7815
        ]
      },
      "properties": {
        "name": "GRANDCHAMP_SAPC",
        "altitude": 180,
        "id": 89192001
      }
    },
    {
      "type": "Feature",
      "geometry": {
        "type": "Point",
        "coordinates": [
          3.370833,
          47.982833
        ]
      },
      "properties": {
        "name": "JOIGNY",
        "altitude": 75,
        "id": 89206001
      }
    },
    {
      "type": "Feature",
      "geometry": {
        "type": "Point",
        "coordinates": [
          3.463833,
          47.610333
        ]
      },
      "properties": {
        "name": "MOLESMES_SAPC",
        "altitude": 355,
        "id": 89260001
      }
    },
    {
      "type": "Feature",
      "geometry": {
        "type": "Point",
        "coordinates": [
          3.133833,
          47.625833
        ]
      },
      "properties": {
        "name": "ST FARGEAU_SAPC",
        "altitude": 258,
        "id": 89273001
      }
    },
    {
      "type": "Feature",
      "geometry": {
        "type": "Point",
        "coordinates": [
          3.949,
          47.682833
        ]
      },
      "properties": {
        "name": "NOYERS_SAPC",
        "altitude": 266,
        "id": 89279002
      }
    },
    {
      "type": "Feature",
      "geometry": {
        "type": "Point",
        "coordinates": [
          3.549667,
          47.824667
        ]
      },
      "properties": {
        "name": "AUXERRE-PERRIGNY",
        "altitude": 152,
        "id": 89295001
      }
    },
    {
      "type": "Feature",
      "geometry": {
        "type": "Point",
        "coordinates": [
          4.058667,
          47.488333
        ]
      },
      "properties": {
        "name": "ST ANDRE",
        "altitude": 300,
        "id": 89333001
      }
    },
    {
      "type": "Feature",
      "geometry": {
        "type": "Point",
        "coordinates": [
          3.266833,
          48.220833
        ]
      },
      "properties": {
        "name": "ST DENIS LES SENS",
        "altitude": 65,
        "id": 89342001
      }
    },
    {
      "type": "Feature",
      "geometry": {
        "type": "Point",
        "coordinates": [
          4.08,
          47.361167
        ]
      },
      "properties": {
        "name": "ST-LEGER-VAUBAN_SA",
        "altitude": 517,
        "id": 89349005
      }
    },
    {
      "type": "Feature",
      "geometry": {
        "type": "Point",
        "coordinates": [
          2.985333,
          47.658
        ]
      },
      "properties": {
        "name": "SAINT PRIVE",
        "altitude": 198,
        "id": 89365001
      }
    },
    {
      "type": "Feature",
      "geometry": {
        "type": "Point",
        "coordinates": [
          3.104,
          48.0865
        ]
      },
      "properties": {
        "name": "SAVIGNY/CLAIRIS",
        "altitude": 184,
        "id": 89380001
      }
    },
    {
      "type": "Feature",
      "geometry": {
        "type": "Point",
        "coordinates": [
          3.288667,
          48.167667
        ]
      },
      "properties": {
        "name": "SENS",
        "altitude": 70,
        "id": 89387002
      }
    },
    {
      "type": "Feature",
      "geometry": {
        "type": "Point",
        "coordinates": [
          3.995,
          47.868167
        ]
      },
      "properties": {
        "name": "TONNERRE JOUDRE",
        "altitude": 200,
        "id": 89418007
      }
    },
    {
      "type": "Feature",
      "geometry": {
        "type": "Point",
        "coordinates": [
          6.837,
          47.591667
        ]
      },
      "properties": {
        "name": "DORANS",
        "altitude": 401,
        "id": 90035001
      }
    },
    {
      "type": "Feature",
      "geometry": {
        "type": "Point",
        "coordinates": [
          6.984167,
          47.704333
        ]
      },
      "properties": {
        "name": "FELON_SAPC",
        "altitude": 383,
        "id": 90044001
      }
    },
    {
      "type": "Feature",
      "geometry": {
        "type": "Point",
        "coordinates": [
          6.835,
          47.741667
        ]
      },
      "properties": {
        "name": "GIROMAGNY_SAPC",
        "altitude": 473,
        "id": 90052002
      }
    },
    {
      "type": "Feature",
      "geometry": {
        "type": "Point",
        "coordinates": [
          7.003167,
          47.526167
        ]
      },
      "properties": {
        "name": "JONCHEREY",
        "altitude": 359,
        "id": 90056002
      }
    },
    {
      "type": "Feature",
      "geometry": {
        "type": "Point",
        "coordinates": [
          6.842667,
          47.812667
        ]
      },
      "properties": {
        "name": "BALLON_SAPC",
        "altitude": 1153,
        "id": 90065003
      }
    },
    {
      "type": "Feature",
      "geometry": {
        "type": "Point",
        "coordinates": [
          6.962167,
          47.603833
        ]
      },
      "properties": {
        "name": "NOVILLARD_SAPC",
        "altitude": 366,
        "id": 90074001
      }
    },
    {
      "type": "Feature",
      "geometry": {
        "type": "Point",
        "coordinates": [
          6.958833,
          47.467333
        ]
      },
      "properties": {
        "name": "ST DIZIER-L'EVEQUE_SAPC",
        "altitude": 553,
        "id": 90090001
      }
    },
    {
      "type": "Feature",
      "geometry": {
        "type": "Point",
        "coordinates": [
          2.397,
          48.718
        ]
      },
      "properties": {
        "name": "ORLY",
        "altitude": 86,
        "id": 91027002
      }
    },
    {
      "type": "Feature",
      "geometry": {
        "type": "Point",
        "coordinates": [
          2.326,
          48.6005
        ]
      },
      "properties": {
        "name": "BRETIGNY_SAPC",
        "altitude": 78,
        "id": 91103001
      }
    },
    {
      "type": "Feature",
      "geometry": {
        "type": "Point",
        "coordinates": [
          2.374333,
          48.421833
        ]
      },
      "properties": {
        "name": "COURDIMANCHE",
        "altitude": 71,
        "id": 91184001
      }
    },
    {
      "type": "Feature",
      "geometry": {
        "type": "Point",
        "coordinates": [
          1.993,
          48.526167
        ]
      },
      "properties": {
        "name": "DOURDAN",
        "altitude": 116,
        "id": 91200002
      }
    },
    {
      "type": "Feature",
      "geometry": {
        "type": "Point",
        "coordinates": [
          2.135833,
          48.676833
        ]
      },
      "properties": {
        "name": "GOMETZ-LE-CHAT.",
        "altitude": 159,
        "id": 91275001
      }
    },
    {
      "type": "Feature",
      "geometry": {
        "type": "Point",
        "coordinates": [
          2.431833,
          48.382167
        ]
      },
      "properties": {
        "name": "MILLY-LA-FORET",
        "altitude": 109,
        "id": 91405002
      }
    },
    {
      "type": "Feature",
      "geometry": {
        "type": "Point",
        "coordinates": [
          2.235333,
          48.871333
        ]
      },
      "properties": {
        "name": "SURESNES",
        "altitude": 28,
        "id": 92073001
      }
    },
    {
      "type": "Feature",
      "geometry": {
        "type": "Point",
        "coordinates": [
          2.546333,
          48.859833
        ]
      },
      "properties": {
        "name": "NEUILLY-SUR-M.",
        "altitude": 30,
        "id": 93050001
      }
    },
    {
      "type": "Feature",
      "geometry": {
        "type": "Point",
        "coordinates": [
          2.492333,
          48.808667
        ]
      },
      "properties": {
        "name": "ST-MAUR",
        "altitude": 48,
        "id": 94068001
      }
    },
    {
      "type": "Feature",
      "geometry": {
        "type": "Point",
        "coordinates": [
          2.027667,
          49.0905
        ]
      },
      "properties": {
        "name": "PONTOISE - AERO",
        "altitude": 87,
        "id": 95078001
      }
    },
    {
      "type": "Feature",
      "geometry": {
        "type": "Point",
        "coordinates": [
          2.427667,
          48.967333
        ]
      },
      "properties": {
        "name": "LE BOURGET",
        "altitude": 49,
        "id": 95088001
      }
    },
    {
      "type": "Feature",
      "geometry": {
        "type": "Point",
        "coordinates": [
          2.406667,
          49.040333
        ]
      },
      "properties": {
        "name": "LE PLESSIS GASSOT",
        "altitude": 108,
        "id": 95492001
      }
    },
    {
      "type": "Feature",
      "geometry": {
        "type": "Point",
        "coordinates": [
          2.534333,
          49.015167
        ]
      },
      "properties": {
        "name": "ROISSY",
        "altitude": 108,
        "id": 95527001
      }
    },
    {
      "type": "Feature",
      "geometry": {
        "type": "Point",
        "coordinates": [
          2.550667,
          49.085667
        ]
      },
      "properties": {
        "name": "ST WITZ",
        "altitude": 141,
        "id": 95580001
      }
    },
    {
      "type": "Feature",
      "geometry": {
        "type": "Point",
        "coordinates": [
          1.830667,
          49.108167
        ]
      },
      "properties": {
        "name": "WY-DIT",
        "altitude": 126,
        "id": 95690001
      }
    },
    {
      "type": "Feature",
      "geometry": {
        "type": "Point",
        "coordinates": [
          -61.453167,
          16.2875
        ]
      },
      "properties": {
        "name": "LES ABYMES CHAZEAU_SAPC",
        "altitude": 95,
        "id": 97101014
      }
    },
    {
      "type": "Feature",
      "geometry": {
        "type": "Point",
        "coordinates": [
          -61.516333,
          16.264
        ]
      },
      "properties": {
        "name": "LE RAIZET AERO",
        "altitude": 11,
        "id": 97101015
      }
    },
    {
      "type": "Feature",
      "geometry": {
        "type": "Point",
        "coordinates": [
          -61.487667,
          16.474333
        ]
      },
      "properties": {
        "name": "ANSE-BERTRAND LA JOYEUSE",
        "altitude": 19,
        "id": 97102005
      }
    },
    {
      "type": "Feature",
      "geometry": {
        "type": "Point",
        "coordinates": [
          -61.590667,
          16.242833
        ]
      },
      "properties": {
        "name": "BAIE-MAHAULT CONVENANCE_SAPC",
        "altitude": 30,
        "id": 97103008
      }
    },
    {
      "type": "Feature",
      "geometry": {
        "type": "Point",
        "coordinates": [
          -61.740167,
          16.012167
        ]
      },
      "properties": {
        "name": "BAILLIF AERO",
        "altitude": 21,
        "id": 97104005
      }
    },
    {
      "type": "Feature",
      "geometry": {
        "type": "Point",
        "coordinates": [
          -61.774,
          16.149667
        ]
      },
      "properties": {
        "name": "BOUILLANTE GEND PIGEON_SAPC",
        "altitude": 34,
        "id": 97106001
      }
    },
    {
      "type": "Feature",
      "geometry": {
        "type": "Point",
        "coordinates": [
          -61.6,
          16.0785
        ]
      },
      "properties": {
        "name": "CAPESTERRE-B-EAU NEUFCHATEAU",
        "altitude": 253,
        "id": 97107002
      }
    },
    {
      "type": "Feature",
      "geometry": {
        "type": "Point",
        "coordinates": [
          -61.6385,
          16.041833
        ]
      },
      "properties": {
        "name": "CAPESTERRE-B-EAU CARBET_SAPC",
        "altitude": 597,
        "id": 97107008
      }
    },
    {
      "type": "Feature",
      "geometry": {
        "type": "Point",
        "coordinates": [
          -61.585833,
          16.021667
        ]
      },
      "properties": {
        "name": "CAPESTERRE-BE BOIS DEBOUT_SAPC",
        "altitude": 70,
        "id": 97107009
      }
    },
    {
      "type": "Feature",
      "geometry": {
        "type": "Point",
        "coordinates": [
          -61.241167,
          15.926667
        ]
      },
      "properties": {
        "name": "CAPESTERRE-M-GALANTE BELLEVUE",
        "altitude": 142,
        "id": 97108001
      }
    },
    {
      "type": "Feature",
      "geometry": {
        "type": "Point",
        "coordinates": [
          -61.6725,
          16.003167
        ]
      },
      "properties": {
        "name": "GOURBEYRE GROS-MORNE DOLE",
        "altitude": 477,
        "id": 97109003
      }
    },
    {
      "type": "Feature",
      "geometry": {
        "type": "Point",
        "coordinates": [
          -61.095833,
          16.297833
        ]
      },
      "properties": {
        "name": "LA DESIRADE GENDARMERIE",
        "altitude": 7,
        "id": 97110001
      }
    },
    {
      "type": "Feature",
      "geometry": {
        "type": "Point",
        "coordinates": [
          -61.004,
          16.335
        ]
      },
      "properties": {
        "name": "LA DESIRADE METEO",
        "altitude": 27,
        "id": 97110002
      }
    },
    {
      "type": "Feature",
      "geometry": {
        "type": "Point",
        "coordinates": [
          -61.791833,
          16.3
        ]
      },
      "properties": {
        "name": "DESHAIES JARDIN",
        "altitude": 137,
        "id": 97111004
      }
    },
    {
      "type": "Feature",
      "geometry": {
        "type": "Point",
        "coordinates": [
          -61.272167,
          15.8695
        ]
      },
      "properties": {
        "name": "GRAND-BOURG LES BASSES AERO",
        "altitude": 10,
        "id": 97112003
      }
    },
    {
      "type": "Feature",
      "geometry": {
        "type": "Point",
        "coordinates": [
          -61.460333,
          16.203167
        ]
      },
      "properties": {
        "name": "LE GOSIER SAINT-FELIX",
        "altitude": 19,
        "id": 97113003
      }
    },
    {
      "type": "Feature",
      "geometry": {
        "type": "Point",
        "coordinates": [
          -61.471167,
          16.246333
        ]
      },
      "properties": {
        "name": "LE GOSIER LEROUX_SAPC",
        "altitude": 60,
        "id": 97113009
      }
    },
    {
      "type": "Feature",
      "geometry": {
        "type": "Point",
        "coordinates": [
          -61.586167,
          16.109833
        ]
      },
      "properties": {
        "name": "GOYAVE CHRISTOPHE",
        "altitude": 115,
        "id": 97114008
      }
    },
    {
      "type": "Feature",
      "geometry": {
        "type": "Point",
        "coordinates": [
          -61.42,
          16.3235
        ]
      },
      "properties": {
        "name": "MORNE-A-L'EAU BLANCHET",
        "altitude": 10,
        "id": 97116002
      }
    },
    {
      "type": "Feature",
      "geometry": {
        "type": "Point",
        "coordinates": [
          -61.323333,
          16.301667
        ]
      },
      "properties": {
        "name": "LE MOULE GARDEL-INRAE",
        "altitude": 30,
        "id": 97117012
      }
    },
    {
      "type": "Feature",
      "geometry": {
        "type": "Point",
        "coordinates": [
          -61.349,
          16.314167
        ]
      },
      "properties": {
        "name": "LE MOULE LAUREAL",
        "altitude": 24,
        "id": 97117013
      }
    },
    {
      "type": "Feature",
      "geometry": {
        "type": "Point",
        "coordinates": [
          -61.661667,
          16.205
        ]
      },
      "properties": {
        "name": "PETIT-BOURG DUCLOS-INRAE",
        "altitude": 110,
        "id": 97118007
      }
    },
    {
      "type": "Feature",
      "geometry": {
        "type": "Point",
        "coordinates": [
          -61.688,
          16.177167
        ]
      },
      "properties": {
        "name": "PETIT-BOURG PROVIDENCE_SAPC",
        "altitude": 272,
        "id": 97118008
      }
    },
    {
      "type": "Feature",
      "geometry": {
        "type": "Point",
        "coordinates": [
          -61.5895,
          16.181
        ]
      },
      "properties": {
        "name": "PETIT-BOURG ROUJOL",
        "altitude": 12,
        "id": 97118009
      }
    },
    {
      "type": "Feature",
      "geometry": {
        "type": "Point",
        "coordinates": [
          -61.623,
          16.1555
        ]
      },
      "properties": {
        "name": "PETIT-BOURG GROS-MORNE_SAPC",
        "altitude": 160,
        "id": 97118018
      }
    },
    {
      "type": "Feature",
      "geometry": {
        "type": "Point",
        "coordinates": [
          -61.415667,
          16.413167
        ]
      },
      "properties": {
        "name": "PETIT-CANAL GROS CAP",
        "altitude": 43,
        "id": 97119006
      }
    },
    {
      "type": "Feature",
      "geometry": {
        "type": "Point",
        "coordinates": [
          -61.481667,
          16.405
        ]
      },
      "properties": {
        "name": "PETIT-CANAL GODET-INRAE",
        "altitude": 35,
        "id": 97119008
      }
    },
    {
      "type": "Feature",
      "geometry": {
        "type": "Point",
        "coordinates": [
          -61.724667,
          16.1795
        ]
      },
      "properties": {
        "name": "POINTE-NOIRE COL DES MAMELLES",
        "altitude": 510,
        "id": 97121002
      }
    },
    {
      "type": "Feature",
      "geometry": {
        "type": "Point",
        "coordinates": [
          -61.776333,
          16.232167
        ]
      },
      "properties": {
        "name": "POINTE-NOIRE BELLEVUE",
        "altitude": 213,
        "id": 97121005
      }
    },
    {
      "type": "Feature",
      "geometry": {
        "type": "Point",
        "coordinates": [
          -61.799167,
          16.252333
        ]
      },
      "properties": {
        "name": "POINTE NOIRE MORPHY",
        "altitude": 75,
        "id": 97121006
      }
    },
    {
      "type": "Feature",
      "geometry": {
        "type": "Point",
        "coordinates": [
          -61.525167,
          16.421833
        ]
      },
      "properties": {
        "name": "PORT-LOUIS GENDARMERIE",
        "altitude": 18,
        "id": 97122004
      }
    },
    {
      "type": "Feature",
      "geometry": {
        "type": "Point",
        "coordinates": [
          -62.852167,
          17.9015
        ]
      },
      "properties": {
        "name": "ST-BARTHELEMY METEO",
        "altitude": 44,
        "id": 97123001
      }
    },
    {
      "type": "Feature",
      "geometry": {
        "type": "Point",
        "coordinates": [
          -62.838,
          17.902833
        ]
      },
      "properties": {
        "name": "ST-BARTHELEMY AERO",
        "altitude": 3,
        "id": 97123005
      }
    },
    {
      "type": "Feature",
      "geometry": {
        "type": "Point",
        "coordinates": [
          -61.693667,
          16.046333
        ]
      },
      "properties": {
        "name": "ST-CLAUDE MATOUBA_SAPC",
        "altitude": 650,
        "id": 97124006
      }
    },
    {
      "type": "Feature",
      "geometry": {
        "type": "Point",
        "coordinates": [
          -61.656,
          16.032667
        ]
      },
      "properties": {
        "name": "ST-CLAUDE CITERNE",
        "altitude": 1141,
        "id": 97124009
      }
    },
    {
      "type": "Feature",
      "geometry": {
        "type": "Point",
        "coordinates": [
          -61.665333,
          16.036
        ]
      },
      "properties": {
        "name": "ST-CLAUDE MAISON-VOLCAN_SAPC",
        "altitude": 1104,
        "id": 97124010
      }
    },
    {
      "type": "Feature",
      "geometry": {
        "type": "Point",
        "coordinates": [
          -61.311,
          16.2845
        ]
      },
      "properties": {
        "name": "ST-FRANCOIS RENEVILLE",
        "altitude": 40,
        "id": 97125001
      }
    },
    {
      "type": "Feature",
      "geometry": {
        "type": "Point",
        "coordinates": [
          -61.2565,
          16.257167
        ]
      },
      "properties": {
        "name": "SAINT FRANCOIS AERODROME",
        "altitude": 1,
        "id": 97125011
      }
    },
    {
      "type": "Feature",
      "geometry": {
        "type": "Point",
        "coordinates": [
          -63.070667,
          18.067333
        ]
      },
      "properties": {
        "name": "ST-MARTIN MARIGOT GENDARMERIE",
        "altitude": 39,
        "id": 97127002
      }
    },
    {
      "type": "Feature",
      "geometry": {
        "type": "Point",
        "coordinates": [
          -63.048,
          18.100667
        ]
      },
      "properties": {
        "name": "ST-MARTIN GRAND-CASE",
        "altitude": 5,
        "id": 97127004
      }
    },
    {
      "type": "Feature",
      "geometry": {
        "type": "Point",
        "coordinates": [
          -61.335,
          16.285
        ]
      },
      "properties": {
        "name": "STE-ANNE MARLY",
        "altitude": 42,
        "id": 97128004
      }
    },
    {
      "type": "Feature",
      "geometry": {
        "type": "Point",
        "coordinates": [
          -61.429833,
          16.253333
        ]
      },
      "properties": {
        "name": "SAINTE-ANNE DESHAUTEURS_SAPC",
        "altitude": 129,
        "id": 97128010
      }
    },
    {
      "type": "Feature",
      "geometry": {
        "type": "Point",
        "coordinates": [
          -61.747333,
          16.353833
        ]
      },
      "properties": {
        "name": "STE-ROSE CLUGNY",
        "altitude": 10,
        "id": 97129011
      }
    },
    {
      "type": "Feature",
      "geometry": {
        "type": "Point",
        "coordinates": [
          -61.671667,
          16.275167
        ]
      },
      "properties": {
        "name": "STE-ROSE BELLE-RIVIERE",
        "altitude": 12,
        "id": 97129012
      }
    },
    {
      "type": "Feature",
      "geometry": {
        "type": "Point",
        "coordinates": [
          -61.681,
          16.314167
        ]
      },
      "properties": {
        "name": "STE-ROSE VIARD",
        "altitude": 10,
        "id": 97129015
      }
    },
    {
      "type": "Feature",
      "geometry": {
        "type": "Point",
        "coordinates": [
          -61.7285,
          16.291333
        ]
      },
      "properties": {
        "name": "SAINTE-ROSE SOFAIA_SAPC",
        "altitude": 332,
        "id": 97129017
      }
    },
    {
      "type": "Feature",
      "geometry": {
        "type": "Point",
        "coordinates": [
          -61.706167,
          16.262333
        ]
      },
      "properties": {
        "name": "SAINTE-ROSE GRANDE-H_SAPC",
        "altitude": 132,
        "id": 97129018
      }
    },
    {
      "type": "Feature",
      "geometry": {
        "type": "Point",
        "coordinates": [
          -61.698,
          15.948167
        ]
      },
      "properties": {
        "name": "VIEUX-FORT BOURG",
        "altitude": 39,
        "id": 97133001
      }
    },
    {
      "type": "Feature",
      "geometry": {
        "type": "Point",
        "coordinates": [
          -61.7555,
          16.054
        ]
      },
      "properties": {
        "name": "VIEUX-HABITANTS GEND_SAPC",
        "altitude": 136,
        "id": 97134001
      }
    },
    {
      "type": "Feature",
      "geometry": {
        "type": "Point",
        "coordinates": [
          -61.120333,
          14.811833
        ]
      },
      "properties": {
        "name": "AJOUPA-BOUILLON EDEN",
        "altitude": 338,
        "id": 97201001
      }
    },
    {
      "type": "Feature",
      "geometry": {
        "type": "Point",
        "coordinates": [
          -61.067667,
          14.466333
        ]
      },
      "properties": {
        "name": "ANSE D'ARLET_CTM",
        "altitude": 7,
        "id": 97202002
      }
    },
    {
      "type": "Feature",
      "geometry": {
        "type": "Point",
        "coordinates": [
          -61.098333,
          14.85
        ]
      },
      "properties": {
        "name": "BASSEPOINTE-CHAL",
        "altitude": 45,
        "id": 97203003
      }
    },
    {
      "type": "Feature",
      "geometry": {
        "type": "Point",
        "coordinates": [
          -61.023167,
          14.484667
        ]
      },
      "properties": {
        "name": "DIAMANT - JACQUA",
        "altitude": 42,
        "id": 97206001
      }
    },
    {
      "type": "Feature",
      "geometry": {
        "type": "Point",
        "coordinates": [
          -60.976833,
          14.541833
        ]
      },
      "properties": {
        "name": "DUCOS",
        "altitude": 3,
        "id": 97207002
      }
    },
    {
      "type": "Feature",
      "geometry": {
        "type": "Point",
        "coordinates": [
          -61.145,
          14.735333
        ]
      },
      "properties": {
        "name": "FOND-DENIS-CADET",
        "altitude": 493,
        "id": 97208001
      }
    },
    {
      "type": "Feature",
      "geometry": {
        "type": "Point",
        "coordinates": [
          -61.117667,
          14.729
        ]
      },
      "properties": {
        "name": "FOND-DENIS GLIS_CTM",
        "altitude": 367,
        "id": 97208006
      }
    },
    {
      "type": "Feature",
      "geometry": {
        "type": "Point",
        "coordinates": [
          -61.089667,
          14.676833
        ]
      },
      "properties": {
        "name": "FORT-D-FRANCE-DONIS",
        "altitude": 486,
        "id": 97209002
      }
    },
    {
      "type": "Feature",
      "geometry": {
        "type": "Point",
        "coordinates": [
          -61.063833,
          14.617667
        ]
      },
      "properties": {
        "name": "FORT-DE-FRANCE DESAIX",
        "altitude": 143,
        "id": 97209004
      }
    },
    {
      "type": "Feature",
      "geometry": {
        "type": "Point",
        "coordinates": [
          -61.090333,
          14.599333
        ]
      },
      "properties": {
        "name": "FORT-D-FRANCE-PTE NEGRES",
        "altitude": 12,
        "id": 97209007
      }
    },
    {
      "type": "Feature",
      "geometry": {
        "type": "Point",
        "coordinates": [
          -61.088333,
          14.693667
        ]
      },
      "properties": {
        "name": "FORT-FRANCE COLSON_CTM",
        "altitude": 587,
        "id": 97209017
      }
    },
    {
      "type": "Feature",
      "geometry": {
        "type": "Point",
        "coordinates": [
          -60.919667,
          14.630333
        ]
      },
      "properties": {
        "name": "FRANCOIS-CHOPOT",
        "altitude": 53,
        "id": 97210001
      }
    },
    {
      "type": "Feature",
      "geometry": {
        "type": "Point",
        "coordinates": [
          -60.869,
          14.590167
        ]
      },
      "properties": {
        "name": "FRANCOIS-SIMON",
        "altitude": 13,
        "id": 97210004
      }
    },
    {
      "type": "Feature",
      "geometry": {
        "type": "Point",
        "coordinates": [
          -61.1805,
          14.8745
        ]
      },
      "properties": {
        "name": "GRANDRIVIERE_CTM",
        "altitude": 4,
        "id": 97211003
      }
    },
    {
      "type": "Feature",
      "geometry": {
        "type": "Point",
        "coordinates": [
          -61.055333,
          14.735167
        ]
      },
      "properties": {
        "name": "GROS-MORNE BELLEVUE_SAPC",
        "altitude": 690,
        "id": 97212004
      }
    },
    {
      "type": "Feature",
      "geometry": {
        "type": "Point",
        "coordinates": [
          -61.042167,
          14.725
        ]
      },
      "properties": {
        "name": "GROS-MORNE BOISLEZ_CTM",
        "altitude": 441,
        "id": 97212007
      }
    },
    {
      "type": "Feature",
      "geometry": {
        "type": "Point",
        "coordinates": [
          -60.995667,
          14.595333
        ]
      },
      "properties": {
        "name": "LAMENTIN-AERO",
        "altitude": 3,
        "id": 97213004
      }
    },
    {
      "type": "Feature",
      "geometry": {
        "type": "Point",
        "coordinates": [
          -61.049333,
          14.829167
        ]
      },
      "properties": {
        "name": "LORRAIN VALLON",
        "altitude": 83,
        "id": 97214001
      }
    },
    {
      "type": "Feature",
      "geometry": {
        "type": "Point",
        "coordinates": [
          -61.101,
          14.8055
        ]
      },
      "properties": {
        "name": "LORRAIN PIROGUE_CTM",
        "altitude": 199,
        "id": 97214005
      }
    },
    {
      "type": "Feature",
      "geometry": {
        "type": "Point",
        "coordinates": [
          -61.143833,
          14.861833
        ]
      },
      "properties": {
        "name": "MACOUBA-BELL.",
        "altitude": 192,
        "id": 97215001
      }
    },
    {
      "type": "Feature",
      "geometry": {
        "type": "Point",
        "coordinates": [
          -61.151167,
          14.874833
        ]
      },
      "properties": {
        "name": "MACOUBA-POTICHE_CTM",
        "altitude": 105,
        "id": 97215002
      }
    },
    {
      "type": "Feature",
      "geometry": {
        "type": "Point",
        "coordinates": [
          -61.033667,
          14.8075
        ]
      },
      "properties": {
        "name": "MARIGOT-BELLEVU_CTM",
        "altitude": 142,
        "id": 97216002
      }
    },
    {
      "type": "Feature",
      "geometry": {
        "type": "Point",
        "coordinates": [
          -60.859333,
          14.467333
        ]
      },
      "properties": {
        "name": "MARIN",
        "altitude": 3,
        "id": 97217003
      }
    },
    {
      "type": "Feature",
      "geometry": {
        "type": "Point",
        "coordinates": [
          -61.109833,
          14.755
        ]
      },
      "properties": {
        "name": "MORNE-ROUGE-CHAMP",
        "altitude": 350,
        "id": 97218002
      }
    },
    {
      "type": "Feature",
      "geometry": {
        "type": "Point",
        "coordinates": [
          -61.198833,
          14.800333
        ]
      },
      "properties": {
        "name": "PRECHEUR-SAVST_CTM",
        "altitude": 299,
        "id": 97219006
      }
    },
    {
      "type": "Feature",
      "geometry": {
        "type": "Point",
        "coordinates": [
          -60.879667,
          14.494167
        ]
      },
      "properties": {
        "name": "RIVIERE-PILOTE CAPRON",
        "altitude": 115,
        "id": 97220005
      }
    },
    {
      "type": "Feature",
      "geometry": {
        "type": "Point",
        "coordinates": [
          -60.909667,
          14.485
        ]
      },
      "properties": {
        "name": "RIVIERE-PILOTE STADE_CTM",
        "altitude": 80,
        "id": 97220007
      }
    },
    {
      "type": "Feature",
      "geometry": {
        "type": "Point",
        "coordinates": [
          -60.9255,
          14.679667
        ]
      },
      "properties": {
        "name": "ROBERT-PTE FORT",
        "altitude": 16,
        "id": 97222002
      }
    },
    {
      "type": "Feature",
      "geometry": {
        "type": "Point",
        "coordinates": [
          -60.940667,
          14.560167
        ]
      },
      "properties": {
        "name": "ST-ESPRIT GEND",
        "altitude": 21,
        "id": 97223001
      }
    },
    {
      "type": "Feature",
      "geometry": {
        "type": "Point",
        "coordinates": [
          -60.8995,
          14.566667
        ]
      },
      "properties": {
        "name": "ST-ESPRIT BALD_CTM",
        "altitude": 258,
        "id": 97223003
      }
    },
    {
      "type": "Feature",
      "geometry": {
        "type": "Point",
        "coordinates": [
          -61.056667,
          14.679
        ]
      },
      "properties": {
        "name": "ST-JOSEPH RABUCH",
        "altitude": 380,
        "id": 97224001
      }
    },
    {
      "type": "Feature",
      "geometry": {
        "type": "Point",
        "coordinates": [
          -60.9985,
          14.6585
        ]
      },
      "properties": {
        "name": "ST-JOSEPH LEZARD",
        "altitude": 65,
        "id": 97224004
      }
    },
    {
      "type": "Feature",
      "geometry": {
        "type": "Point",
        "coordinates": [
          -61.0605,
          14.676333
        ]
      },
      "properties": {
        "name": "ST-JOSEPH BPARC_CTM",
        "altitude": 341,
        "id": 97224011
      }
    },
    {
      "type": "Feature",
      "geometry": {
        "type": "Point",
        "coordinates": [
          -61.166333,
          14.757167
        ]
      },
      "properties": {
        "name": "ST-PIERRE DEPAZ",
        "altitude": 131,
        "id": 97225001
      }
    },
    {
      "type": "Feature",
      "geometry": {
        "type": "Point",
        "coordinates": [
          -61.180333,
          14.754667
        ]
      },
      "properties": {
        "name": "ST-PIERRE_CTM",
        "altitude": 27,
        "id": 97225007
      }
    },
    {
      "type": "Feature",
      "geometry": {
        "type": "Point",
        "coordinates": [
          -60.870833,
          14.438
        ]
      },
      "properties": {
        "name": "STE ANNE-SECI_CTM",
        "altitude": 22,
        "id": 97226004
      }
    },
    {
      "type": "Feature",
      "geometry": {
        "type": "Point",
        "coordinates": [
          -60.877833,
          14.3975
        ]
      },
      "properties": {
        "name": "STE ANNE-SALINES",
        "altitude": 3,
        "id": 97226006
      }
    },
    {
      "type": "Feature",
      "geometry": {
        "type": "Point",
        "coordinates": [
          -60.979667,
          14.4905
        ]
      },
      "properties": {
        "name": "STE- LUCE_CTM",
        "altitude": 44,
        "id": 97227001
      }
    },
    {
      "type": "Feature",
      "geometry": {
        "type": "Point",
        "coordinates": [
          -60.989167,
          14.779167
        ]
      },
      "properties": {
        "name": "STE-MARIE GEND",
        "altitude": 3,
        "id": 97228001
      }
    },
    {
      "type": "Feature",
      "geometry": {
        "type": "Point",
        "coordinates": [
          -61.024167,
          14.761167
        ]
      },
      "properties": {
        "name": "STE MARIE PEROU_CTM",
        "altitude": 200,
        "id": 97228006
      }
    },
    {
      "type": "Feature",
      "geometry": {
        "type": "Point",
        "coordinates": [
          -60.875333,
          14.7745
        ]
      },
      "properties": {
        "name": "TRINITE-CARAVEL",
        "altitude": 26,
        "id": 97230001
      }
    },
    {
      "type": "Feature",
      "geometry": {
        "type": "Point",
        "coordinates": [
          -60.9235,
          14.750667
        ]
      },
      "properties": {
        "name": "TRINITE-SPOUTOU",
        "altitude": 2,
        "id": 97230002
      }
    },
    {
      "type": "Feature",
      "geometry": {
        "type": "Point",
        "coordinates": [
          -60.977,
          14.737833
        ]
      },
      "properties": {
        "name": "TRINITE-RESERVOIR_CTM",
        "altitude": 142,
        "id": 97230007
      }
    },
    {
      "type": "Feature",
      "geometry": {
        "type": "Point",
        "coordinates": [
          -61.046167,
          14.5395
        ]
      },
      "properties": {
        "name": "TROIS-ILETS GOLF",
        "altitude": 6,
        "id": 97231002
      }
    },
    {
      "type": "Feature",
      "geometry": {
        "type": "Point",
        "coordinates": [
          -60.836667,
          14.551833
        ]
      },
      "properties": {
        "name": "VAUCLIN",
        "altitude": 12,
        "id": 97232003
      }
    },
    {
      "type": "Feature",
      "geometry": {
        "type": "Point",
        "coordinates": [
          -60.875833,
          14.537
        ]
      },
      "properties": {
        "name": "VAUCLIN-RAQUETT_CTM",
        "altitude": 176,
        "id": 97232005
      }
    },
    {
      "type": "Feature",
      "geometry": {
        "type": "Point",
        "coordinates": [
          -61.133333,
          14.689667
        ]
      },
      "properties": {
        "name": "BELLEFONTAINE-VER_CTM",
        "altitude": 580,
        "id": 97234002
      }
    },
    {
      "type": "Feature",
      "geometry": {
        "type": "Point",
        "coordinates": [
          -52.131167,
          4.314167
        ]
      },
      "properties": {
        "name": "REGINA",
        "altitude": 3,
        "id": 97301001
      }
    },
    {
      "type": "Feature",
      "geometry": {
        "type": "Point",
        "coordinates": [
          -52.290167,
          4.929667
        ]
      },
      "properties": {
        "name": "CAYENNE SUZINI",
        "altitude": 5,
        "id": 97302005
      }
    },
    {
      "type": "Feature",
      "geometry": {
        "type": "Point",
        "coordinates": [
          -53.212333,
          5.480167
        ]
      },
      "properties": {
        "name": "IRACOUBO",
        "altitude": 2,
        "id": 97303001
      }
    },
    {
      "type": "Feature",
      "geometry": {
        "type": "Point",
        "coordinates": [
          -52.583333,
          5.283333
        ]
      },
      "properties": {
        "name": "ILE ROYALE",
        "altitude": 48,
        "id": 97304001
      }
    },
    {
      "type": "Feature",
      "geometry": {
        "type": "Point",
        "coordinates": [
          -52.748,
          5.209167
        ]
      },
      "properties": {
        "name": "KOUROU CSG",
        "altitude": 17,
        "id": 97304003
      }
    },
    {
      "type": "Feature",
      "geometry": {
        "type": "Point",
        "coordinates": [
          -52.6405,
          5.168167
        ]
      },
      "properties": {
        "name": "KOUROU PLAGE",
        "altitude": 3,
        "id": 97304005
      }
    },
    {
      "type": "Feature",
      "geometry": {
        "type": "Point",
        "coordinates": [
          -52.6685,
          5.151833
        ]
      },
      "properties": {
        "name": "PARIACABO",
        "altitude": 7,
        "id": 97304006
      }
    },
    {
      "type": "Feature",
      "geometry": {
        "type": "Point",
        "coordinates": [
          -52.4735,
          5.0145
        ]
      },
      "properties": {
        "name": "TONATE",
        "altitude": 4,
        "id": 97305001
      }
    },
    {
      "type": "Feature",
      "geometry": {
        "type": "Point",
        "coordinates": [
          -52.405333,
          4.919167
        ]
      },
      "properties": {
        "name": "SOULA_SAPC",
        "altitude": 4,
        "id": 97305002
      }
    },
    {
      "type": "Feature",
      "geometry": {
        "type": "Point",
        "coordinates": [
          -53.761667,
          5.6635
        ]
      },
      "properties": {
        "name": "MANA AERODROME",
        "altitude": 3,
        "id": 97306007
      }
    },
    {
      "type": "Feature",
      "geometry": {
        "type": "Point",
        "coordinates": [
          -52.365333,
          4.822333
        ]
      },
      "properties": {
        "name": "CAYENNE-MATOURY",
        "altitude": 4,
        "id": 97307001
      }
    },
    {
      "type": "Feature",
      "geometry": {
        "type": "Point",
        "coordinates": [
          -52.339167,
          4.892833
        ]
      },
      "properties": {
        "name": "LARIVOT",
        "altitude": 6,
        "id": 97307003
      }
    },
    {
      "type": "Feature",
      "geometry": {
        "type": "Point",
        "coordinates": [
          -51.804667,
          3.890667
        ]
      },
      "properties": {
        "name": "SAINT GEORGES",
        "altitude": 6,
        "id": 97308001
      }
    },
    {
      "type": "Feature",
      "geometry": {
        "type": "Point",
        "coordinates": [
          -52.278167,
          4.855333
        ]
      },
      "properties": {
        "name": "DEGRAD CANNES",
        "altitude": 3,
        "id": 97309005
      }
    },
    {
      "type": "Feature",
      "geometry": {
        "type": "Point",
        "coordinates": [
          -52.3245,
          4.728167
        ]
      },
      "properties": {
        "name": "ROURA",
        "altitude": 21,
        "id": 97310004
      }
    },
    {
      "type": "Feature",
      "geometry": {
        "type": "Point",
        "coordinates": [
          -52.471333,
          4.574
        ]
      },
      "properties": {
        "name": "CACAO",
        "altitude": 6,
        "id": 97310006
      }
    },
    {
      "type": "Feature",
      "geometry": {
        "type": "Point",
        "coordinates": [
          -52.172833,
          4.549333
        ]
      },
      "properties": {
        "name": "MONTAGNE-DE-KAW",
        "altitude": 290,
        "id": 97310009
      }
    },
    {
      "type": "Feature",
      "geometry": {
        "type": "Point",
        "coordinates": [
          -54.031667,
          5.4855
        ]
      },
      "properties": {
        "name": "SAINT LAURENT",
        "altitude": 5,
        "id": 97311001
      }
    },
    {
      "type": "Feature",
      "geometry": {
        "type": "Point",
        "coordinates": [
          -53.905833,
          5.567167
        ]
      },
      "properties": {
        "name": "CHARVEIN",
        "altitude": 4,
        "id": 97311005
      }
    },
    {
      "type": "Feature",
      "geometry": {
        "type": "Point",
        "coordinates": [
          -52.951833,
          5.374
        ]
      },
      "properties": {
        "name": "SINNAMARY",
        "altitude": 4,
        "id": 97312002
      }
    },
    {
      "type": "Feature",
      "geometry": {
        "type": "Point",
        "coordinates": [
          -52.886,
          5.3185
        ]
      },
      "properties": {
        "name": "EUGENIE-SINNAMARY",
        "altitude": 12,
        "id": 97312009
      }
    },
    {
      "type": "Feature",
      "geometry": {
        "type": "Point",
        "coordinates": [
          -52.492,
          4.891333
        ]
      },
      "properties": {
        "name": "MONTSINERY",
        "altitude": 3,
        "id": 97313001
      }
    },
    {
      "type": "Feature",
      "geometry": {
        "type": "Point",
        "coordinates": [
          -53.208167,
          3.624
        ]
      },
      "properties": {
        "name": "SAUL_SAPC",
        "altitude": 219,
        "id": 97352001
      }
    },
    {
      "type": "Feature",
      "geometry": {
        "type": "Point",
        "coordinates": [
          -54.028333,
          3.640167
        ]
      },
      "properties": {
        "name": "MARIPASOULA",
        "altitude": 106,
        "id": 97353001
      }
    },
    {
      "type": "Feature",
      "geometry": {
        "type": "Point",
        "coordinates": [
          -54.0495,
          3.381667
        ]
      },
      "properties": {
        "name": "TALUEN_SAPC",
        "altitude": 105,
        "id": 97353007
      }
    },
    {
      "type": "Feature",
      "geometry": {
        "type": "Point",
        "coordinates": [
          -52.337833,
          3.171167
        ]
      },
      "properties": {
        "name": "CAMOPI_SAPC",
        "altitude": 63,
        "id": 97356001
      }
    },
    {
      "type": "Feature",
      "geometry": {
        "type": "Point",
        "coordinates": [
          -52.874,
          2.257333
        ]
      },
      "properties": {
        "name": "TROIS_SAUTS_SAPC",
        "altitude": 118,
        "id": 97356003
      }
    },
    {
      "type": "Feature",
      "geometry": {
        "type": "Point",
        "coordinates": [
          -54.375167,
          4.2695
        ]
      },
      "properties": {
        "name": "GRAND SANTI_SAPC",
        "altitude": 48,
        "id": 97357001
      }
    },
    {
      "type": "Feature",
      "geometry": {
        "type": "Point",
        "coordinates": [
          -53.2875,
          4.825167
        ]
      },
      "properties": {
        "name": "SAINT ELIE",
        "altitude": 128,
        "id": 97358001
      }
    },
    {
      "type": "Feature",
      "geometry": {
        "type": "Point",
        "coordinates": [
          -54.34,
          5.152333
        ]
      },
      "properties": {
        "name": "APATOU",
        "altitude": 16,
        "id": 97360003
      }
    },
    {
      "type": "Feature",
      "geometry": {
        "type": "Point",
        "coordinates": [
          -53.892,
          5.724833
        ]
      },
      "properties": {
        "name": "AWALA-YALIMAPO",
        "altitude": 2,
        "id": 97361001
      }
    },
    {
      "type": "Feature",
      "geometry": {
        "type": "Point",
        "coordinates": [
          55.361333,
          -21.211667
        ]
      },
      "properties": {
        "name": "LE TEVELAVE",
        "altitude": 908,
        "id": 97401520
      }
    },
    {
      "type": "Feature",
      "geometry": {
        "type": "Point",
        "coordinates": [
          55.3275,
          -21.2395
        ]
      },
      "properties": {
        "name": "LES AVIRONS - CIRAD",
        "altitude": 180,
        "id": 97401540
      }
    },
    {
      "type": "Feature",
      "geometry": {
        "type": "Point",
        "coordinates": [
          55.622667,
          -21.005
        ]
      },
      "properties": {
        "name": "BELLEVUE BRAS-PANON",
        "altitude": 480,
        "id": 97402240
      }
    },
    {
      "type": "Feature",
      "geometry": {
        "type": "Point",
        "coordinates": [
          55.4815,
          -21.189
        ]
      },
      "properties": {
        "name": "LE DIMITILE_SAPC",
        "altitude": 1808,
        "id": 97403410
      }
    },
    {
      "type": "Feature",
      "geometry": {
        "type": "Point",
        "coordinates": [
          55.474667,
          -21.228333
        ]
      },
      "properties": {
        "name": "BRAS-LONG_SAPC",
        "altitude": 510,
        "id": 97403435
      }
    },
    {
      "type": "Feature",
      "geometry": {
        "type": "Point",
        "coordinates": [
          55.38,
          -21.265
        ]
      },
      "properties": {
        "name": "PONT-MATHURIN",
        "altitude": 19,
        "id": 97404540
      }
    },
    {
      "type": "Feature",
      "geometry": {
        "type": "Point",
        "coordinates": [
          55.572333,
          -21.321167
        ]
      },
      "properties": {
        "name": "PITON-BLOC_SAPC",
        "altitude": 812,
        "id": 97405420
      }
    },
    {
      "type": "Feature",
      "geometry": {
        "type": "Point",
        "coordinates": [
          55.627167,
          -21.136167
        ]
      },
      "properties": {
        "name": "PLAINE DES PALMISTES",
        "altitude": 1032,
        "id": 97406220
      }
    },
    {
      "type": "Feature",
      "geometry": {
        "type": "Point",
        "coordinates": [
          55.282,
          -20.946167
        ]
      },
      "properties": {
        "name": "LE PORT",
        "altitude": 9,
        "id": 97407520
      }
    },
    {
      "type": "Feature",
      "geometry": {
        "type": "Point",
        "coordinates": [
          55.424833,
          -21.018833
        ]
      },
      "properties": {
        "name": "AURERE_SAPC",
        "altitude": 940,
        "id": 97408560
      }
    },
    {
      "type": "Feature",
      "geometry": {
        "type": "Point",
        "coordinates": [
          55.423333,
          -21.076667
        ]
      },
      "properties": {
        "name": "LA NOUVELLE_SAPC",
        "altitude": 1415,
        "id": 97408580
      }
    },
    {
      "type": "Feature",
      "geometry": {
        "type": "Point",
        "coordinates": [
          55.3905,
          -20.9785
        ]
      },
      "properties": {
        "name": "DOS D'ANE",
        "altitude": 1027,
        "id": 97408582
      }
    },
    {
      "type": "Feature",
      "geometry": {
        "type": "Point",
        "coordinates": [
          55.641333,
          -20.913667
        ]
      },
      "properties": {
        "name": "BOIS-ROUGE",
        "altitude": 5,
        "id": 97409210
      }
    },
    {
      "type": "Feature",
      "geometry": {
        "type": "Point",
        "coordinates": [
          55.625667,
          -20.961167
        ]
      },
      "properties": {
        "name": "MENCIOL",
        "altitude": 181,
        "id": 97409240
      }
    },
    {
      "type": "Feature",
      "geometry": {
        "type": "Point",
        "coordinates": [
          55.693333,
          -21.008
        ]
      },
      "properties": {
        "name": "BEAUVALLON",
        "altitude": 16,
        "id": 97410202
      }
    },
    {
      "type": "Feature",
      "geometry": {
        "type": "Point",
        "coordinates": [
          55.719333,
          -21.058833
        ]
      },
      "properties": {
        "name": "SAINT-BENOIT",
        "altitude": 43,
        "id": 97410238
      }
    },
    {
      "type": "Feature",
      "geometry": {
        "type": "Point",
        "coordinates": [
          55.630833,
          -21.076333
        ]
      },
      "properties": {
        "name": "TAKAMAKA - PK12_SAPC",
        "altitude": 660,
        "id": 97410250
      }
    },
    {
      "type": "Feature",
      "geometry": {
        "type": "Point",
        "coordinates": [
          55.6855,
          -21.076333
        ]
      },
      "properties": {
        "name": "CHEMIN DE CEINTURE_SAPC",
        "altitude": 255,
        "id": 97410265
      }
    },
    {
      "type": "Feature",
      "geometry": {
        "type": "Point",
        "coordinates": [
          55.495,
          -20.897
        ]
      },
      "properties": {
        "name": "CHAUDRON",
        "altitude": 38,
        "id": 97411132
      }
    },
    {
      "type": "Feature",
      "geometry": {
        "type": "Point",
        "coordinates": [
          55.4215,
          -20.9105
        ]
      },
      "properties": {
        "name": "COLORADO_SAPC",
        "altitude": 702,
        "id": 97411146
      }
    },
    {
      "type": "Feature",
      "geometry": {
        "type": "Point",
        "coordinates": [
          55.456333,
          -20.921333
        ]
      },
      "properties": {
        "name": "SAINT-FRANCOIS",
        "altitude": 545,
        "id": 97411150
      }
    },
    {
      "type": "Feature",
      "geometry": {
        "type": "Point",
        "coordinates": [
          55.496833,
          -20.938667
        ]
      },
      "properties": {
        "name": "MONTAUBAN_SAPC",
        "altitude": 420,
        "id": 97411155
      }
    },
    {
      "type": "Feature",
      "geometry": {
        "type": "Point",
        "coordinates": [
          55.4295,
          -20.941667
        ]
      },
      "properties": {
        "name": "LE BRULE - VAL FLEURI_SAPC",
        "altitude": 1069,
        "id": 97411164
      }
    },
    {
      "type": "Feature",
      "geometry": {
        "type": "Point",
        "coordinates": [
          55.444833,
          -20.987333
        ]
      },
      "properties": {
        "name": "PLAINE DES CHICOTS_SAPC",
        "altitude": 1834,
        "id": 97411170
      }
    },
    {
      "type": "Feature",
      "geometry": {
        "type": "Point",
        "coordinates": [
          55.643667,
          -21.208
        ]
      },
      "properties": {
        "name": "COMMERSON_SAPC",
        "altitude": 2310,
        "id": 97412302
      }
    },
    {
      "type": "Feature",
      "geometry": {
        "type": "Point",
        "coordinates": [
          55.631333,
          -21.301667
        ]
      },
      "properties": {
        "name": "GRAND-COUDE_SAPC",
        "altitude": 1085,
        "id": 97412336
      }
    },
    {
      "type": "Feature",
      "geometry": {
        "type": "Point",
        "coordinates": [
          55.639667,
          -21.3105
        ]
      },
      "properties": {
        "name": "GRAND-GALET",
        "altitude": 508,
        "id": 97412340
      }
    },
    {
      "type": "Feature",
      "geometry": {
        "type": "Point",
        "coordinates": [
          55.667667,
          -21.3375
        ]
      },
      "properties": {
        "name": "LA CRETE_SAPC",
        "altitude": 659,
        "id": 97412356
      }
    },
    {
      "type": "Feature",
      "geometry": {
        "type": "Point",
        "coordinates": [
          55.609667,
          -21.385167
        ]
      },
      "properties": {
        "name": "ST-JOSEPH_SAPC",
        "altitude": 13,
        "id": 97412384
      }
    },
    {
      "type": "Feature",
      "geometry": {
        "type": "Point",
        "coordinates": [
          55.304667,
          -21.130333
        ]
      },
      "properties": {
        "name": "COLIMACONS",
        "altitude": 798,
        "id": 97413520
      }
    },
    {
      "type": "Feature",
      "geometry": {
        "type": "Point",
        "coordinates": [
          55.292333,
          -21.19
        ]
      },
      "properties": {
        "name": "ST-LEU",
        "altitude": 79,
        "id": 97413542
      }
    },
    {
      "type": "Feature",
      "geometry": {
        "type": "Point",
        "coordinates": [
          55.300833,
          -21.187333
        ]
      },
      "properties": {
        "name": "SAINT-LEU - CIRAD",
        "altitude": 222,
        "id": 97413545
      }
    },
    {
      "type": "Feature",
      "geometry": {
        "type": "Point",
        "coordinates": [
          55.308833,
          -21.173333
        ]
      },
      "properties": {
        "name": "ETANG SAINT-LEU - CIRAD",
        "altitude": 429,
        "id": 97413550
      }
    },
    {
      "type": "Feature",
      "geometry": {
        "type": "Point",
        "coordinates": [
          55.325833,
          -21.215167
        ]
      },
      "properties": {
        "name": "PITON SAINT-LEU_SAPC",
        "altitude": 530,
        "id": 97413580
      }
    },
    {
      "type": "Feature",
      "geometry": {
        "type": "Point",
        "coordinates": [
          55.409167,
          -21.1995
        ]
      },
      "properties": {
        "name": "PLAINE DES MAKES_SAPC",
        "altitude": 980,
        "id": 97414409
      }
    },
    {
      "type": "Feature",
      "geometry": {
        "type": "Point",
        "coordinates": [
          55.444167,
          -21.224667
        ]
      },
      "properties": {
        "name": "LE TAPAGE - CIRAD",
        "altitude": 863,
        "id": 97414451
      }
    },
    {
      "type": "Feature",
      "geometry": {
        "type": "Point",
        "coordinates": [
          55.341167,
          -20.9975
        ]
      },
      "properties": {
        "name": "BOIS DE NEFLES ST-PAUL_SAPC",
        "altitude": 595,
        "id": 97415516
      }
    },
    {
      "type": "Feature",
      "geometry": {
        "type": "Point",
        "coordinates": [
          55.342,
          -21.045
        ]
      },
      "properties": {
        "name": "PETITE-FRANCE",
        "altitude": 1200,
        "id": 97415536
      }
    },
    {
      "type": "Feature",
      "geometry": {
        "type": "Point",
        "coordinates": [
          55.299667,
          -21.069167
        ]
      },
      "properties": {
        "name": "TAN-ROUGE_SAPC",
        "altitude": 750,
        "id": 97415541
      }
    },
    {
      "type": "Feature",
      "geometry": {
        "type": "Point",
        "coordinates": [
          55.241333,
          -21.053
        ]
      },
      "properties": {
        "name": "L'ERMITAGE - CIRAD",
        "altitude": 147,
        "id": 97415550
      }
    },
    {
      "type": "Feature",
      "geometry": {
        "type": "Point",
        "coordinates": [
          55.324333,
          -21.064667
        ]
      },
      "properties": {
        "name": "LE GUILLAUME",
        "altitude": 1035,
        "id": 97415557
      }
    },
    {
      "type": "Feature",
      "geometry": {
        "type": "Point",
        "coordinates": [
          55.381167,
          -21.076667
        ]
      },
      "properties": {
        "name": "PITON-MAIDO",
        "altitude": 2150,
        "id": 97415566
      }
    },
    {
      "type": "Feature",
      "geometry": {
        "type": "Point",
        "coordinates": [
          55.247667,
          -21.105167
        ]
      },
      "properties": {
        "name": "POINTE DES TROIS-BASSINS",
        "altitude": 5,
        "id": 97415590
      }
    },
    {
      "type": "Feature",
      "geometry": {
        "type": "Point",
        "coordinates": [
          55.475333,
          -21.2745
        ]
      },
      "properties": {
        "name": "RAVINE DES CABRIS - CIRAD",
        "altitude": 310,
        "id": 97416410
      }
    },
    {
      "type": "Feature",
      "geometry": {
        "type": "Point",
        "coordinates": [
          55.4255,
          -21.32
        ]
      },
      "properties": {
        "name": "PIERREFONDS-AEROPORT",
        "altitude": 21,
        "id": 97416463
      }
    },
    {
      "type": "Feature",
      "geometry": {
        "type": "Point",
        "coordinates": [
          55.486667,
          -21.315333
        ]
      },
      "properties": {
        "name": "LIGNE-PARADIS - CIRAD",
        "altitude": 178,
        "id": 97416465
      }
    },
    {
      "type": "Feature",
      "geometry": {
        "type": "Point",
        "coordinates": [
          55.801,
          -21.317333
        ]
      },
      "properties": {
        "name": "LE TREMBLET",
        "altitude": 91,
        "id": 97417340
      }
    },
    {
      "type": "Feature",
      "geometry": {
        "type": "Point",
        "coordinates": [
          55.732167,
          -21.359
        ]
      },
      "properties": {
        "name": "LE BARIL",
        "altitude": 114,
        "id": 97417360
      }
    },
    {
      "type": "Feature",
      "geometry": {
        "type": "Point",
        "coordinates": [
          55.528667,
          -20.892167
        ]
      },
      "properties": {
        "name": "GILLOT-AEROPORT",
        "altitude": 8,
        "id": 97418110
      }
    },
    {
      "type": "Feature",
      "geometry": {
        "type": "Point",
        "coordinates": [
          55.532,
          -20.9035
        ]
      },
      "properties": {
        "name": "LA MARE - CIRAD",
        "altitude": 68,
        "id": 97418123
      }
    },
    {
      "type": "Feature",
      "geometry": {
        "type": "Point",
        "coordinates": [
          55.527833,
          -20.967333
        ]
      },
      "properties": {
        "name": "PLAINE DES FOUGERES_SAPC",
        "altitude": 1064,
        "id": 97418170
      }
    },
    {
      "type": "Feature",
      "geometry": {
        "type": "Point",
        "coordinates": [
          55.758667,
          -21.120167
        ]
      },
      "properties": {
        "name": "RIVIERE DE L'EST - CIRAD",
        "altitude": 144,
        "id": 97419310
      }
    },
    {
      "type": "Feature",
      "geometry": {
        "type": "Point",
        "coordinates": [
          55.763667,
          -21.1595
        ]
      },
      "properties": {
        "name": "HAUTS DE SAINTE-ROSE_SAPC",
        "altitude": 820,
        "id": 97419320
      }
    },
    {
      "type": "Feature",
      "geometry": {
        "type": "Point",
        "coordinates": [
          55.828833,
          -21.1795
        ]
      },
      "properties": {
        "name": "GROS PITON SAINTE-ROSE",
        "altitude": 181,
        "id": 97419350
      }
    },
    {
      "type": "Feature",
      "geometry": {
        "type": "Point",
        "coordinates": [
          55.687,
          -21.217833
        ]
      },
      "properties": {
        "name": "BELLECOMBE-JACOB",
        "altitude": 2245,
        "id": 97419380
      }
    },
    {
      "type": "Feature",
      "geometry": {
        "type": "Point",
        "coordinates": [
          55.586,
          -20.902833
        ]
      },
      "properties": {
        "name": "GRAND-HAZIER - CIRAD",
        "altitude": 69,
        "id": 97420110
      }
    },
    {
      "type": "Feature",
      "geometry": {
        "type": "Point",
        "coordinates": [
          55.576667,
          -20.931
        ]
      },
      "properties": {
        "name": "BAGATELLE_SAPC",
        "altitude": 262,
        "id": 97420150
      }
    },
    {
      "type": "Feature",
      "geometry": {
        "type": "Point",
        "coordinates": [
          55.5875,
          -20.969
        ]
      },
      "properties": {
        "name": "BRAS-PISTOLET_SAPC",
        "altitude": 556,
        "id": 97420180
      }
    },
    {
      "type": "Feature",
      "geometry": {
        "type": "Point",
        "coordinates": [
          55.512167,
          -21.027833
        ]
      },
      "properties": {
        "name": "MARE A VIEILLE PLACE",
        "altitude": 870,
        "id": 97421210
      }
    },
    {
      "type": "Feature",
      "geometry": {
        "type": "Point",
        "coordinates": [
          55.471667,
          -21.028667
        ]
      },
      "properties": {
        "name": "GRAND-ILET_SAPC",
        "altitude": 1185,
        "id": 97421220
      }
    },
    {
      "type": "Feature",
      "geometry": {
        "type": "Point",
        "coordinates": [
          55.5385,
          -21.031667
        ]
      },
      "properties": {
        "name": "SALAZIE-VILLAGE_SAPC",
        "altitude": 476,
        "id": 97421240
      }
    },
    {
      "type": "Feature",
      "geometry": {
        "type": "Point",
        "coordinates": [
          55.5365,
          -21.060833
        ]
      },
      "properties": {
        "name": "BELOUVE_SAPC",
        "altitude": 1500,
        "id": 97421260
      }
    },
    {
      "type": "Feature",
      "geometry": {
        "type": "Point",
        "coordinates": [
          55.510333,
          -21.063167
        ]
      },
      "properties": {
        "name": "ILET A VIDOT_SAPC",
        "altitude": 940,
        "id": 97421265
      }
    },
    {
      "type": "Feature",
      "geometry": {
        "type": "Point",
        "coordinates": [
          55.572833,
          -21.209167
        ]
      },
      "properties": {
        "name": "PLAINE DES CAFRES",
        "altitude": 1560,
        "id": 97422440
      }
    },
    {
      "type": "Feature",
      "geometry": {
        "type": "Point",
        "coordinates": [
          55.525167,
          -21.205667
        ]
      },
      "properties": {
        "name": "BRAS-SEC",
        "altitude": 1210,
        "id": 97422445
      }
    },
    {
      "type": "Feature",
      "geometry": {
        "type": "Point",
        "coordinates": [
          55.503167,
          -21.231333
        ]
      },
      "properties": {
        "name": "PONT D'YVES",
        "altitude": 835,
        "id": 97422455
      }
    },
    {
      "type": "Feature",
      "geometry": {
        "type": "Point",
        "coordinates": [
          55.530333,
          -21.251667
        ]
      },
      "properties": {
        "name": "LE TAMPON - CIRAD",
        "altitude": 860,
        "id": 97422465
      }
    },
    {
      "type": "Feature",
      "geometry": {
        "type": "Point",
        "coordinates": [
          55.471667,
          -21.134167
        ]
      },
      "properties": {
        "name": "CILAOS",
        "altitude": 1197,
        "id": 97424410
      }
    },
    {
      "type": "Feature",
      "geometry": {
        "type": "Point",
        "coordinates": [
          55.438167,
          -21.1535
        ]
      },
      "properties": {
        "name": "ILET A CORDES_SAPC",
        "altitude": 1067,
        "id": 97424450
      }
    },
    {
      "type": "Feature",
      "geometry": {
        "type": "Point",
        "coordinates": [
          55.4745,
          -21.168667
        ]
      },
      "properties": {
        "name": "PALMISTE-ROUGE",
        "altitude": 830,
        "id": 97424460
      }
    },
    {
      "type": "Feature",
      "geometry": {
        "type": "Point",
        "coordinates": [
          -56.179167,
          46.766333
        ]
      },
      "properties": {
        "name": "ST-PIERRE",
        "altitude": 21,
        "id": 97502001
      }
    },
    {
      "type": "Feature",
      "geometry": {
        "type": "Point",
        "coordinates": [
          47.289667,
          -11.582667
        ]
      },
      "properties": {
        "name": "GLORIEUSES",
        "altitude": 3,
        "id": 98403001
      }
    },
    {
      "type": "Feature",
      "geometry": {
        "type": "Point",
        "coordinates": [
          42.712,
          -17.054667
        ]
      },
      "properties": {
        "name": "JUAN DE NOVA",
        "altitude": 9,
        "id": 98403002
      }
    },
    {
      "type": "Feature",
      "geometry": {
        "type": "Point",
        "coordinates": [
          40.340667,
          -22.344167
        ]
      },
      "properties": {
        "name": "EUROPA",
        "altitude": 6,
        "id": 98403003
      }
    },
    {
      "type": "Feature",
      "geometry": {
        "type": "Point",
        "coordinates": [
          54.520667,
          -15.887667
        ]
      },
      "properties": {
        "name": "TROMELIN",
        "altitude": 7,
        "id": 98403004
      }
    },
    {
      "type": "Feature",
      "geometry": {
        "type": "Point",
        "coordinates": [
          70.243333,
          -49.352333
        ]
      },
      "properties": {
        "name": "KERGUELEN",
        "altitude": 29,
        "id": 98404001
      }
    },
    {
      "type": "Feature",
      "geometry": {
        "type": "Point",
        "coordinates": [
          77.569167,
          -37.795167
        ]
      },
      "properties": {
        "name": "NOUVELLE AMSTERDAM",
        "altitude": 27,
        "id": 98404002
      }
    },
    {
      "type": "Feature",
      "geometry": {
        "type": "Point",
        "coordinates": [
          140.001,
          -66.663167
        ]
      },
      "properties": {
        "name": "DUMONT D'URVILLE",
        "altitude": 43,
        "id": 98404003
      }
    },
    {
      "type": "Feature",
      "geometry": {
        "type": "Point",
        "coordinates": [
          51.856667,
          -46.4325
        ]
      },
      "properties": {
        "name": "CROZET",
        "altitude": 146,
        "id": 98404004
      }
    },
    {
      "type": "Feature",
      "geometry": {
        "type": "Point",
        "coordinates": [
          45.105333,
          -12.715
        ]
      },
      "properties": {
        "name": "DZOUMOGNE_SAPC",
        "altitude": 60,
        "id": 98502001
      }
    },
    {
      "type": "Feature",
      "geometry": {
        "type": "Point",
        "coordinates": [
          45.192667,
          -12.915167
        ]
      },
      "properties": {
        "name": "BANDRELE",
        "altitude": 26,
        "id": 98503001
      }
    },
    {
      "type": "Feature",
      "geometry": {
        "type": "Point",
        "coordinates": [
          45.282833,
          -12.8055
        ]
      },
      "properties": {
        "name": "PAMANDZI",
        "altitude": 7,
        "id": 98508001
      }
    },
    {
      "type": "Feature",
      "geometry": {
        "type": "Point",
        "coordinates": [
          45.1925,
          -12.7295
        ]
      },
      "properties": {
        "name": "TREVANI",
        "altitude": 14,
        "id": 98510002
      }
    },
    {
      "type": "Feature",
      "geometry": {
        "type": "Point",
        "coordinates": [
          45.167167,
          -12.795
        ]
      },
      "properties": {
        "name": "VAHIBE_SAPC",
        "altitude": 222,
        "id": 98511003
      }
    },
    {
      "type": "Feature",
      "geometry": {
        "type": "Point",
        "coordinates": [
          45.074333,
          -12.684167
        ]
      },
      "properties": {
        "name": "MTZAMBORO",
        "altitude": 75,
        "id": 98512001
      }
    },
    {
      "type": "Feature",
      "geometry": {
        "type": "Point",
        "coordinates": [
          45.132667,
          -12.831
        ]
      },
      "properties": {
        "name": "COCONI OUANGANI",
        "altitude": 96,
        "id": 98514001
      }
    },
    {
      "type": "Feature",
      "geometry": {
        "type": "Point",
        "coordinates": [
          -178.121,
          -14.307833
        ]
      },
      "properties": {
        "name": "MAOPOOPO",
        "altitude": 35,
        "id": 98611001
      }
    },
    {
      "type": "Feature",
      "geometry": {
        "type": "Point",
        "coordinates": [
          -176.194167,
          -13.239833
        ]
      },
      "properties": {
        "name": "HIHIFO",
        "altitude": 30,
        "id": 98613001
      }
    },
    {
      "type": "Feature",
      "geometry": {
        "type": "Point",
        "coordinates": [
          -176.2285,
          -13.319333
        ]
      },
      "properties": {
        "name": "MALA'ETOLI",
        "altitude": 5,
        "id": 98613004
      }
    },
    {
      "type": "Feature",
      "geometry": {
        "type": "Point",
        "coordinates": [
          -145.508333,
          -17.357
        ]
      },
      "properties": {
        "name": "ANAA1",
        "altitude": 3,
        "id": 98711002
      }
    },
    {
      "type": "Feature",
      "geometry": {
        "type": "Point",
        "coordinates": [
          -149.5855,
          -17.014333
        ]
      },
      "properties": {
        "name": "TETIAROA 1",
        "altitude": 2,
        "id": 98712001
      }
    },
    {
      "type": "Feature",
      "geometry": {
        "type": "Point",
        "coordinates": [
          -151.752,
          -16.445167
        ]
      },
      "properties": {
        "name": "BORA-BORA-MOTU-AERO",
        "altitude": 3,
        "id": 98714002
      }
    },
    {
      "type": "Feature",
      "geometry": {
        "type": "Point",
        "coordinates": [
          -151.7315,
          -16.5135
        ]
      },
      "properties": {
        "name": "NUNUE 3",
        "altitude": 7,
        "id": 98714007
      }
    },
    {
      "type": "Feature",
      "geometry": {
        "type": "Point",
        "coordinates": [
          -151.7215,
          -16.487
        ]
      },
      "properties": {
        "name": "ANAU3",
        "altitude": 93,
        "id": 98714009
      }
    },
    {
      "type": "Feature",
      "geometry": {
        "type": "Point",
        "coordinates": [
          -149.614333,
          -17.555167
        ]
      },
      "properties": {
        "name": "FAAA",
        "altitude": 2,
        "id": 98715002
      }
    },
    {
      "type": "Feature",
      "geometry": {
        "type": "Point",
        "coordinates": [
          -149.573333,
          -17.566667
        ]
      },
      "properties": {
        "name": "FAAA 3",
        "altitude": 338,
        "id": 98715003
      }
    },
    {
      "type": "Feature",
      "geometry": {
        "type": "Point",
        "coordinates": [
          -138.681667,
          -10.516667
        ]
      },
      "properties": {
        "name": "OMOA",
        "altitude": 4,
        "id": 98718001
      }
    },
    {
      "type": "Feature",
      "geometry": {
        "type": "Point",
        "coordinates": [
          -134.965333,
          -23.130167
        ]
      },
      "properties": {
        "name": "MANGAREVA",
        "altitude": 91,
        "id": 98719005
      }
    },
    {
      "type": "Feature",
      "geometry": {
        "type": "Point",
        "coordinates": [
          -140.961167,
          -18.063
        ]
      },
      "properties": {
        "name": "HAO AERO",
        "altitude": 5,
        "id": 98720002
      }
    },
    {
      "type": "Feature",
      "geometry": {
        "type": "Point",
        "coordinates": [
          -149.4255,
          -17.513167
        ]
      },
      "properties": {
        "name": "PAPENOO 1",
        "altitude": 41,
        "id": 98722003
      }
    },
    {
      "type": "Feature",
      "geometry": {
        "type": "Point",
        "coordinates": [
          -149.341667,
          -17.543667
        ]
      },
      "properties": {
        "name": "TIAREI 2",
        "altitude": 2,
        "id": 98722005
      }
    },
    {
      "type": "Feature",
      "geometry": {
        "type": "Point",
        "coordinates": [
          -149.301833,
          -17.601333
        ]
      },
      "properties": {
        "name": "HITIAA 5",
        "altitude": 3,
        "id": 98722026
      }
    },
    {
      "type": "Feature",
      "geometry": {
        "type": "Point",
        "coordinates": [
          -139.035667,
          -9.806
        ]
      },
      "properties": {
        "name": "HIVA-OA",
        "altitude": 51,
        "id": 98723001
      }
    },
    {
      "type": "Feature",
      "geometry": {
        "type": "Point",
        "coordinates": [
          -139.009833,
          -9.723
        ]
      },
      "properties": {
        "name": "HANAIAPA",
        "altitude": 15,
        "id": 98723003
      }
    },
    {
      "type": "Feature",
      "geometry": {
        "type": "Point",
        "coordinates": [
          -138.876,
          -9.766667
        ]
      },
      "properties": {
        "name": "PUAMAU",
        "altitude": 106,
        "id": 98723004
      }
    },
    {
      "type": "Feature",
      "geometry": {
        "type": "Point",
        "coordinates": [
          -151.028333,
          -16.723833
        ]
      },
      "properties": {
        "name": "FARE",
        "altitude": 14,
        "id": 98724001
      }
    },
    {
      "type": "Feature",
      "geometry": {
        "type": "Point",
        "coordinates": [
          -150.988333,
          -16.818167
        ]
      },
      "properties": {
        "name": "PAREA 2",
        "altitude": 2,
        "id": 98724007
      }
    },
    {
      "type": "Feature",
      "geometry": {
        "type": "Point",
        "coordinates": [
          -149.483333,
          -17.506167
        ]
      },
      "properties": {
        "name": "MAHINA 8",
        "altitude": 10,
        "id": 98725008
      }
    },
    {
      "type": "Feature",
      "geometry": {
        "type": "Point",
        "coordinates": [
          -149.492667,
          -17.5255
        ]
      },
      "properties": {
        "name": "MAHINA 9",
        "altitude": 278,
        "id": 98725010
      }
    },
    {
      "type": "Feature",
      "geometry": {
        "type": "Point",
        "coordinates": [
          -152.248667,
          -16.449667
        ]
      },
      "properties": {
        "name": "PETEI",
        "altitude": 2,
        "id": 98728001
      }
    },
    {
      "type": "Feature",
      "geometry": {
        "type": "Point",
        "coordinates": [
          -149.811667,
          -17.523333
        ]
      },
      "properties": {
        "name": "PAOPAO 1",
        "altitude": 100,
        "id": 98729003
      }
    },
    {
      "type": "Feature",
      "geometry": {
        "type": "Point",
        "coordinates": [
          -149.791333,
          -17.548833
        ]
      },
      "properties": {
        "name": "AFAREAITU 2",
        "altitude": 10,
        "id": 98729007
      }
    },
    {
      "type": "Feature",
      "geometry": {
        "type": "Point",
        "coordinates": [
          -149.766167,
          -17.486333
        ]
      },
      "properties": {
        "name": "MOOREA-AERO",
        "altitude": 5,
        "id": 98729009
      }
    },
    {
      "type": "Feature",
      "geometry": {
        "type": "Point",
        "coordinates": [
          -149.849167,
          -17.521167
        ]
      },
      "properties": {
        "name": "PAPETOAI 4",
        "altitude": 17,
        "id": 98729010
      }
    },
    {
      "type": "Feature",
      "geometry": {
        "type": "Point",
        "coordinates": [
          -149.900167,
          -17.533
        ]
      },
      "properties": {
        "name": "HAAPITI5",
        "altitude": 15,
        "id": 98729015
      }
    },
    {
      "type": "Feature",
      "geometry": {
        "type": "Point",
        "coordinates": [
          -140.0755,
          -8.8235
        ]
      },
      "properties": {
        "name": "HATIHEU",
        "altitude": 6,
        "id": 98731002
      }
    },
    {
      "type": "Feature",
      "geometry": {
        "type": "Point",
        "coordinates": [
          -140.058667,
          -8.869667
        ]
      },
      "properties": {
        "name": "TAIPIVAI",
        "altitude": 10,
        "id": 98731003
      }
    },
    {
      "type": "Feature",
      "geometry": {
        "type": "Point",
        "coordinates": [
          -140.220667,
          -8.7935
        ]
      },
      "properties": {
        "name": "NUKUATAHA AERO",
        "altitude": 64,
        "id": 98731007
      }
    },
    {
      "type": "Feature",
      "geometry": {
        "type": "Point",
        "coordinates": [
          -149.581833,
          -17.696167
        ]
      },
      "properties": {
        "name": "PAEA 3",
        "altitude": 5,
        "id": 98733003
      }
    },
    {
      "type": "Feature",
      "geometry": {
        "type": "Point",
        "coordinates": [
          -149.460833,
          -17.774833
        ]
      },
      "properties": {
        "name": "PAPARA 7",
        "altitude": 8,
        "id": 98734007
      }
    },
    {
      "type": "Feature",
      "geometry": {
        "type": "Point",
        "coordinates": [
          -149.5625,
          -17.7485
        ]
      },
      "properties": {
        "name": "PAPARA 8",
        "altitude": 1,
        "id": 98734009
      }
    },
    {
      "type": "Feature",
      "geometry": {
        "type": "Point",
        "coordinates": [
          -149.5585,
          -17.546333
        ]
      },
      "properties": {
        "name": "PAPEETE 2",
        "altitude": 39,
        "id": 98735002
      }
    },
    {
      "type": "Feature",
      "geometry": {
        "type": "Point",
        "coordinates": [
          -149.539167,
          -17.535833
        ]
      },
      "properties": {
        "name": "PIRAE 1",
        "altitude": 34,
        "id": 98736001
      }
    },
    {
      "type": "Feature",
      "geometry": {
        "type": "Point",
        "coordinates": [
          -149.598167,
          -17.634333
        ]
      },
      "properties": {
        "name": "PUNAAUIA 6",
        "altitude": 10,
        "id": 98738006
      }
    },
    {
      "type": "Feature",
      "geometry": {
        "type": "Point",
        "coordinates": [
          -149.589,
          -17.641167
        ]
      },
      "properties": {
        "name": "PUNAAUIA 7",
        "altitude": 300,
        "id": 98738007
      }
    },
    {
      "type": "Feature",
      "geometry": {
        "type": "Point",
        "coordinates": [
          -147.66,
          -23.880833
        ]
      },
      "properties": {
        "name": "RAIRUA 1",
        "altitude": 1,
        "id": 98739003
      }
    },
    {
      "type": "Feature",
      "geometry": {
        "type": "Point",
        "coordinates": [
          -147.6595,
          -14.955667
        ]
      },
      "properties": {
        "name": "RANGIROA AERO",
        "altitude": 7,
        "id": 98740002
      }
    },
    {
      "type": "Feature",
      "geometry": {
        "type": "Point",
        "coordinates": [
          -144.334833,
          -27.618333
        ]
      },
      "properties": {
        "name": "RAPA",
        "altitude": 2,
        "id": 98741001
      }
    },
    {
      "type": "Feature",
      "geometry": {
        "type": "Point",
        "coordinates": [
          -152.8045,
          -22.638
        ]
      },
      "properties": {
        "name": "MOORERE",
        "altitude": 17,
        "id": 98743003
      }
    },
    {
      "type": "Feature",
      "geometry": {
        "type": "Point",
        "coordinates": [
          -151.3225,
          -22.463
        ]
      },
      "properties": {
        "name": "MOERAI 2",
        "altitude": 5,
        "id": 98744005
      }
    },
    {
      "type": "Feature",
      "geometry": {
        "type": "Point",
        "coordinates": [
          -149.2115,
          -17.745
        ]
      },
      "properties": {
        "name": "PUEU 1",
        "altitude": 4,
        "id": 98747002
      }
    },
    {
      "type": "Feature",
      "geometry": {
        "type": "Point",
        "coordinates": [
          -149.265,
          -17.771667
        ]
      },
      "properties": {
        "name": "AFAAHITI 2",
        "altitude": 450,
        "id": 98747004
      }
    },
    {
      "type": "Feature",
      "geometry": {
        "type": "Point",
        "coordinates": [
          -149.318333,
          -17.732
        ]
      },
      "properties": {
        "name": "AFAAHITI 3",
        "altitude": 10,
        "id": 98747005
      }
    },
    {
      "type": "Feature",
      "geometry": {
        "type": "Point",
        "coordinates": [
          -149.158833,
          -17.745667
        ]
      },
      "properties": {
        "name": "TAIARAPU-EST",
        "altitude": 2,
        "id": 98747011
      }
    },
    {
      "type": "Feature",
      "geometry": {
        "type": "Point",
        "coordinates": [
          -149.292,
          -17.749
        ]
      },
      "properties": {
        "name": "AFAAHITI 7",
        "altitude": 120,
        "id": 98747016
      }
    },
    {
      "type": "Feature",
      "geometry": {
        "type": "Point",
        "coordinates": [
          -149.293167,
          -17.8055
        ]
      },
      "properties": {
        "name": "VAIRAO 1",
        "altitude": 2,
        "id": 98748001
      }
    },
    {
      "type": "Feature",
      "geometry": {
        "type": "Point",
        "coordinates": [
          -149.246667,
          -17.859333
        ]
      },
      "properties": {
        "name": "TEAHUPOO",
        "altitude": 10,
        "id": 98748012
      }
    },
    {
      "type": "Feature",
      "geometry": {
        "type": "Point",
        "coordinates": [
          -145.025167,
          -14.456833
        ]
      },
      "properties": {
        "name": "TAKAROA",
        "altitude": 2,
        "id": 98749001
      }
    },
    {
      "type": "Feature",
      "geometry": {
        "type": "Point",
        "coordinates": [
          -151.372833,
          -16.8265
        ]
      },
      "properties": {
        "name": "OPOA",
        "altitude": 2,
        "id": 98750003
      }
    },
    {
      "type": "Feature",
      "geometry": {
        "type": "Point",
        "coordinates": [
          -149.376833,
          -17.758833
        ]
      },
      "properties": {
        "name": "PAPEARI 1",
        "altitude": 2,
        "id": 98752001
      }
    },
    {
      "type": "Feature",
      "geometry": {
        "type": "Point",
        "coordinates": [
          -149.477167,
          -23.344833
        ]
      },
      "properties": {
        "name": "MATAURA 1",
        "altitude": 2,
        "id": 98753001
      }
    },
    {
      "type": "Feature",
      "geometry": {
        "type": "Point",
        "coordinates": [
          -149.529333,
          -23.370667
        ]
      },
      "properties": {
        "name": "TUBUAI AERO",
        "altitude": 3,
        "id": 98753002
      }
    },
    {
      "type": "Feature",
      "geometry": {
        "type": "Point",
        "coordinates": [
          -138.822833,
          -21.8105
        ]
      },
      "properties": {
        "name": "MORUROA",
        "altitude": 3,
        "id": 98755002
      }
    },
    {
      "type": "Feature",
      "geometry": {
        "type": "Point",
        "coordinates": [
          163.661,
          -19.719833
        ]
      },
      "properties": {
        "name": "BELEP AEROD",
        "altitude": 88,
        "id": 98801001
      }
    },
    {
      "type": "Feature",
      "geometry": {
        "type": "Point",
        "coordinates": [
          166.051833,
          -21.874167
        ]
      },
      "properties": {
        "name": "BOULOUPARIS",
        "altitude": 8,
        "id": 98802001
      }
    },
    {
      "type": "Feature",
      "geometry": {
        "type": "Point",
        "coordinates": [
          165.999833,
          -21.9425
        ]
      },
      "properties": {
        "name": "BOURAKE",
        "altitude": 53,
        "id": 98802003
      }
    },
    {
      "type": "Feature",
      "geometry": {
        "type": "Point",
        "coordinates": [
          166.084,
          -21.926167
        ]
      },
      "properties": {
        "name": "LA OUENGHI",
        "altitude": 8,
        "id": 98802006
      }
    },
    {
      "type": "Feature",
      "geometry": {
        "type": "Point",
        "coordinates": [
          166.063167,
          -21.815
        ]
      },
      "properties": {
        "name": "NASSIRAH",
        "altitude": 52,
        "id": 98802008
      }
    },
    {
      "type": "Feature",
      "geometry": {
        "type": "Point",
        "coordinates": [
          166.174167,
          -21.765
        ]
      },
      "properties": {
        "name": "CAMP DES SAPINS",
        "altitude": 782,
        "id": 98802102
      }
    },
    {
      "type": "Feature",
      "geometry": {
        "type": "Point",
        "coordinates": [
          165.493833,
          -21.554833
        ]
      },
      "properties": {
        "name": "BOURAIL",
        "altitude": 25,
        "id": 98803001
      }
    },
    {
      "type": "Feature",
      "geometry": {
        "type": "Point",
        "coordinates": [
          165.480167,
          -21.6205
        ]
      },
      "properties": {
        "name": "NESSADIOU",
        "altitude": 2,
        "id": 98803003
      }
    },
    {
      "type": "Feature",
      "geometry": {
        "type": "Point",
        "coordinates": [
          165.399833,
          -21.608
        ]
      },
      "properties": {
        "name": "POE",
        "altitude": 6,
        "id": 98803005
      }
    },
    {
      "type": "Feature",
      "geometry": {
        "type": "Point",
        "coordinates": [
          165.969167,
          -21.526333
        ]
      },
      "properties": {
        "name": "CANALA",
        "altitude": 35,
        "id": 98804001
      }
    },
    {
      "type": "Feature",
      "geometry": {
        "type": "Point",
        "coordinates": [
          166.481167,
          -22.135833
        ]
      },
      "properties": {
        "name": "DUMBEA",
        "altitude": 15,
        "id": 98805001
      }
    },
    {
      "type": "Feature",
      "geometry": {
        "type": "Point",
        "coordinates": [
          166.4355,
          -22.171167
        ]
      },
      "properties": {
        "name": "NAKUTAKOIN",
        "altitude": 3,
        "id": 98805004
      }
    },
    {
      "type": "Feature",
      "geometry": {
        "type": "Point",
        "coordinates": [
          164.9495,
          -20.688333
        ]
      },
      "properties": {
        "name": "HIENGHENE GEND",
        "altitude": 22,
        "id": 98807001
      }
    },
    {
      "type": "Feature",
      "geometry": {
        "type": "Point",
        "coordinates": [
          165.628,
          -21.278333
        ]
      },
      "properties": {
        "name": "HOUAILOU P",
        "altitude": 11,
        "id": 98808001
      }
    },
    {
      "type": "Feature",
      "geometry": {
        "type": "Point",
        "coordinates": [
          165.454,
          -21.423333
        ]
      },
      "properties": {
        "name": "COL ROUSSETTES",
        "altitude": 361,
        "id": 98808002
      }
    },
    {
      "type": "Feature",
      "geometry": {
        "type": "Point",
        "coordinates": [
          167.452167,
          -22.589833
        ]
      },
      "properties": {
        "name": "MOUE",
        "altitude": 95,
        "id": 98809001
      }
    },
    {
      "type": "Feature",
      "geometry": {
        "type": "Point",
        "coordinates": [
          164.396,
          -20.667167
        ]
      },
      "properties": {
        "name": "GOMEN",
        "altitude": 15,
        "id": 98810001
      }
    },
    {
      "type": "Feature",
      "geometry": {
        "type": "Point",
        "coordinates": [
          164.468833,
          -20.837
        ]
      },
      "properties": {
        "name": "OUACO",
        "altitude": 11,
        "id": 98810002
      }
    },
    {
      "type": "Feature",
      "geometry": {
        "type": "Point",
        "coordinates": [
          164.8335,
          -21.051333
        ]
      },
      "properties": {
        "name": "KONE",
        "altitude": 9,
        "id": 98811001
      }
    },
    {
      "type": "Feature",
      "geometry": {
        "type": "Point",
        "coordinates": [
          165.026167,
          -20.983667
        ]
      },
      "properties": {
        "name": "TANGO",
        "altitude": 341,
        "id": 98811004
      }
    },
    {
      "type": "Feature",
      "geometry": {
        "type": "Point",
        "coordinates": [
          164.284167,
          -20.558667
        ]
      },
      "properties": {
        "name": "KOUMAC",
        "altitude": 25,
        "id": 98812001
      }
    },
    {
      "type": "Feature",
      "geometry": {
        "type": "Point",
        "coordinates": [
          165.814667,
          -21.701333
        ]
      },
      "properties": {
        "name": "LA FOA",
        "altitude": 12,
        "id": 98813001
      }
    },
    {
      "type": "Feature",
      "geometry": {
        "type": "Point",
        "coordinates": [
          165.899167,
          -21.733833
        ]
      },
      "properties": {
        "name": "POCQUEREUX",
        "altitude": 38,
        "id": 98813004
      }
    },
    {
      "type": "Feature",
      "geometry": {
        "type": "Point",
        "coordinates": [
          167.241167,
          -20.777667
        ]
      },
      "properties": {
        "name": "OUANAHAM",
        "altitude": 30,
        "id": 98814001
      }
    },
    {
      "type": "Feature",
      "geometry": {
        "type": "Point",
        "coordinates": [
          167.1515,
          -20.785167
        ]
      },
      "properties": {
        "name": "CHEPENEHE",
        "altitude": 10,
        "id": 98814003
      }
    },
    {
      "type": "Feature",
      "geometry": {
        "type": "Point",
        "coordinates": [
          167.1565,
          -20.939333
        ]
      },
      "properties": {
        "name": "HAPETRA",
        "altitude": 29,
        "id": 98814004
      }
    },
    {
      "type": "Feature",
      "geometry": {
        "type": "Point",
        "coordinates": [
          167.425333,
          -21.083333
        ]
      },
      "properties": {
        "name": "MOU",
        "altitude": 8,
        "id": 98814007
      }
    },
    {
      "type": "Feature",
      "geometry": {
        "type": "Point",
        "coordinates": [
          168.035667,
          -21.4815
        ]
      },
      "properties": {
        "name": "LA ROCHE",
        "altitude": 41,
        "id": 98815001
      }
    },
    {
      "type": "Feature",
      "geometry": {
        "type": "Point",
        "coordinates": [
          167.884333,
          -21.549
        ]
      },
      "properties": {
        "name": "TADINE",
        "altitude": 35,
        "id": 98815002
      }
    },
    {
      "type": "Feature",
      "geometry": {
        "type": "Point",
        "coordinates": [
          165.581,
          -21.702167
        ]
      },
      "properties": {
        "name": "TIARET",
        "altitude": 25,
        "id": 98816002
      }
    },
    {
      "type": "Feature",
      "geometry": {
        "type": "Point",
        "coordinates": [
          166.650167,
          -22.293667
        ]
      },
      "properties": {
        "name": "PLUM",
        "altitude": 30,
        "id": 98817002
      }
    },
    {
      "type": "Feature",
      "geometry": {
        "type": "Point",
        "coordinates": [
          166.600333,
          -22.229833
        ]
      },
      "properties": {
        "name": "LA COULEE",
        "altitude": 21,
        "id": 98817005
      }
    },
    {
      "type": "Feature",
      "geometry": {
        "type": "Point",
        "coordinates": [
          166.908667,
          -22.3395
        ]
      },
      "properties": {
        "name": "GORO_USINE",
        "altitude": 159,
        "id": 98817104
      }
    },
    {
      "type": "Feature",
      "geometry": {
        "type": "Point",
        "coordinates": [
          166.452833,
          -22.276
        ]
      },
      "properties": {
        "name": "NOUMEA",
        "altitude": 69,
        "id": 98818001
      }
    },
    {
      "type": "Feature",
      "geometry": {
        "type": "Point",
        "coordinates": [
          166.473667,
          -22.260333
        ]
      },
      "properties": {
        "name": "MAGENTA",
        "altitude": 3,
        "id": 98818002
      }
    },
    {
      "type": "Feature",
      "geometry": {
        "type": "Point",
        "coordinates": [
          166.467333,
          -22.478333
        ]
      },
      "properties": {
        "name": "PHARE AMEDEE",
        "altitude": 3,
        "id": 98818003
      }
    },
    {
      "type": "Feature",
      "geometry": {
        "type": "Point",
        "coordinates": [
          163.086333,
          -18.48
        ]
      },
      "properties": {
        "name": "SURPRISE",
        "altitude": 4,
        "id": 98818201
      }
    },
    {
      "type": "Feature",
      "geometry": {
        "type": "Point",
        "coordinates": [
          158.4755,
          -19.968333
        ]
      },
      "properties": {
        "name": "CHESTERFIELD",
        "altitude": 4,
        "id": 98818202
      }
    },
    {
      "type": "Feature",
      "geometry": {
        "type": "Point",
        "coordinates": [
          164.44,
          -20.345167
        ]
      },
      "properties": {
        "name": "OUEGOA",
        "altitude": 9,
        "id": 98819001
      }
    },
    {
      "type": "Feature",
      "geometry": {
        "type": "Point",
        "coordinates": [
          166.571,
          -20.639167
        ]
      },
      "properties": {
        "name": "OULOUP",
        "altitude": 7,
        "id": 98820001
      }
    },
    {
      "type": "Feature",
      "geometry": {
        "type": "Point",
        "coordinates": [
          166.422,
          -20.722333
        ]
      },
      "properties": {
        "name": "MOULI",
        "altitude": 4,
        "id": 98820003
      }
    },
    {
      "type": "Feature",
      "geometry": {
        "type": "Point",
        "coordinates": [
          166.222333,
          -22.017333
        ]
      },
      "properties": {
        "name": "LA TONTOUTA",
        "altitude": 37,
        "id": 98821001
      }
    },
    {
      "type": "Feature",
      "geometry": {
        "type": "Point",
        "coordinates": [
          166.373833,
          -22.133167
        ]
      },
      "properties": {
        "name": "PAITA",
        "altitude": 35,
        "id": 98821002
      }
    },
    {
      "type": "Feature",
      "geometry": {
        "type": "Point",
        "coordinates": [
          166.319833,
          -22.104667
        ]
      },
      "properties": {
        "name": "PORT LAGUERRE",
        "altitude": 23,
        "id": 98821005
      }
    },
    {
      "type": "Feature",
      "geometry": {
        "type": "Point",
        "coordinates": [
          165.328,
          -20.9325
        ]
      },
      "properties": {
        "name": "POINDIMIE",
        "altitude": 14,
        "id": 98822001
      }
    },
    {
      "type": "Feature",
      "geometry": {
        "type": "Point",
        "coordinates": [
          165.404333,
          -21.072167
        ]
      },
      "properties": {
        "name": "PONERIHOUEN",
        "altitude": 27,
        "id": 98823001
      }
    },
    {
      "type": "Feature",
      "geometry": {
        "type": "Point",
        "coordinates": [
          165.284667,
          -21.178167
        ]
      },
      "properties": {
        "name": "AOUPINIE",
        "altitude": 905,
        "id": 98823002
      }
    },
    {
      "type": "Feature",
      "geometry": {
        "type": "Point",
        "coordinates": [
          164.568333,
          -20.383167
        ]
      },
      "properties": {
        "name": "POUEBO",
        "altitude": 63,
        "id": 98824001
      }
    },
    {
      "type": "Feature",
      "geometry": {
        "type": "Point",
        "coordinates": [
          165.0245,
          -21.170833
        ]
      },
      "properties": {
        "name": "KOPETO",
        "altitude": 939,
        "id": 98825002
      }
    },
    {
      "type": "Feature",
      "geometry": {
        "type": "Point",
        "coordinates": [
          164.022333,
          -20.2325
        ]
      },
      "properties": {
        "name": "POUM",
        "altitude": 3,
        "id": 98826001
      }
    },
    {
      "type": "Feature",
      "geometry": {
        "type": "Point",
        "coordinates": [
          164.031333,
          -20.081167
        ]
      },
      "properties": {
        "name": "POINGAM",
        "altitude": 35,
        "id": 98826002
      }
    },
    {
      "type": "Feature",
      "geometry": {
        "type": "Point",
        "coordinates": [
          165.157,
          -21.345333
        ]
      },
      "properties": {
        "name": "POYA",
        "altitude": 7,
        "id": 98827001
      }
    },
    {
      "type": "Feature",
      "geometry": {
        "type": "Point",
        "coordinates": [
          165.002167,
          -21.318167
        ]
      },
      "properties": {
        "name": "NEPOUI",
        "altitude": 82,
        "id": 98827002
      }
    },
    {
      "type": "Feature",
      "geometry": {
        "type": "Point",
        "coordinates": [
          166.4915,
          -21.796333
        ]
      },
      "properties": {
        "name": "BORINDI",
        "altitude": 5,
        "id": 98829003
      }
    },
    {
      "type": "Feature",
      "geometry": {
        "type": "Point",
        "coordinates": [
          165.2545,
          -20.789333
        ]
      },
      "properties": {
        "name": "TOUHO AEROD",
        "altitude": 2,
        "id": 98830002
      }
    },
    {
      "type": "Feature",
      "geometry": {
        "type": "Point",
        "coordinates": [
          165.217833,
          -20.899167
        ]
      },
      "properties": {
        "name": "TIWAKA",
        "altitude": 14,
        "id": 98830003
      }
    },
    {
      "type": "Feature",
      "geometry": {
        "type": "Point",
        "coordinates": [
          164.6875,
          -20.950167
        ]
      },
      "properties": {
        "name": "VOH",
        "altitude": 6,
        "id": 98831001
      }
    },
    {
      "type": "Feature",
      "geometry": {
        "type": "Point",
        "coordinates": [
          166.939,
          -22.1565
        ]
      },
      "properties": {
        "name": "YATE MRIE",
        "altitude": 25,
        "id": 98832002
      }
    },
    {
      "type": "Feature",
      "geometry": {
        "type": "Point",
        "coordinates": [
          166.593167,
          -22.143833
        ]
      },
      "properties": {
        "name": "MTGNE SOURCES",
        "altitude": 773,
        "id": 98832004
      }
    },
    {
      "type": "Feature",
      "geometry": {
        "type": "Point",
        "coordinates": [
          166.6805,
          -21.984
        ]
      },
      "properties": {
        "name": "OUINNE",
        "altitude": 54,
        "id": 98832005
      }
    },
    {
      "type": "Feature",
      "geometry": {
        "type": "Point",
        "coordinates": [
          166.726333,
          -22.132667
        ]
      },
      "properties": {
        "name": "RIVIERE BLANCHE",
        "altitude": 171,
        "id": 98832006
      }
    },
    {
      "type": "Feature",
      "geometry": {
        "type": "Point",
        "coordinates": [
          166.9675,
          -22.269167
        ]
      },
      "properties": {
        "name": "GORO_ANCIENNE_PEPINIERE",
        "altitude": 298,
        "id": 98832101
      }
    },
    {
      "type": "Feature",
      "geometry": {
        "type": "Point",
        "coordinates": [
          165.767333,
          -21.4555
        ]
      },
      "properties": {
        "name": "MEA",
        "altitude": 571,
        "id": 98833002
      }
    }
  ]
}
